1711929600000,1.00340000,1.00760000,0.99840000,1.00020000,3023656.20000000,1711933199999,3033040.91699000,6671,1343879.00000000,1348603.43825000,0
1711933200000,1.00030000,1.00110000,0.99580000,0.99910000,1777106.10000000,1711936799999,1774280.08048000,4101,994756.00000000,993138.19818000,0
1711936800000,0.99920000,1.00190000,0.99790000,1.00140000,928406.10000000,1711940399999,928298.03151000,2470,382915.00000000,382909.27268000,0
1711940400000,1.00130000,1.00300000,0.99870000,0.99880000,1086897.20000000,1711943999999,1087907.80870000,3463,464244.40000000,464745.37821000,0
1711944000000,0.99880000,0.99950000,0.99460000,0.99510000,1281592.70000000,1711947599999,1277279.49831000,2970,666630.90000000,664447.49410000,0
1711947600000,0.99500000,0.99650000,0.95000000,0.95700000,13444793.60000000,1711951199999,13002120.58999000,34769,6267095.20000000,6057289.29426000,0
1711951200000,0.95710000,0.97250000,0.95220000,0.96920000,5899558.30000000,1711954799999,5688382.03487000,13710,2898398.10000000,2794555.48488000,0
1711954800000,0.96920000,0.97570000,0.96870000,0.97420000,2019685.10000000,1711958399999,1963318.85099000,4851,1030609.90000000,1001849.64780000,0
1711958400000,0.97420000,0.97420000,0.96230000,0.96630000,4819125.90000000,1711961999999,4665383.56990000,8984,2426677.00000000,2348909.93938000,0
1711962000000,0.96640000,0.97120000,0.96510000,0.96520000,2323583.60000000,1711965599999,2249959.15664000,4820,1127613.50000000,1091746.95022000,0
1711965600000,0.96530000,0.96620000,0.96150000,0.96460000,2605989.40000000,1711969199999,2511488.64707000,5342,1175134.20000000,1132521.23067000,0
1711969200000,0.96470000,0.96940000,0.95850000,0.95860000,2321487.90000000,1711972799999,2236777.57866000,5847,1162525.90000000,1120338.88679000,0
1711972800000,0.95870000,0.96610000,0.95790000,0.96610000,1730882.90000000,1711976399999,1666503.21275000,4693,882254.20000000,849223.48241000,0
1711976400000,0.96600000,0.97050000,0.95870000,0.96620000,2378328.80000000,1711979999999,2295062.31031000,5497,1122443.10000000,1082917.26136000,0
1711980000000,0.96590000,0.96850000,0.94380000,0.94580000,5342123.20000000,1711983599999,5089502.50917000,13788,2385985.20000000,2273521.59365000,0
1711983600000,0.94570000,0.95040000,0.93200000,0.93560000,10671133.00000000,1711987199999,10031143.16686000,21183,5032684.90000000,4731396.92186000,0
1711987200000,0.93570000,0.94190000,0.93410000,0.93500000,5269537.00000000,1711990799999,4939320.69079000,9486,2627287.10000000,2462626.06593000,0
1711990800000,0.93490000,0.93680000,0.92730000,0.93580000,4047347.30000000,1711994399999,3775467.94178000,8686,1791458.10000000,1671227.37467000,0
1711994400000,0.93580000,0.93700000,0.92600000,0.93620000,3085166.70000000,1711997999999,2872987.52961000,7612,1603558.60000000,1493127.82184000,0
1711998000000,0.93630000,0.94820000,0.93420000,0.94770000,2624821.10000000,1712001599999,2469485.70264000,5695,1343283.80000000,1263787.08068000,0
1712001600000,0.94780000,0.95130000,0.94300000,0.95060000,1932839.70000000,1712005199999,1830266.51138000,4270,1056625.10000000,1000901.57931000,0
1712005200000,0.95070000,0.95140000,0.94740000,0.94880000,1378130.50000000,1712008799999,1308095.47172000,3286,677154.60000000,642803.93681000,0
1712008800000,0.94880000,0.95210000,0.94690000,0.95050000,1599353.70000000,1712012399999,1519015.80189000,3682,825500.90000000,784195.82638000,0
1712012400000,0.95040000,0.95340000,0.94950000,0.95080000,780496.50000000,1712015999999,742872.29072000,2661,364225.20000000,346674.53428000,0
1712016000000,0.95090000,0.95090000,0.94020000,0.94590000,1839672.40000000,1712019599999,1738224.12208000,4887,954534.20000000,901649.83570000,0
1712019600000,0.94590000,0.94980000,0.94330000,0.94660000,1034686.50000000,1712023199999,980457.00291000,3266,485397.00000000,459962.33716000,0
1712023200000,0.94660000,0.94670000,0.90000000,0.92070000,12075969.70000000,1712026799999,11062198.28637000,34479,5235263.20000000,4796335.88280000,0
1712026800000,0.92050000,0.92350000,0.90930000,0.91340000,5223327.00000000,1712030399999,4783197.93592000,11779,2462306.60000000,2255193.09224000,0
1712030400000,0.91340000,0.91780000,0.90850000,0.91420000,3020552.80000000,1712033999999,2759345.73899000,6897,1354783.00000000,1237593.94063000,0
1712034000000,0.91390000,0.91450000,0.90410000,0.91350000,3363880.30000000,1712037599999,3056699.16300000,7506,1829836.40000000,1662193.23242000,0
1712037600000,0.91340000,0.92370000,0.91220000,0.92220000,2228774.20000000,1712041199999,2045811.38525000,5712,1104538.20000000,1014094.83177000,0
1712041200000,0.92230000,0.92400000,0.91530000,0.91550000,1937199.50000000,1712044799999,1782585.28519000,4892,789474.90000000,726411.55980000,0
1712044800000,0.91560000,0.91910000,0.90000000,0.90120000,3715323.50000000,1712048399999,3378076.31659000,10655,1673860.20000000,1522504.28769000,0
1712048400000,0.90110000,0.90980000,0.89430000,0.90800000,5830019.30000000,1712051999999,5259493.72953000,15421,2622959.30000000,2366997.66616000,0
1712052000000,0.90800000,0.90800000,0.89170000,0.90150000,4380416.90000000,1712055599999,3939829.35548000,12148,2020960.10000000,1818052.21191000,0
1712055600000,0.90140000,0.90420000,0.88520000,0.89870000,6531456.40000000,1712059199999,5829844.42398000,14601,3564173.10000000,3181579.18469000,0
1712059200000,0.89880000,0.90370000,0.89560000,0.89800000,2667098.80000000,1712062799999,2399948.99418000,7090,1221496.80000000,1099455.64307000,0
1712062800000,0.89790000,0.89990000,0.88570000,0.89510000,3890702.20000000,1712066399999,3470122.10196000,10550,1861975.70000000,1660707.09845000,0
1712066400000,0.89510000,0.91520000,0.89410000,0.90330000,5115924.50000000,1712069999999,4630854.20660000,11887,2853668.90000000,2582982.69697000,0
1712070000000,0.90340000,0.91020000,0.89190000,0.89410000,3610272.00000000,1712073599999,3258851.88437000,9629,1614460.00000000,1457901.36738000,0
1712073600000,0.89420000,0.90420000,0.88900000,0.90150000,3869490.40000000,1712077199999,3466674.59337000,10644,1917140.80000000,1717269.54075000,0
1712077200000,0.90150000,0.90440000,0.89720000,0.90250000,2109222.40000000,1712080799999,1898782.91169000,5631,1088890.90000000,980087.67806000,0
1712080800000,0.90250000,0.90620000,0.89990000,0.90390000,1921164.40000000,1712084399999,1735035.49221000,4800,951511.30000000,859352.09763000,0
1712084400000,0.90400000,0.90710000,0.90150000,0.90370000,1532368.00000000,1712087999999,1385956.51002000,4036,723213.20000000,654336.64030000,0
1712088000000,0.90360000,0.90980000,0.90000000,0.90250000,2915018.30000000,1712091599999,2637586.36492000,6116,1354469.00000000,1225441.55641000,0
1712091600000,0.90250000,0.90310000,0.89370000,0.89980000,1798902.80000000,1712095199999,1616841.65947000,5385,816699.00000000,734060.55003000,0
1712095200000,0.89980000,0.90560000,0.89810000,0.90530000,936029.90000000,1712098799999,844205.71706000,3836,460346.40000000,415178.69079000,0
1712098800000,0.90520000,0.90630000,0.89870000,0.90030000,1065809.70000000,1712102399999,960228.88247000,3677,536633.00000000,483450.13191000,0
1712102400000,0.90040000,0.90370000,0.87380000,0.89510000,7323856.60000000,1712105999999,6501340.34866000,18487,3379233.80000000,3000683.62531000,0
1712106000000,0.89500000,0.90780000,0.88540000,0.90590000,4038907.20000000,1712109599999,3622652.35515000,8675,1977203.40000000,1773957.25494000,0
1712109600000,0.90590000,0.90940000,0.90290000,0.90690000,1659444.10000000,1712113199999,1504639.97610000,4388,783742.00000000,710395.60896000,0
1712113200000,0.90680000,0.91040000,0.90280000,0.90950000,1621813.20000000,1712116799999,1472296.12751000,3556,766288.20000000,695723.08859000,0
1712116800000,0.90950000,0.91110000,0.90710000,0.90920000,2082782.80000000,1712120399999,1892899.64562000,3970,988196.00000000,898178.35862000,0
1712120400000,0.90940000,0.90980000,0.90370000,0.90730000,2579342.50000000,1712123999999,2340115.75554000,5593,1280551.40000000,1161459.78609000,0
1712124000000,0.90720000,0.91420000,0.90670000,0.91360000,1645837.30000000,1712127599999,1500742.98682000,4914,832279.90000000,758847.40405000,0
1712127600000,0.91360000,0.91540000,0.91050000,0.91190000,1831106.60000000,1712131199999,1671362.59281000,3938,807689.20000000,737200.46119000,0
1712131200000,0.91190000,0.92030000,0.90780000,0.91820000,2857934.70000000,1712134799999,2617201.32171000,5849,1476251.10000000,1351744.84456000,0
1712134800000,0.91810000,0.92330000,0.91540000,0.92060000,2822041.70000000,1712138399999,2592108.07447000,6684,1394684.50000000,1280976.42576000,0
1712138400000,0.92070000,0.92090000,0.91070000,0.91390000,2858567.10000000,1712141999999,2617689.42450000,7484,1244556.50000000,1139296.42408000,0
1712142000000,0.91380000,0.91380000,0.90430000,0.90770000,2907854.40000000,1712145599999,2640220.41476000,9110,1254313.10000000,1138450.36044000,0
1712145600000,0.90770000,0.90880000,0.89590000,0.89870000,2856221.50000000,1712149199999,2573314.30880000,9780,1387633.10000000,1249990.27628000,0
1712149200000,0.89870000,0.90270000,0.89150000,0.89610000,3099780.80000000,1712152799999,2777161.67797000,10669,1393056.30000000,1248328.14636000,0
1712152800000,0.89610000,0.91000000,0.89610000,0.90670000,3468503.90000000,1712156399999,3142378.89207000,12846,1839736.50000000,1666790.08672000,0
1712156400000,0.90670000,0.90690000,0.89340000,0.89740000,3101258.10000000,1712159999999,2788282.27318000,10830,1448988.00000000,1302606.62939000,0
1712160000000,0.89730000,0.90500000,0.89430000,0.89850000,2783229.80000000,1712163599999,2505957.71341000,9818,1258690.90000000,1133179.91071000,0
1712163600000,0.89840000,0.90080000,0.88940000,0.89280000,2771782.20000000,1712167199999,2478953.32499000,9816,1308047.40000000,1170541.80175000,0
1712167200000,0.89280000,0.89520000,0.88370000,0.89420000,2431370.40000000,1712170799999,2161169.65944000,10465,1149259.20000000,1021867.39686000,0
1712170800000,0.89430000,0.89600000,0.88630000,0.88980000,1724679.40000000,1712174399999,1534567.64231000,4804,754852.70000000,671655.36551000,0
1712174400000,0.88970000,0.89030000,0.88050000,0.88350000,2144447.30000000,1712177999999,1897426.14683000,7009,931031.40000000,823963.97830000,0
1712178000000,0.88360000,0.89150000,0.87550000,0.89020000,2626230.10000000,1712181599999,2315854.28187000,9309,1333124.70000000,1175667.07990000,0
1712181600000,0.89030000,0.89650000,0.89000000,0.89560000,2395407.10000000,1712185199999,2141062.81557000,6653,1149464.40000000,1027389.14769000,0
1712185200000,0.89560000,0.89820000,0.89450000,0.89500000,1138160.90000000,1712188799999,1019968.27954000,5781,526406.40000000,471731.06520000,0
1712188800000,0.89500000,0.90270000,0.89240000,0.90230000,2135530.80000000,1712192399999,1918190.43249000,7102,1039140.10000000,933585.88605000,0
1712192400000,0.90220000,0.90290000,0.89190000,0.89530000,1693373.90000000,1712195999999,1522039.23386000,5606,802512.20000000,721335.42339000,0
1712196000000,0.89520000,0.89550000,0.88200000,0.88800000,1918766.50000000,1712199599999,1703773.60139000,6006,858089.90000000,761858.87955000,0
1712199600000,0.88780000,0.88970000,0.88080000,0.88140000,2124748.00000000,1712203199999,1878322.01755000,6131,1016055.40000000,898415.42958000,0
1712203200000,0.88150000,0.88450000,0.87260000,0.88450000,3361440.60000000,1712206799999,2951518.26189000,7900,1481626.20000000,1301047.35043000,0
1712206800000,0.88450000,0.88800000,0.88260000,0.88700000,1428249.80000000,1712210399999,1264264.21431000,4753,742098.70000000,656953.67739000,0
1712210400000,0.88690000,0.89200000,0.88600000,0.89020000,1725066.00000000,1712213999999,1535283.58000000,6318,937560.60000000,834411.83375000,0
1712214000000,0.89010000,0.89820000,0.88810000,0.89390000,2976115.10000000,1712217599999,2661530.07251000,6903,1532593.00000000,1370000.30730000,0
1712217600000,0.89410000,0.89850000,0.89260000,0.89780000,1807629.20000000,1712221199999,1620450.07705000,6393,879334.90000000,788261.52670000,0
1712221200000,0.89780000,0.89970000,0.89570000,0.89880000,2088481.40000000,1712224799999,1875158.78761000,5249,1107324.40000000,994147.64030000,0
1712224800000,0.89870000,0.90110000,0.89590000,0.89690000,1643617.10000000,1712228399999,1476074.89602000,4886,850910.30000000,764392.57936000,0
1712228400000,0.89690000,0.89960000,0.89440000,0.89790000,1431265.10000000,1712231999999,1284444.40213000,3563,687740.10000000,617170.46156000,0
1712232000000,0.89790000,0.90400000,0.89710000,0.90340000,1947040.00000000,1712235599999,1754063.14368000,4218,1002282.90000000,902836.16531000,0
1712235600000,0.90340000,0.91290000,0.90330000,0.90970000,4038074.30000000,1712239199999,3670075.57646000,8492,2104473.30000000,1912968.64193000,0
1712239200000,0.90970000,0.91460000,0.90760000,0.91100000,2185371.40000000,1712242799999,1992079.28103000,5182,1019224.80000000,929129.11720000,0
1712242800000,0.91100000,0.91150000,0.90800000,0.91040000,1363582.00000000,1712246399999,1240687.23805000,3612,661980.00000000,602345.56706000,0
1712246400000,0.91050000,0.91590000,0.90910000,0.91100000,2111888.30000000,1712249999999,1927532.71027000,4509,922289.80000000,841750.35900000,0
1712250000000,0.91100000,0.91840000,0.90910000,0.91780000,1936871.10000000,1712253599999,1769591.42267000,4849,1153545.70000000,1054069.79125000,0
1712253600000,0.91760000,0.92260000,0.91120000,0.91270000,2286766.80000000,1712257199999,2098281.20215000,6138,1242199.90000000,1140336.69346000,0
1712257200000,0.91270000,0.91270000,0.90690000,0.90750000,2124620.60000000,1712260799999,1934401.79783000,4776,1008364.40000000,918063.86054000,0
1712260800000,0.90760000,0.90890000,0.88960000,0.90070000,5827123.40000000,1712264399999,5223416.93335000,11732,2946827.80000000,2641080.17067000,0
1712264400000,0.90060000,0.90300000,0.89550000,0.89990000,1730254.40000000,1712267999999,1556167.63020000,3829,783591.20000000,704725.48059000,0
1712268000000,0.89990000,0.90340000,0.89680000,0.90070000,1407413.50000000,1712271599999,1267634.80048000,3006,687171.90000000,618802.85236000,0
1712271600000,0.90080000,0.90560000,0.89930000,0.90550000,850791.60000000,1712275199999,768342.32213000,2229,470171.60000000,424602.68153000,0
1712275200000,0.90550000,0.90910000,0.89820000,0.90760000,1787098.70000000,1712278799999,1613294.36626000,3932,799355.80000000,721788.39105000,0
1712278800000,0.90760000,0.90760000,0.89420000,0.89880000,1724867.10000000,1712282399999,1551822.22608000,3916,902679.20000000,812032.39358000,0
1712282400000,0.89870000,0.89870000,0.88360000,0.88760000,2326157.30000000,1712285999999,2070321.98293000,5835,997891.90000000,888039.03064000,0
1712286000000,0.88740000,0.89890000,0.88700000,0.89860000,1820381.90000000,1712289599999,1626774.46140000,4118,949000.10000000,847760.56599000,0
1712289600000,0.89850000,0.89860000,0.88690000,0.89060000,1602442.90000000,1712293199999,1429558.23679000,3695,708532.70000000,632043.15022000,0
1712293200000,0.89060000,0.89170000,0.87570000,0.88540000,2875314.70000000,1712296799999,2535661.24090000,7564,1440461.00000000,1270449.23196000,0
1712296800000,0.88540000,0.88980000,0.88400000,0.88600000,1267830.10000000,1712300399999,1124763.62403000,2754,582269.80000000,516558.53792000,0
1712300400000,0.88600000,0.88830000,0.88030000,0.88590000,1667971.70000000,1712303999999,1476670.61266000,3528,726168.20000000,642730.56493000,0
1712304000000,0.88590000,0.89400000,0.88450000,0.88680000,2185975.50000000,1712307599999,1943267.78054000,4515,1131934.00000000,1005733.06296000,0
1712307600000,0.88670000,0.88690000,0.87400000,0.88240000,3159214.80000000,1712311199999,2780092.74513000,6632,1497528.20000000,1317954.35055000,0
1712311200000,0.88230000,0.88380000,0.87000000,0.88010000,3241217.00000000,1712314799999,2841137.63222000,6622,1488689.70000000,1305296.13045000,0
1712314800000,0.87990000,0.88170000,0.86710000,0.86830000,2208734.10000000,1712318399999,1930179.60880000,5669,986670.50000000,862398.01251000,0
1712318400000,0.86840000,0.87750000,0.86000000,0.87740000,6969586.40000000,1712321999999,6040386.68481000,13987,3198483.70000000,2772395.63037000,0
1712322000000,0.87740000,0.88250000,0.87030000,0.88100000,3857258.80000000,1712325599999,3379823.28912000,7782,2049397.60000000,1796316.46848000,0
1712325600000,0.88090000,0.88950000,0.87810000,0.88850000,2735654.60000000,1712329199999,2418929.95913000,6574,1326143.60000000,1173198.91612000,0
1712329200000,0.88840000,0.89050000,0.88320000,0.89000000,1866828.00000000,1712332799999,1656169.99168000,5216,901241.80000000,799747.65744000,0
1712332800000,0.88990000,0.89330000,0.88520000,0.88780000,2262140.90000000,1712336399999,2011078.86882000,5890,1117277.50000000,993294.04489000,0
1712336400000,0.88770000,0.88860000,0.88260000,0.88390000,1199576.20000000,1712339999999,1062507.72404000,3521,539857.10000000,478133.85866000,0
1712340000000,0.88390000,0.88840000,0.88060000,0.88820000,1481714.60000000,1712343599999,1311010.70088000,4288,623237.90000000,551331.26769000,0
1712343600000,0.88830000,0.89240000,0.88650000,0.88650000,1701033.70000000,1712347199999,1513810.18695000,4268,813117.70000000,723821.99496000,0
1712347200000,0.88650000,0.89260000,0.88640000,0.88860000,1044742.10000000,1712350799999,929032.20592000,3288,491837.10000000,437445.81892000,0
1712350800000,0.88850000,0.88960000,0.88550000,0.88550000,1079221.60000000,1712354399999,958617.93419000,3209,600831.60000000,533730.96515000,0
1712354400000,0.88550000,0.88660000,0.88290000,0.88330000,954934.90000000,1712357999999,845320.46764000,2744,488212.90000000,432190.79353000,0
1712358000000,0.88340000,0.88620000,0.88290000,0.88390000,811458.50000000,1712361599999,717797.78451000,2399,431259.10000000,381477.49468000,0
1712361600000,0.88390000,0.89140000,0.88090000,0.88760000,2235450.50000000,1712365199999,1978152.71600000,4622,1060250.80000000,938188.52244000,0
1712365200000,0.88770000,0.89200000,0.88700000,0.88780000,1039126.70000000,1712368799999,924573.92148000,2807,500228.80000000,445222.50951000,0
1712368800000,0.88780000,0.89070000,0.88560000,0.89030000,1036487.50000000,1712372399999,920338.87475000,2799,423364.30000000,375968.68657000,0
1712372400000,0.89030000,0.89610000,0.89020000,0.89420000,1216331.90000000,1712375999999,1086617.73148000,3188,496345.90000000,443463.69910000,0
1712376000000,0.89420000,0.89510000,0.89110000,0.89280000,1776994.80000000,1712379599999,1587080.84403000,3642,1119453.40000000,999817.92988000,0
1712379600000,0.89280000,0.89970000,0.89250000,0.89750000,1953127.10000000,1712383199999,1751439.75329000,4095,982694.80000000,881325.89216000,0
1712383200000,0.89740000,0.90030000,0.89590000,0.90000000,1148862.50000000,1712386799999,1031655.55780000,2847,507137.30000000,455317.05335000,0
1712386800000,0.90010000,0.90050000,0.89560000,0.89740000,1528749.50000000,1712390399999,1372824.52334000,3315,657057.60000000,590116.00744000,0
1712390400000,0.89740000,0.89960000,0.89500000,0.89900000,1903647.50000000,1712393999999,1707777.54100000,4059,601447.10000000,539565.47327000,0
1712394000000,0.89900000,0.90070000,0.89280000,0.89320000,1972784.80000000,1712397599999,1768578.28172000,4193,695357.90000000,623593.62589000,0
1712397600000,0.89320000,0.89480000,0.89200000,0.89430000,1252211.40000000,1712401199999,1118986.96347000,2793,462708.90000000,413439.96477000,0
1712401200000,0.89430000,0.89540000,0.89150000,0.89250000,1498511.80000000,1712404799999,1338725.63753000,3361,578479.70000000,516699.59924000,0
1712404800000,0.89260000,0.89310000,0.89010000,0.89220000,1310003.50000000,1712408399999,1168695.91074000,3348,546967.30000000,487948.39001000,0
1712408400000,0.89230000,0.89230000,0.88610000,0.88710000,1918590.30000000,1712411999999,1705150.13348000,4587,786850.20000000,699129.57933000,0
1712412000000,0.88710000,0.89410000,0.88610000,0.89310000,1679742.50000000,1712415599999,1493211.98092000,4766,876650.30000000,779439.99959000,0
1712415600000,0.89310000,0.89920000,0.89200000,0.89430000,4433666.80000000,1712419199999,3972448.41146000,5839,2483521.70000000,2224315.86823000,0
1712419200000,0.89430000,0.89730000,0.89370000,0.89700000,920604.50000000,1712422799999,824400.98261000,2291,486770.70000000,435906.04527000,0
1712422800000,0.89690000,0.89930000,0.89350000,0.89410000,2005905.50000000,1712426399999,1797160.93940000,3725,764610.90000000,684939.12642000,0
1712426400000,0.89410000,0.89630000,0.89250000,0.89410000,1079790.90000000,1712429999999,965864.29189000,2684,560420.40000000,501313.26517000,0
1712430000000,0.89400000,0.89590000,0.89240000,0.89300000,724138.20000000,1712433599999,647427.17618000,2666,362904.00000000,324505.48890000,0
1712433600000,0.89290000,0.89670000,0.89190000,0.89660000,580094.70000000,1712437199999,518675.08454000,1834,316020.10000000,282628.33814000,0
1712437200000,0.89670000,0.89810000,0.89250000,0.89260000,675316.30000000,1712440799999,604442.91099000,1906,236520.30000000,211677.90745000,0
1712440800000,0.89270000,0.90300000,0.89250000,0.90290000,1439858.40000000,1712444399999,1293068.15955000,3108,953769.70000000,856812.92017000,0
1712444400000,0.90280000,0.90650000,0.89650000,0.89730000,1935201.00000000,1712447999999,1746665.12390000,4561,1001241.40000000,904189.57929000,0
1712448000000,0.89710000,0.89930000,0.89380000,0.89870000,1268874.60000000,1712451599999,1137791.01723000,2964,587318.70000000,526705.68554000,0
1712451600000,0.89870000,0.90640000,0.89860000,0.90460000,1782552.90000000,1712455199999,1609441.64980000,3595,904927.50000000,817039.15485000,0
1712455200000,0.90470000,0.90770000,0.90200000,0.90200000,1561582.80000000,1712458799999,1412385.60466000,2972,817174.40000000,739225.79133000,0
1712458800000,0.90210000,0.90250000,0.89900000,0.90110000,3130910.30000000,1712462399999,2819170.10150000,5349,945036.60000000,851064.29818000,0
1712462400000,0.90110000,0.90330000,0.89880000,0.90060000,1139325.10000000,1712465999999,1027399.32935000,2078,680577.20000000,613695.06887000,0
1712466000000,0.90050000,0.90450000,0.90010000,0.90400000,1052744.00000000,1712469599999,950254.27133000,2208,672674.10000000,607188.18377000,0
1712469600000,0.90400000,0.90440000,0.89910000,0.90020000,1847628.60000000,1712473199999,1664837.14972000,3465,1036129.30000000,933807.08033000,0
1712473200000,0.90020000,0.90350000,0.89990000,0.90260000,879462.60000000,1712476799999,793077.00641000,1930,563845.90000000,508419.22961000,0
1712476800000,0.90250000,0.90620000,0.90180000,0.90610000,1009002.30000000,1712480399999,912496.84507000,2171,576145.60000000,521125.99724000,0
1712480400000,0.90610000,0.90690000,0.90190000,0.90240000,964173.80000000,1712483999999,872075.35724000,2213,492456.10000000,445477.58713000,0
1712484000000,0.90250000,0.90600000,0.90160000,0.90450000,829569.10000000,1712487599999,749903.03093000,2003,499608.50000000,451648.65667000,0
1712487600000,0.90460000,0.90710000,0.90310000,0.90670000,1077764.50000000,1712491199999,975946.17829000,2205,665641.00000000,602864.98121000,0
1712491200000,0.90680000,0.90990000,0.90550000,0.90830000,1296739.80000000,1712494799999,1176402.15620000,2926,759260.90000000,688927.89909000,0
1712494800000,0.90830000,0.91660000,0.90820000,0.91210000,2851279.40000000,1712498399999,2600681.53286000,5941,1708306.60000000,1557753.79423000,0
1712498400000,0.91210000,0.91620000,0.90920000,0.91510000,2215104.90000000,1712501999999,2020851.11410000,4592,1125800.90000000,1027153.38613000,0
1712502000000,0.91520000,0.91750000,0.90750000,0.90950000,3724782.50000000,1712505599999,3402353.58498000,6467,1875435.00000000,1713361.71250000,0
1712505600000,0.90960000,0.92500000,0.90840000,0.91680000,7080903.10000000,1712509199999,6505944.66214000,12000,3366697.60000000,3091085.13575000,0
1712509200000,0.91680000,0.91730000,0.91140000,0.91250000,1837554.30000000,1712512799999,1679554.74467000,3955,816245.90000000,746073.24585000,0
1712512800000,0.91260000,0.91310000,0.90580000,0.90960000,1739711.50000000,1712516399999,1581854.24399000,4654,840285.20000000,764073.73963000,0
1712516400000,0.90960000,0.91020000,0.90280000,0.90520000,1275913.30000000,1712519999999,1157354.74585000,3068,600703.20000000,544951.62462000,0
1712520000000,0.90510000,0.91030000,0.90420000,0.90930000,831766.10000000,1712523599999,755697.02105000,2256,386745.70000000,351399.68995000,0
1712523600000,0.90940000,0.91300000,0.90790000,0.90790000,1370035.70000000,1712527199999,1247622.99019000,2849,762245.20000000,694160.59325000,0
1712527200000,0.90780000,0.91180000,0.90500000,0.91150000,1279072.80000000,1712530799999,1162880.58091000,3308,642915.40000000,584572.20769000,0
1712530800000,0.91150000,0.91640000,0.90720000,0.91140000,2502200.60000000,1712534399999,2281585.59002000,4548,1065965.90000000,971693.59151000,0
1712534400000,0.91130000,0.91170000,0.90070000,0.90460000,1885224.60000000,1712537999999,1707431.02898000,4707,947649.90000000,858453.42724000,0
1712538000000,0.90450000,0.90780000,0.89900000,0.90040000,2037669.90000000,1712541599999,1841059.26929000,4475,915470.90000000,827279.17401000,0
1712541600000,0.90030000,0.90180000,0.89500000,0.89660000,1747711.20000000,1712545199999,1570479.00133000,3887,857930.00000000,771035.49263000,0
1712545200000,0.89660000,0.89670000,0.89080000,0.89430000,1319417.40000000,1712548799999,1179660.28304000,3705,749550.90000000,670157.91309000,0
1712548800000,0.89440000,0.89470000,0.89000000,0.89330000,1507121.00000000,1712552399999,1344689.68433000,2999,698219.00000000,623110.80871000,0
1712552400000,0.89330000,0.89930000,0.89330000,0.89850000,909290.10000000,1712555999999,815286.20010000,2209,524712.90000000,470586.31169000,0
1712556000000,0.89850000,0.89970000,0.89470000,0.89750000,1212256.00000000,1712559599999,1087608.29256000,2627,580921.60000000,521120.75774000,0
1712559600000,0.89750000,0.91810000,0.89720000,0.91570000,3825827.60000000,1712563199999,3482077.42080000,8292,2033903.20000000,1850027.27875000,0
1712563200000,0.91580000,0.93170000,0.91440000,0.92790000,8432471.30000000,1712566799999,7794964.75364000,15492,4630593.10000000,4281500.30688000,0
1712566800000,0.92780000,0.93770000,0.92600000,0.93520000,6335145.70000000,1712570399999,5906801.48961000,13778,3507162.40000000,3270376.82573000,0
1712570400000,0.93510000,0.93770000,0.93330000,0.93610000,2766974.50000000,1712573999999,2588678.59575000,6065,1330025.70000000,1244322.48527000,0
1712574000000,0.93600000,0.93650000,0.93250000,0.93560000,2478490.80000000,1712577599999,2315842.14251000,5187,1215731.90000000,1135998.44841000,0
1712577600000,0.93550000,0.93990000,0.93200000,0.93280000,2983804.20000000,1712581199999,2793104.12793000,6358,1482360.20000000,1388121.50694000,0
1712581200000,0.93280000,0.94040000,0.93130000,0.93730000,3609981.10000000,1712584799999,3380754.49017000,7202,1623805.90000000,1520646.20343000,0
1712584800000,0.93720000,0.93930000,0.92850000,0.93930000,3588633.70000000,1712588399999,3354263.89958000,8131,1709412.10000000,1598263.63168000,0
1712588400000,0.93930000,0.94250000,0.93620000,0.94060000,3957389.40000000,1712591999999,3720058.78383000,8361,2085451.60000000,1960630.89895000,0
1712592000000,0.94060000,0.94440000,0.93890000,0.94160000,3140023.10000000,1712595599999,2959209.64968000,6922,1403580.00000000,1323018.06228000,0
1712595600000,0.94160000,0.94420000,0.93810000,0.94230000,2186775.20000000,1712599199999,2057211.82311000,4148,1141363.30000000,1073732.20288000,0
1712599200000,0.94240000,0.94890000,0.94180000,0.94490000,2583407.00000000,1712602799999,2443777.25748000,5907,1288256.30000000,1218617.11612000,0
1712602800000,0.94480000,0.94510000,0.93790000,0.94090000,3903634.00000000,1712606399999,3670999.75982000,5601,1763758.30000000,1658121.82698000,0
1712606400000,0.94100000,0.94220000,0.93920000,0.94220000,1723233.90000000,1712609999999,1620520.10397000,3682,840462.20000000,790384.79848000,0
1712610000000,0.94220000,0.94650000,0.94180000,0.94570000,1899448.70000000,1712613599999,1794216.29527000,3294,939400.40000000,887336.10638000,0
1712613600000,0.94560000,0.94810000,0.94340000,0.94760000,1414242.80000000,1712617199999,1337595.83247000,3492,618261.60000000,584946.57061000,0
1712617200000,0.94760000,0.94890000,0.94480000,0.94730000,1310668.30000000,1712620799999,1241228.92766000,2755,605676.20000000,573544.99820000,0
1712620800000,0.94740000,0.94980000,0.93930000,0.94090000,2134742.40000000,1712624399999,2018259.45842000,5539,932529.40000000,881688.15868000,0
1712624400000,0.94080000,0.94140000,0.93320000,0.93890000,3536125.80000000,1712627999999,3313624.62696000,7625,1909924.50000000,1789696.35076000,0
1712628000000,0.93890000,0.94790000,0.93830000,0.94280000,1599537.70000000,1712631599999,1509920.45232000,4237,822076.50000000,775983.00562000,0
1712631600000,0.94280000,0.94680000,0.93780000,0.94060000,1389307.90000000,1712635199999,1309107.24184000,3716,652424.20000000,614762.09595000,0
1712635200000,0.94070000,0.94350000,0.93600000,0.94260000,822033.00000000,1712638799999,772554.05467000,2520,409847.90000000,385046.08690000,0
1712638800000,0.94260000,0.94590000,0.93980000,0.94290000,1242392.10000000,1712642399999,1171342.64084000,2930,642571.90000000,605796.97074000,0
1712642400000,0.94290000,0.94460000,0.93020000,0.93300000,4206708.10000000,1712645999999,3940875.88863000,7354,1969038.90000000,1844038.49532000,0
1712646000000,0.93290000,0.93590000,0.92510000,0.92810000,5305331.80000000,1712649599999,4932190.33578000,9340,2360295.20000000,2194027.64656000,0
1712649600000,0.92810000,0.93770000,0.91410000,0.93700000,6922511.10000000,1712653199999,6394850.93041000,14515,3018469.30000000,2788530.96382000,0
1712653200000,0.93700000,0.94190000,0.93460000,0.93660000,2968047.30000000,1712656799999,2787630.80543000,6139,1279237.20000000,1201521.35994000,0
1712656800000,0.93650000,0.93940000,0.93280000,0.93770000,2261946.80000000,1712660399999,2119268.03290000,4548,844993.00000000,791306.38168000,0
1712660400000,0.93760000,0.94600000,0.93720000,0.94580000,2617480.30000000,1712663999999,2466866.91297000,5183,1167790.60000000,1100128.01166000,0
1712664000000,0.94590000,0.95020000,0.93840000,0.94300000,4039987.80000000,1712667599999,3817261.76404000,8206,2037159.60000000,1925129.52074000,0
1712667600000,0.94300000,0.94420000,0.92460000,0.92480000,4546664.80000000,1712671199999,4247493.94744000,9921,2040133.70000000,1906070.99316000,0
1712671200000,0.92480000,0.93260000,0.90490000,0.91480000,9119241.80000000,1712674799999,8349998.27327000,19117,4363001.60000000,3994374.04346000,0
1712674800000,0.91490000,0.91540000,0.90150000,0.90860000,5542178.40000000,1712678399999,5027710.47413000,9935,2570628.70000000,2332075.79180000,0
1712678400000,0.90860000,0.91020000,0.89970000,0.90110000,3202932.50000000,1712681999999,2898367.91493000,6799,1491383.60000000,1349905.76514000,0
1712682000000,0.90120000,0.90490000,0.89350000,0.90380000,3412567.70000000,1712685599999,3071403.42516000,7631,1716937.50000000,1545612.64717000,0
1712685600000,0.90390000,0.90690000,0.90190000,0.90420000,1584654.50000000,1712689199999,1433482.20151000,3387,767574.30000000,694381.07971000,0
1712689200000,0.90410000,0.90900000,0.90150000,0.90780000,1084716.60000000,1712692799999,981946.63649000,2913,556564.80000000,503909.91430000,0
1712692800000,0.90760000,0.91250000,0.90670000,0.90790000,1126166.80000000,1712696399999,1024547.43415000,2857,524116.20000000,476883.15457000,0
1712696400000,0.90800000,0.90810000,0.90160000,0.90450000,1083662.50000000,1712699999999,979934.03492000,2929,496483.80000000,448929.40689000,0
1712700000000,0.90440000,0.90690000,0.90080000,0.90480000,1216912.50000000,1712703599999,1099610.28626000,2594,609712.20000000,551014.57443000,0
1712703600000,0.90480000,0.90480000,0.89410000,0.89740000,1868825.80000000,1712707199999,1678309.22273000,4288,722367.90000000,648471.89667000,0
1712707200000,0.89740000,0.90280000,0.89460000,0.89570000,2192678.10000000,1712710799999,1969043.51870000,4302,1034564.00000000,928749.90778000,0
1712710800000,0.89550000,0.89560000,0.88190000,0.89230000,5177694.80000000,1712714399999,4593659.66811000,10550,2452306.10000000,2175364.63336000,0
1712714400000,0.89240000,0.89640000,0.87230000,0.87580000,5535689.40000000,1712717999999,4883131.28306000,11160,2839307.00000000,2505426.91944000,0
1712718000000,0.87570000,0.88350000,0.87080000,0.88350000,4651154.50000000,1712721599999,4074733.96595000,9381,2402910.60000000,2105107.67236000,0
1712721600000,0.88350000,0.88520000,0.88070000,0.88500000,1693745.10000000,1712725199999,1495971.21058000,3579,854703.70000000,754800.50510000,0
1712725200000,0.88510000,0.89290000,0.88470000,0.89020000,1748894.60000000,1712728799999,1554767.23061000,4198,871553.90000000,775235.75315000,0
1712728800000,0.89020000,0.89810000,0.88800000,0.89360000,2998960.40000000,1712732399999,2684725.05862000,5073,1768225.10000000,1583254.56074000,0
1712732400000,0.89360000,0.89520000,0.89000000,0.89130000,1176762.70000000,1712735999999,1049962.36890000,2679,576412.60000000,514300.39885000,0
1712736000000,0.89120000,0.89130000,0.88190000,0.88610000,2447877.50000000,1712739599999,2170119.05765000,5153,1199164.20000000,1062989.64144000,0
1712739600000,0.88610000,0.88950000,0.88130000,0.88530000,1581079.50000000,1712743199999,1398568.83242000,3769,802338.60000000,709438.45350000,0
1712743200000,0.88530000,0.88860000,0.87550000,0.88370000,5272963.20000000,1712746799999,4647024.22859000,9772,2541945.20000000,2240711.48870000,0
1712746800000,0.88380000,0.88650000,0.88140000,0.88550000,1884278.60000000,1712750399999,1666326.96019000,5000,940883.10000000,831971.50002000,0
1712750400000,0.88560000,0.88790000,0.85180000,0.86950000,14020689.80000000,1712753999999,12197906.06857000,35172,6340371.20000000,5516557.28083000,0
1712754000000,0.86930000,0.86930000,0.86070000,0.86860000,3008077.80000000,1712757599999,2601425.13148000,8188,1539358.60000000,1331341.41576000,0
1712757600000,0.86880000,0.87700000,0.86390000,0.87320000,3966485.60000000,1712761199999,3457936.49740000,10975,1885312.70000000,1643959.85681000,0
1712761200000,0.87310000,0.87430000,0.86640000,0.87020000,2199631.30000000,1712764799999,1913325.36683000,6466,1091485.70000000,949460.79673000,0
1712764800000,0.87020000,0.88740000,0.86520000,0.88480000,4529919.70000000,1712768399999,3975555.21242000,9739,2501864.30000000,2197265.65311000,0
1712768400000,0.88470000,0.88800000,0.87970000,0.88310000,3151797.60000000,1712771999999,2785269.10493000,6954,1544299.20000000,1364706.80912000,0
1712772000000,0.88320000,0.88350000,0.86970000,0.87420000,2184435.90000000,1712775599999,1914288.62284000,6632,1094678.50000000,959151.93429000,0
1712775600000,0.87420000,0.88420000,0.87260000,0.88420000,3870703.00000000,1712779199999,3405848.62205000,7422,2191484.50000000,1928224.49435000,0
1712779200000,0.88420000,0.88780000,0.88220000,0.88350000,2211122.20000000,1712782799999,1956341.90903000,5278,1177650.00000000,1042015.34974000,0
1712782800000,0.88350000,0.88630000,0.88010000,0.88500000,1063316.90000000,1712786399999,938767.76176000,2746,556168.80000000,491131.07058000,0
1712786400000,0.88490000,0.89490000,0.88490000,0.88820000,2519963.90000000,1712789999999,2245132.46639000,6316,1459443.70000000,1300568.11033000,0
1712790000000,0.88820000,0.89040000,0.88540000,0.88730000,918815.50000000,1712793599999,815105.73763000,2565,476865.80000000,423076.79910000,0
1712793600000,0.88730000,0.88750000,0.88140000,0.88550000,1574243.70000000,1712797199999,1391522.88909000,4107,819158.20000000,724153.40525000,0
1712797200000,0.88540000,0.88660000,0.87860000,0.88000000,1735107.80000000,1712800799999,1529323.43296000,3556,861427.00000000,759089.79172000,0
1712800800000,0.88000000,0.88670000,0.87870000,0.88480000,1595212.20000000,1712804399999,1406680.06436000,3739,855472.80000000,754231.68639000,0
1712804400000,0.88460000,0.88640000,0.88130000,0.88600000,1114337.40000000,1712807999999,984825.91622000,2399,634975.40000000,561263.82485000,0
1712808000000,0.88590000,0.88670000,0.87820000,0.88190000,1166050.40000000,1712811599999,1027265.77363000,3890,534708.40000000,471000.01437000,0
1712811600000,0.88180000,0.88620000,0.88130000,0.88560000,1324508.60000000,1712815199999,1170727.00433000,2648,576192.10000000,509406.07677000,0
1712815200000,0.88570000,0.89050000,0.88540000,0.88980000,1316040.70000000,1712818799999,1169762.94540000,3053,693525.30000000,616423.97971000,0
1712818800000,0.88980000,0.89470000,0.88970000,0.89070000,1603520.50000000,1712822399999,1430107.93189000,3480,744812.80000000,664226.22211000,0
1712822400000,0.89070000,0.89610000,0.89030000,0.89330000,1670114.80000000,1712825999999,1492747.04357000,3820,898346.30000000,802907.12716000,0
1712826000000,0.89320000,0.89360000,0.88430000,0.88460000,1925965.40000000,1712829599999,1710664.85654000,4141,929693.60000000,825600.56601000,0
1712829600000,0.88470000,0.88710000,0.88150000,0.88180000,1131871.80000000,1712833199999,1000970.66481000,3137,513861.10000000,454508.92810000,0
1712833200000,0.88190000,0.88190000,0.87000000,0.87120000,2195206.90000000,1712836799999,1925295.12870000,5122,910994.10000000,799131.55132000,0
1712836800000,0.87130000,0.88160000,0.86900000,0.87820000,3571551.90000000,1712840399999,3130351.78272000,7394,1783721.80000000,1563091.63383000,0
1712840400000,0.87820000,0.88250000,0.86400000,0.87260000,6821263.30000000,1712843999999,5944586.75518000,12768,3211788.50000000,2800037.70657000,0
1712844000000,0.87260000,0.87310000,0.86150000,0.86800000,5936763.90000000,1712847599999,5154321.44875000,10237,3147946.90000000,2733171.84898000,0
1712847600000,0.86800000,0.87410000,0.86710000,0.87190000,2810448.70000000,1712851199999,2446511.98418000,5189,1427550.00000000,1242633.90569000,0
1712851200000,0.87190000,0.87450000,0.86100000,0.87040000,5263917.10000000,1712854799999,4563330.32276000,7379,2778267.90000000,2408930.47672000,0
1712854800000,0.87050000,0.87700000,0.86990000,0.87530000,3626874.70000000,1712858399999,3168931.97416000,5281,2008885.40000000,1754984.05128000,0
1712858400000,0.87530000,0.87760000,0.87090000,0.87490000,1390932.60000000,1712861999999,1216487.86032000,3182,660523.70000000,577599.85131000,0
1712862000000,0.87490000,0.87840000,0.87220000,0.87730000,1115746.50000000,1712865599999,976917.22295000,2521,622654.20000000,545167.07473000,0
1712865600000,0.87730000,0.88460000,0.87570000,0.88180000,2299355.10000000,1712869199999,2026812.68950000,3935,1282335.80000000,1130086.13603000,0
1712869200000,0.88190000,0.88410000,0.87580000,0.87710000,1686739.70000000,1712872799999,1483126.08227000,3271,669677.90000000,588320.45530000,0
1712872800000,0.87710000,0.87920000,0.87590000,0.87840000,1049816.60000000,1712876399999,921424.95081000,2081,502543.10000000,441098.21227000,0
1712876400000,0.87820000,0.87930000,0.87410000,0.87800000,1413601.70000000,1712879999999,1240218.21854000,2719,680535.00000000,596942.52119000,0
1712880000000,0.87800000,0.88280000,0.87750000,0.88190000,992534.00000000,1712883599999,873674.32094000,2635,496773.30000000,437235.69922000,0
1712883600000,0.88180000,0.88300000,0.87900000,0.88050000,1217897.60000000,1712887199999,1072811.23216000,2303,544216.10000000,479480.96214000,0
1712887200000,0.88030000,0.88630000,0.87900000,0.88380000,1267985.20000000,1712890799999,1120649.02774000,2672,720449.00000000,636692.04557000,0
1712890800000,0.88390000,0.88800000,0.88380000,0.88800000,1212443.10000000,1712894399999,1074010.59010000,2693,661640.70000000,586073.19937000,0
1712894400000,0.88810000,0.89420000,0.88620000,0.89320000,1482264.20000000,1712897999999,1320079.27205000,3256,802826.70000000,714853.36574000,0
1712898000000,0.89310000,0.89310000,0.88520000,0.88850000,2232127.00000000,1712901599999,1983175.21315000,4277,1156379.00000000,1027276.52862000,0
1712901600000,0.88850000,0.88900000,0.88330000,0.88410000,1556748.00000000,1712905199999,1378261.36155000,3822,698914.90000000,618653.77258000,0
1712905200000,0.88420000,0.88610000,0.87930000,0.88110000,1997394.60000000,1712908799999,1762775.59343000,4192,1043818.00000000,921321.39195000,0
1712908800000,0.88110000,0.88430000,0.87920000,0.88390000,2241576.20000000,1712912399999,1977179.54349000,4349,1339060.00000000,1181356.01283000,0
1712912400000,0.88390000,0.88530000,0.87820000,0.88020000,1154346.50000000,1712915999999,1018048.42436000,2854,511242.70000000,450877.55968000,0
1712916000000,0.88020000,0.88120000,0.87590000,0.88050000,1453852.80000000,1712919599999,1277615.63383000,3879,706437.40000000,620919.56079000,0
1712919600000,0.88050000,0.88260000,0.87960000,0.88000000,845558.10000000,1712923199999,745079.08503000,2668,514831.60000000,453658.54120000,0
1712923200000,0.88000000,0.88000000,0.86750000,0.86950000,3357617.50000000,1712926799999,2930355.59037000,7370,1700418.80000000,1483379.37570000,0
1712926800000,0.86940000,0.86940000,0.84690000,0.85420000,9486963.40000000,1712930399999,8116540.68353000,18850,4435738.60000000,3796985.89233000,0
1712930400000,0.85420000,0.85690000,0.84290000,0.84620000,4950056.20000000,1712933999999,4204616.43616000,11205,2458182.90000000,2088212.50018000,0
1712934000000,0.84630000,0.85060000,0.84150000,0.84500000,3279735.50000000,1712937599999,2773841.26501000,8310,1577600.50000000,1334272.30304000,0
1712937600000,0.84490000,0.84850000,0.83230000,0.83830000,7734954.40000000,1712941199999,6498726.09685000,13470,3829548.80000000,3217314.39200000,0
1712941200000,0.83820000,0.83960000,0.78100000,0.79910000,29144289.10000000,1712944799999,23535562.60422000,56795,14157815.20000000,11429428.09065000,0
1712944800000,0.79900000,0.80190000,0.72310000,0.74110000,44582257.20000000,1712948399999,33832740.65245000,82899,20507727.60000000,15587265.88035000,0
1712948400000,0.74110000,0.75420000,0.73490000,0.74620000,34570311.10000000,1712951999999,25741817.41967000,62913,17891552.70000000,13321919.59800000,0
1712952000000,0.74620000,0.76050000,0.74410000,0.75910000,10440478.50000000,1712955599999,7887930.63931000,23093,5280281.90000000,3988786.13953000,0
1712955600000,0.75920000,0.76540000,0.75380000,0.76520000,4342482.30000000,1712959199999,3301893.71789000,10505,2046828.00000000,1556403.37516000,0
1712959200000,0.76510000,0.76680000,0.75650000,0.76160000,4592286.10000000,1712962799999,3497950.48618000,10392,2174169.40000000,1655947.47546000,0
1712962800000,0.76150000,0.76840000,0.75710000,0.76540000,4181629.50000000,1712966399999,3188542.23104000,8672,1965819.90000000,1498980.21773000,0
1712966400000,0.76540000,0.77070000,0.76040000,0.76360000,5552336.60000000,1712969999999,4248665.08509000,10899,2847395.10000000,2178927.47911000,0
1712970000000,0.76360000,0.76540000,0.73920000,0.74240000,9106232.30000000,1712973599999,6853743.96628000,17371,4293340.10000000,3229576.01826000,0
1712973600000,0.74240000,0.75530000,0.74210000,0.75170000,5942310.60000000,1712977199999,4453020.76448000,10939,3135052.50000000,2349252.33685000,0
1712977200000,0.75170000,0.75870000,0.74830000,0.75850000,3963023.00000000,1712980799999,2989445.80049000,7985,2086453.70000000,1574311.68560000,0
1712980800000,0.75840000,0.77080000,0.75500000,0.76840000,3970161.90000000,1712984399999,3029831.72441000,7221,1963494.60000000,1498450.56486000,0
1712984400000,0.76840000,0.77250000,0.76590000,0.76650000,3367974.20000000,1712987999999,2589765.76468000,5593,1573683.00000000,1210271.32423000,0
1712988000000,0.76640000,0.77250000,0.76550000,0.77140000,2386700.30000000,1712991599999,1835826.87403000,4879,1168984.40000000,899316.31423000,0
1712991600000,0.77140000,0.77230000,0.76160000,0.76300000,3257536.90000000,1712995199999,2495589.30109000,6385,1702523.70000000,1304202.03150000,0
1712995200000,0.76300000,0.76480000,0.75620000,0.75670000,4010710.70000000,1712998799999,3051292.21915000,7636,1605166.90000000,1221206.42121000,0
1712998800000,0.75670000,0.76310000,0.75530000,0.75950000,3687690.50000000,1713002399999,2800822.90111000,7294,1755398.10000000,1333235.79506000,0
1713002400000,0.75960000,0.76540000,0.75640000,0.76450000,4218011.60000000,1713005999999,3207105.44965000,6364,2030139.50000000,1543500.51229000,0
1713006000000,0.76440000,0.77040000,0.75890000,0.76050000,3173188.90000000,1713009599999,2425839.14313000,6793,1529773.00000000,1169289.62820000,0
1713009600000,0.76050000,0.77000000,0.75720000,0.76460000,4339630.30000000,1713013199999,3315933.68929000,7199,2178148.30000000,1664613.74113000,0
1713013200000,0.76460000,0.76830000,0.75890000,0.76070000,3374332.80000000,1713016799999,2576388.38004000,5945,1540297.20000000,1176068.93399000,0
1713016800000,0.76070000,0.76130000,0.75130000,0.75490000,4106879.70000000,1713020399999,3106926.05367000,8608,1711804.70000000,1295060.04590000,0
1713020400000,0.75490000,0.76400000,0.75110000,0.75200000,4710231.90000000,1713023999999,3565648.89017000,8364,2221813.40000000,1681900.29853000,0
1713024000000,0.75210000,0.75420000,0.73410000,0.73660000,13811601.10000000,1713027599999,10270267.99227000,23542,6257836.80000000,4651741.76084000,0
1713027600000,0.73650000,0.73720000,0.70010000,0.70810000,29134902.60000000,1713031199999,20917270.02635000,51188,13663721.20000000,9810298.01860000,0
1713031200000,0.70810000,0.72410000,0.69960000,0.72220000,18968291.30000000,1713034799999,13486412.30366000,31097,8846332.10000000,6290553.47318000,0
1713034800000,0.72220000,0.72440000,0.65020000,0.67130000,22566295.50000000,1713038399999,15574693.34394000,42382,9984311.40000000,6894852.02397000,0
1713038400000,0.67160000,0.67710000,0.60000000,0.61080000,73024218.70000000,1713041999999,45639059.95385000,136502,34842264.40000000,21773704.08276000,0
1713042000000,0.61090000,0.63370000,0.58850000,0.63130000,30998725.90000000,1713045599999,19027367.40877000,62074,15753325.50000000,9668728.50999000,0
1713045600000,0.63120000,0.65620000,0.62140000,0.64800000,22648503.80000000,1713049199999,14529206.70006000,42371,11078429.30000000,7111186.62582000,0
1713049200000,0.64820000,0.65960000,0.64660000,0.65300000,12440598.10000000,1713052799999,8138925.56516000,24226,6703046.90000000,4385180.35603000,0
1713052800000,0.65300000,0.65500000,0.63080000,0.63940000,12679763.40000000,1713056399999,8172355.52267000,24255,6638920.20000000,4279254.48695000,0
1713056400000,0.63930000,0.65270000,0.63280000,0.64740000,7765763.50000000,1713059999999,4991391.88739000,15952,4168529.20000000,2679243.48688000,0
1713060000000,0.64740000,0.65060000,0.64010000,0.64610000,5037185.00000000,1713063599999,3248305.81138000,10774,2290039.30000000,1476659.91366000,0
1713063600000,0.64610000,0.64930000,0.63150000,0.64830000,7468191.50000000,1713067199999,4789933.39151000,14566,3772037.20000000,2419583.99890000,0
1713067200000,0.64840000,0.67080000,0.64490000,0.66880000,7892129.40000000,1713070799999,5216873.27732000,15136,4134125.70000000,2732475.31697000,0
1713070800000,0.66880000,0.68630000,0.66690000,0.68390000,9377954.80000000,1713074399999,6350734.47125000,18292,4777385.20000000,3236906.43419000,0
1713074400000,0.68390000,0.69610000,0.67970000,0.69570000,6369995.40000000,1713077999999,4386370.73823000,11884,2994674.50000000,2063028.09890000,0
1713078000000,0.69580000,0.69980000,0.68820000,0.69970000,7647399.70000000,1713081599999,5308890.71665000,12055,3839311.80000000,2664455.21775000,0
1713081600000,0.69960000,0.70080000,0.69180000,0.69440000,4461967.20000000,1713085199999,3111203.47563000,7836,2270379.00000000,1583508.12900000,0
1713085200000,0.69410000,0.69850000,0.68720000,0.68940000,6978892.00000000,1713088799999,4836479.91229000,11966,3030715.90000000,2100062.87936000,0
1713088800000,0.68940000,0.69670000,0.68760000,0.69380000,3458460.40000000,1713092399999,2393603.84831000,6358,1805583.70000000,1249602.26786000,0
1713092400000,0.69390000,0.69630000,0.67460000,0.67830000,5776533.20000000,1713095999999,3947714.00072000,11119,2801914.50000000,1914587.11453000,0
1713096000000,0.67830000,0.69180000,0.67600000,0.68500000,5669179.20000000,1713099599999,3873884.45514000,10495,2708414.80000000,1851244.14334000,0
1713099600000,0.68510000,0.69210000,0.67760000,0.67820000,7237293.40000000,1713103199999,4954138.21929000,13370,3637561.20000000,2489821.28371000,0
1713103200000,0.67810000,0.68640000,0.66910000,0.67750000,10604861.30000000,1713106799999,7171624.45094000,17652,5033598.40000000,3403705.95273000,0
1713106800000,0.67710000,0.68820000,0.67640000,0.68150000,7682206.80000000,1713110399999,5237027.93116000,13635,3595672.80000000,2451402.94149000,0
1713110400000,0.68150000,0.69510000,0.67970000,0.68810000,7234791.00000000,1713113999999,4980727.29174000,12641,3646397.80000000,2510314.89660000,0
1713114000000,0.68810000,0.69380000,0.66120000,0.67820000,19451204.90000000,1713117599999,13170345.37869000,30934,9785405.80000000,6624959.27459000,0
1713117600000,0.67820000,0.69470000,0.67600000,0.69180000,8087467.60000000,1713121199999,5557323.88841000,14781,4149067.30000000,2850664.15930000,0
1713121200000,0.69140000,0.69430000,0.68280000,0.68450000,3987343.90000000,1713124799999,2736653.57205000,8096,2095048.10000000,1437898.77224000,0
1713124800000,0.68440000,0.69030000,0.67270000,0.67510000,4886831.50000000,1713128399999,3326283.47021000,9532,2686698.20000000,1828578.70594000,0
1713128400000,0.67510000,0.67940000,0.67160000,0.67670000,2183967.50000000,1713131999999,1473421.31862000,4650,1111396.30000000,749822.05793000,0
1713132000000,0.67670000,0.71300000,0.67670000,0.71170000,7668679.00000000,1713135599999,5357431.67977000,16564,3951756.80000000,2760951.41723000,0
1713135600000,0.71170000,0.71850000,0.70950000,0.71050000,3724091.00000000,1713139199999,2661088.30242000,8460,1951867.70000000,1394996.15366000,0
1713139200000,0.71060000,0.71110000,0.69850000,0.70060000,3895391.00000000,1713142799999,2746203.54084000,7896,1785022.80000000,1258562.97454000,0
1713142800000,0.70050000,0.70810000,0.69460000,0.70690000,3578141.30000000,1713146399999,2509889.75548000,6735,1767317.70000000,1239601.20918000,0
1713146400000,0.70700000,0.70700000,0.69430000,0.69850000,2628606.00000000,1713149999999,1840391.07125000,5389,1228829.20000000,860122.05715000,0
1713150000000,0.69860000,0.70620000,0.69640000,0.70330000,2958536.50000000,1713153599999,2079143.33757000,5673,1492419.80000000,1048728.10862000,0
1713153600000,0.70340000,0.70560000,0.69480000,0.70250000,2634819.80000000,1713157199999,1842690.58199000,4572,1213127.20000000,848299.54736000,0
1713157200000,0.70250000,0.71860000,0.70240000,0.71820000,3626858.50000000,1713160799999,2576609.64380000,6463,1942952.10000000,1380356.93500000,0
1713160800000,0.71810000,0.74470000,0.71580000,0.74270000,9456612.70000000,1713164399999,6937804.84069000,16314,5097002.30000000,3735965.25597000,0
1713164400000,0.74270000,0.74880000,0.73600000,0.74580000,5004315.10000000,1713167999999,3719322.62593000,9767,2521554.40000000,1873997.31074000,0
1713168000000,0.74580000,0.74960000,0.74090000,0.74250000,3383596.50000000,1713171599999,2522809.60373000,6307,1637202.10000000,1220343.91187000,0
1713171600000,0.74260000,0.74910000,0.73840000,0.74460000,3337321.00000000,1713175199999,2480353.86203000,5466,1827907.40000000,1358510.33844000,0
1713175200000,0.74470000,0.75160000,0.74280000,0.74880000,3042975.60000000,1713178799999,2276165.94359000,5411,1465006.60000000,1095880.97777000,0
1713178800000,0.74880000,0.75190000,0.73960000,0.74050000,3199203.20000000,1713182399999,2380897.67181000,6766,1414202.60000000,1052585.33698000,0
1713182400000,0.74050000,0.74440000,0.73730000,0.74140000,2268643.30000000,1713185999999,1680935.87414000,4847,1065181.80000000,789239.99197000,0
1713186000000,0.74150000,0.74560000,0.73280000,0.73410000,3229542.50000000,1713189599999,2391485.97080000,6456,1525160.00000000,1129802.58584000,0
1713189600000,0.73430000,0.74100000,0.71340000,0.71450000,9952926.10000000,1713193199999,7229363.31112000,18739,4728394.20000000,3433459.35772000,0
1713193200000,0.71470000,0.72180000,0.70650000,0.72040000,10097725.90000000,1713196799999,7226161.73178000,18806,4972888.90000000,3558526.07123000,0
1713196800000,0.72040000,0.72370000,0.70870000,0.71080000,6610039.00000000,1713200399999,4721245.32668000,12237,3313169.40000000,2366085.05057000,0
1713200400000,0.71070000,0.72260000,0.70060000,0.70870000,10798132.90000000,1713203999999,7645791.83375000,20433,5184303.10000000,3669685.81188000,0
1713204000000,0.70870000,0.71300000,0.69120000,0.69160000,8756394.10000000,1713207599999,6136575.22217000,17688,4071939.90000000,2853107.38787000,0
1713207600000,0.69150000,0.71600000,0.68340000,0.71260000,7108824.00000000,1713211199999,4982772.25594000,14503,3306983.40000000,2320375.03247000,0
1713211200000,0.71260000,0.71640000,0.70010000,0.70190000,4046306.30000000,1713214799999,2865479.48250000,7694,1907401.30000000,1350578.54486000,0
1713214800000,0.70180000,0.71080000,0.69690000,0.70990000,2176802.20000000,1713218399999,1530622.55233000,5034,1032136.80000000,725864.76145000,0
1713218400000,0.70980000,0.71440000,0.70460000,0.71440000,1571593.20000000,1713221999999,1114684.79838000,3452,810767.90000000,575272.15034000,0
1713222000000,0.71440000,0.71450000,0.70510000,0.70780000,1733521.30000000,1713225599999,1227485.46986000,3196,806059.90000000,570780.59808000,0
1713225600000,0.70780000,0.70830000,0.69350000,0.69830000,2668387.20000000,1713229199999,1871212.37394000,5191,1191387.20000000,835499.29521000,0
1713229200000,0.69840000,0.71100000,0.69560000,0.69980000,2654744.30000000,1713232799999,1869244.17836000,5066,1348507.20000000,950040.68705000,0
1713232800000,0.69960000,0.70490000,0.69310000,0.70380000,2042996.10000000,1713236399999,1427738.89285000,4203,948441.50000000,662936.67573000,0
1713236400000,0.70370000,0.70680000,0.69050000,0.69470000,2712459.40000000,1713239999999,1892318.33597000,7170,1204399.80000000,840552.51113000,0
1713240000000,0.69460000,0.69790000,0.67710000,0.68540000,6154874.50000000,1713243599999,4230510.61154000,11595,2889288.60000000,1986678.05484000,0
1713243600000,0.68540000,0.69940000,0.68290000,0.69700000,3030319.10000000,1713247199999,2098978.46053000,5740,1664298.80000000,1152906.58236000,0
1713247200000,0.69700000,0.71150000,0.69580000,0.71000000,2603115.90000000,1713250799999,1833240.40587000,5368,1464508.50000000,1030734.29666000,0
1713250800000,0.71000000,0.73050000,0.70920000,0.72230000,5697089.00000000,1713254399999,4109097.82926000,11198,3116821.90000000,2246629.55083000,0
1713254400000,0.72230000,0.72400000,0.71470000,0.71640000,2281749.10000000,1713257999999,1642366.20350000,4634,1196027.60000000,860953.20627000,0
1713258000000,0.71630000,0.72210000,0.71270000,0.71450000,2301912.00000000,1713261599999,1650702.70375000,4857,1078687.80000000,773525.52242000,0
1713261600000,0.71440000,0.71620000,0.68980000,0.70790000,7760048.90000000,1713265199999,5429945.23260000,14995,3611059.10000000,2527032.59364000,0
1713265200000,0.70780000,0.71300000,0.70200000,0.71050000,4810358.60000000,1713268799999,3405166.48223000,9405,2414605.10000000,1709623.57940000,0
1713268800000,0.71040000,0.71050000,0.70000000,0.70120000,2946258.20000000,1713272399999,2076751.75040000,5945,1384414.50000000,975781.10900000,0
1713272400000,0.70120000,0.70520000,0.68510000,0.69280000,5726484.20000000,1713275999999,3979075.22872000,11142,2755792.90000000,1915243.15633000,0
1713276000000,0.69290000,0.70270000,0.68590000,0.68810000,4630096.90000000,1713279599999,3211656.26273000,9002,2355366.70000000,1634072.46355000,0
1713279600000,0.68810000,0.69300000,0.67780000,0.67780000,6081044.40000000,1713283199999,4164421.03687000,10968,2770114.00000000,1898085.23454000,0
1713283200000,0.67780000,0.69080000,0.67260000,0.69070000,5202854.10000000,1713286799999,3537410.71165000,10831,2623166.80000000,1784249.28471000,0
1713286800000,0.69080000,0.70030000,0.68600000,0.68740000,4429952.30000000,1713290399999,3072507.35152000,9262,2193164.00000000,1520705.39889000,0
1713290400000,0.68720000,0.69630000,0.68420000,0.69490000,4088309.80000000,1713293999999,2822115.02963000,7694,2088391.70000000,1441577.13401000,0
1713294000000,0.69480000,0.69660000,0.68700000,0.68990000,1943685.20000000,1713297599999,1344660.54427000,3966,915316.90000000,633157.66004000,0
1713297600000,0.68980000,0.69660000,0.68940000,0.69560000,1444931.10000000,1713301199999,1002552.92853000,2781,786828.70000000,545810.94181000,0
1713301200000,0.69570000,0.70770000,0.69530000,0.70430000,2421853.60000000,1713304799999,1703176.31835000,4916,1346324.80000000,946586.35438000,0
1713304800000,0.70420000,0.70580000,0.70040000,0.70370000,1868887.50000000,1713308399999,1313641.50161000,2980,785903.00000000,552353.76767000,0
1713308400000,0.70360000,0.70620000,0.70180000,0.70300000,1157594.70000000,1713311999999,815027.10983000,2129,593713.70000000,418032.42318000,0
1713312000000,0.70300000,0.70880000,0.69880000,0.70530000,2058635.70000000,1713315599999,1446425.70844000,3917,969253.20000000,681381.47162000,0
1713315600000,0.70530000,0.70630000,0.69680000,0.70490000,1998642.40000000,1713319199999,1403090.63984000,4429,1004472.40000000,704969.23561000,0
1713319200000,0.70490000,0.70640000,0.69560000,0.70010000,2225295.40000000,1713322799999,1557776.35558000,4372,1029226.80000000,720441.77427000,0
1713322800000,0.70010000,0.70390000,0.69880000,0.70250000,1007106.90000000,1713326399999,706736.80267000,2599,420967.00000000,295416.63744000,0
1713326400000,0.70250000,0.70990000,0.69790000,0.70790000,1576583.70000000,1713329999999,1111222.66570000,3430,799662.20000000,563978.90488000,0
1713330000000,0.70780000,0.71020000,0.69790000,0.69960000,1815953.40000000,1713333599999,1279041.74529000,4048,864798.90000000,609343.41844000,0
1713333600000,0.69950000,0.70260000,0.69650000,0.70060000,1523266.70000000,1713337199999,1064714.66549000,2881,697765.20000000,487754.80397000,0
1713337200000,0.70050000,0.70300000,0.69380000,0.70010000,2454917.00000000,1713340799999,1716069.41870000,4319,1104681.20000000,772223.31222000,0
1713340800000,0.70000000,0.70410000,0.69560000,0.69850000,1956605.60000000,1713344399999,1369974.47627000,3511,990385.20000000,693648.62585000,0
1713344400000,0.69840000,0.70480000,0.69730000,0.70180000,1513705.50000000,1713347999999,1062000.44346000,2957,744104.80000000,522134.75390000,0
1713348000000,0.70210000,0.70230000,0.69190000,0.69280000,2075326.70000000,1713351599999,1445918.32548000,4603,923759.40000000,643431.37492000,0
1713351600000,0.69270000,0.69530000,0.68300000,0.68330000,2764012.50000000,1713355199999,1906366.48293000,5961,1132095.90000000,780936.88562000,0
1713355200000,0.68340000,0.68720000,0.67660000,0.68230000,3207449.40000000,1713358799999,2185989.62013000,6692,1485329.90000000,1012389.00107000,0
1713358800000,0.68230000,0.68960000,0.68130000,0.68520000,2634321.60000000,1713362399999,1804623.10332000,5630,1212537.80000000,830958.71806000,0
1713362400000,0.68510000,0.68530000,0.66110000,0.67240000,9857029.70000000,1713365999999,6608397.01831000,19313,4698718.30000000,3148542.24866000,0
1713366000000,0.67240000,0.67430000,0.65820000,0.66250000,8152777.50000000,1713369599999,5419016.94963000,15989,3840726.10000000,2552896.12605000,0
1713369600000,0.66250000,0.67420000,0.65530000,0.65900000,9013996.50000000,1713373199999,5992213.82687000,18172,4670436.10000000,3104788.57528000,0
1713373200000,0.65890000,0.67480000,0.65830000,0.67300000,5480275.90000000,1713376799999,3649946.74181000,9166,3152916.70000000,2098799.77001000,0
1713376800000,0.67290000,0.69100000,0.67200000,0.68400000,7419311.60000000,1713380399999,5082117.78731000,12999,4241699.40000000,2904792.87858000,0
1713380400000,0.68400000,0.68400000,0.67050000,0.67600000,3820739.90000000,1713383999999,2584029.32485000,7694,2243236.20000000,1516765.94921000,0
1713384000000,0.67590000,0.67950000,0.66690000,0.66720000,3178582.50000000,1713387599999,2142406.83103000,6412,1743913.60000000,1175626.54439000,0
1713387600000,0.66720000,0.68250000,0.66720000,0.67840000,3002338.80000000,1713391199999,2030683.51472000,6464,1792636.30000000,1211965.65572000,0
1713391200000,0.67840000,0.67910000,0.67250000,0.67430000,2513636.50000000,1713394799999,1697763.08668000,4599,1363693.00000000,920989.46246000,0
1713394800000,0.67450000,0.67750000,0.66660000,0.66770000,2231122.70000000,1713398399999,1495108.44841000,4505,1177738.90000000,788996.47713000,0
1713398400000,0.66770000,0.67190000,0.65350000,0.66610000,5240681.80000000,1713401999999,3463889.94119000,9972,2825689.80000000,1868068.83953000,0
1713402000000,0.66610000,0.67440000,0.66600000,0.67300000,4137570.20000000,1713405599999,2773368.64541000,7675,2361343.70000000,1582860.70962000,0
1713405600000,0.67300000,0.67560000,0.66700000,0.67400000,2864172.30000000,1713409199999,1923184.88777000,5382,1614505.30000000,1083703.72783000,0
1713409200000,0.67400000,0.68050000,0.67380000,0.67540000,2630453.00000000,1713412799999,1781467.62563000,5091,1494520.60000000,1012034.95864000,0
1713412800000,0.67520000,0.67940000,0.67240000,0.67290000,1663719.00000000,1713416399999,1124328.31203000,3680,872024.20000000,589395.62579000,0
1713416400000,0.67280000,0.67890000,0.66970000,0.67030000,2253241.60000000,1713419999999,1518380.25139000,4366,1120102.20000000,754868.20867000,0
1713420000000,0.67030000,0.67260000,0.65700000,0.66120000,3400346.20000000,1713423599999,2255435.90085000,6722,1887735.10000000,1251981.85624000,0
1713423600000,0.66130000,0.66560000,0.65330000,0.65660000,6219122.50000000,1713427199999,4102764.12539000,10325,3383742.00000000,2231622.25104000,0
1713427200000,0.65650000,0.66330000,0.65000000,0.66060000,5140776.00000000,1713430799999,3371754.25909000,8086,2784384.90000000,1827075.06431000,0
1713430800000,0.66060000,0.66590000,0.65960000,0.66540000,2847508.40000000,1713434399999,1886625.69199000,4447,1603439.30000000,1062393.81345000,0
1713434400000,0.66540000,0.67110000,0.66400000,0.66990000,3033699.60000000,1713437999999,2024556.56394000,4247,1494324.60000000,997496.40812000,0
1713438000000,0.66970000,0.68580000,0.66970000,0.67960000,6079695.40000000,1713441599999,4136842.93306000,8128,3184740.40000000,2166884.57775000,0
1713441600000,0.67950000,0.68090000,0.66520000,0.67150000,4155557.60000000,1713445199999,2797807.22842000,6812,1828819.40000000,1230746.30054000,0
1713445200000,0.67150000,0.67640000,0.66720000,0.67540000,3770001.40000000,1713448799999,2534088.77191000,5453,1804731.80000000,1213327.33965000,0
1713448800000,0.67530000,0.68920000,0.67100000,0.68690000,6472499.90000000,1713452399999,4421839.34212000,9765,3310282.60000000,2260120.57493000,0
1713452400000,0.68680000,0.69150000,0.68250000,0.68570000,3578998.60000000,1713455999999,2456782.77528000,6169,1794362.20000000,1231439.78930000,0
1713456000000,0.68560000,0.68690000,0.67790000,0.67960000,3302628.70000000,1713459599999,2254766.89209000,5848,1724272.10000000,1177272.14819000,0
1713459600000,0.67960000,0.67990000,0.66640000,0.66690000,4133544.30000000,1713463199999,2779176.05019000,7021,1856429.70000000,1248130.67002000,0
1713463200000,0.66680000,0.67130000,0.66150000,0.67010000,3028704.00000000,1713466799999,2019932.71810000,5567,1506674.00000000,1004997.19051000,0
1713466800000,0.67000000,0.67560000,0.66880000,0.67430000,2297800.30000000,1713470399999,1546546.09602000,3796,1311442.70000000,882679.10962000,0
1713470400000,0.67420000,0.67530000,0.66970000,0.67500000,2463609.30000000,1713473999999,1656548.43212000,3648,1287703.40000000,865887.35663000,0
1713474000000,0.67500000,0.68000000,0.67470000,0.67780000,2488077.40000000,1713477599999,1686715.35362000,3408,1433959.90000000,972058.41723000,0
1713477600000,0.67770000,0.68220000,0.67490000,0.67820000,1904971.40000000,1713481199999,1292318.05744000,3516,1108410.60000000,751901.22718000,0
1713481200000,0.67810000,0.68040000,0.67460000,0.67570000,1175513.10000000,1713484799999,796574.89615000,2274,552551.90000000,374530.58792000,0
1713484800000,0.67560000,0.67560000,0.66560000,0.66570000,2615539.00000000,1713488399999,1753840.99178000,4640,1389197.40000000,931466.38936000,0
1713488400000,0.66560000,0.66630000,0.63440000,0.63700000,11482236.90000000,1713491999999,7426849.02463000,19700,5603770.20000000,3622973.05538000,0
1713492000000,0.63710000,0.64050000,0.61940000,0.63680000,13231225.80000000,1713495599999,8314948.42797000,22167,6556190.90000000,4120443.84510000,0
1713495600000,0.63680000,0.65390000,0.63550000,0.64880000,7631888.30000000,1713499199999,4924143.75217000,11668,3726522.50000000,2404603.25863000,0
1713499200000,0.64870000,0.65910000,0.64800000,0.65310000,3692120.60000000,1713502799999,2414942.75313000,5713,1820331.40000000,1190427.39466000,0
1713502800000,0.65300000,0.65540000,0.64580000,0.65000000,3128562.90000000,1713506399999,2034278.85978000,4661,1597976.00000000,1038765.21844000,0
1713506400000,0.64990000,0.67890000,0.64650000,0.67730000,9273975.60000000,1713509999999,6170579.35744000,11482,5009792.20000000,3334243.09658000,0
1713510000000,0.67710000,0.68430000,0.66730000,0.67050000,7589389.80000000,1713513599999,5123967.99306000,10488,3760329.10000000,2539251.76427000,0
1713513600000,0.67050000,0.67710000,0.66570000,0.67610000,10541074.80000000,1713517199999,7077766.87939000,10577,5376361.40000000,3613038.87488000,0
1713517200000,0.67600000,0.67750000,0.67270000,0.67640000,2944392.80000000,1713520799999,1988507.55880000,4192,1579289.30000000,1066508.01124000,0
1713520800000,0.67630000,0.68120000,0.67250000,0.67940000,2960676.50000000,1713524399999,2003712.83598000,4710,1488608.20000000,1007770.01646000,0
1713524400000,0.67940000,0.68470000,0.67790000,0.68000000,3244524.30000000,1713527999999,2209960.33084000,5197,1565396.90000000,1066452.92598000,0
1713528000000,0.67970000,0.68390000,0.67640000,0.67960000,3735431.60000000,1713531599999,2541107.41228000,5607,1790344.80000000,1217935.99233000,0
1713531600000,0.67950000,0.69070000,0.67460000,0.68730000,6518166.20000000,1713535199999,4455664.53499000,10316,3376283.50000000,2306882.63845000,0
1713535200000,0.68740000,0.68960000,0.67600000,0.68160000,5757978.20000000,1713538799999,3931180.05827000,9691,2498171.70000000,1705645.65087000,0
1713538800000,0.68170000,0.68560000,0.67880000,0.68050000,6217038.80000000,1713542399999,4243546.39494000,9674,2791376.80000000,1905735.28141000,0
1713542400000,0.68050000,0.68170000,0.66950000,0.67440000,6149834.60000000,1713545999999,4147951.54793000,9526,2930516.40000000,1976099.01584000,0
1713546000000,0.67420000,0.68200000,0.67270000,0.67880000,2322053.60000000,1713549599999,1572045.80501000,3845,1304849.30000000,883311.74644000,0
1713549600000,0.67870000,0.67900000,0.67220000,0.67360000,1907996.20000000,1713553199999,1287803.41580000,3211,811256.30000000,547677.68788000,0
1713553200000,0.67370000,0.67850000,0.67190000,0.67800000,3099683.60000000,1713556799999,2091347.75848000,3672,1810413.90000000,1221165.99302000,0
1713556800000,0.67820000,0.67820000,0.66780000,0.67140000,1873150.80000000,1713560399999,1258763.42223000,3291,887558.10000000,596061.33664000,0
1713560400000,0.67150000,0.67780000,0.67150000,0.67770000,1209743.00000000,1713563999999,817018.19744000,2320,673252.80000000,454721.42272000,0
1713564000000,0.67770000,0.68310000,0.67610000,0.67670000,2225966.40000000,1713567599999,1513465.16115000,3892,1069379.40000000,727282.22630000,0
1713567600000,0.67660000,0.67730000,0.66160000,0.67280000,5211697.30000000,1713571199999,3483269.52287000,9631,2717795.10000000,1815979.76649000,0
1713571200000,0.67270000,0.67720000,0.66610000,0.66720000,3187667.10000000,1713574799999,2141086.19215000,6113,1440836.10000000,967701.09034000,0
1713574800000,0.66700000,0.68040000,0.66350000,0.67740000,3381588.50000000,1713578399999,2273552.64344000,5827,1618339.30000000,1088285.30654000,0
1713578400000,0.67730000,0.68080000,0.67530000,0.67690000,1766946.60000000,1713581999999,1198219.36342000,3407,908061.40000000,615798.57359000,0
1713582000000,0.67690000,0.67970000,0.67400000,0.67920000,1763828.90000000,1713585599999,1193811.59807000,3022,888458.10000000,601400.82976000,0
1713585600000,0.67930000,0.68360000,0.67680000,0.68110000,1713595.30000000,1713589199999,1166147.31852000,3139,905802.20000000,616437.18176000,0
1713589200000,0.68110000,0.68330000,0.67960000,0.68130000,1227085.50000000,1713592799999,835967.76603000,2508,622458.10000000,424048.08585000,0
1713592800000,0.68100000,0.68710000,0.68000000,0.68470000,1659072.50000000,1713596399999,1134658.63747000,3039,841900.40000000,575620.23174000,0
1713596400000,0.68460000,0.68780000,0.68370000,0.68600000,1559060.30000000,1713599999999,1069329.29183000,2646,950171.00000000,651715.14959000,0
1713600000000,0.68600000,0.68610000,0.68100000,0.68190000,1226660.00000000,1713603599999,838198.25186000,2491,699648.90000000,478060.90803000,0
1713603600000,0.68200000,0.68270000,0.67640000,0.68020000,1724225.60000000,1713607199999,1171306.50473000,3618,806979.70000000,548230.99884000,0
1713607200000,0.68020000,0.68360000,0.67660000,0.67970000,2011222.80000000,1713610799999,1367455.02195000,3806,901684.20000000,613036.95390000,0
1713610800000,0.67970000,0.68390000,0.67800000,0.68210000,1198871.40000000,1713614399999,816585.70248000,2208,643129.60000000,438045.50584000,0
1713614400000,0.68210000,0.68870000,0.68010000,0.68560000,1420828.20000000,1713617999999,972626.96457000,2750,735457.10000000,503414.75503000,0
1713618000000,0.68560000,0.69000000,0.68470000,0.68980000,1550987.10000000,1713621599999,1065929.49862000,2962,853549.10000000,586704.02988000,0
1713621600000,0.68980000,0.69380000,0.68850000,0.69160000,2364302.00000000,1713625199999,1634653.75444000,4824,1221070.70000000,844260.58924000,0
1713625200000,0.69160000,0.70570000,0.68920000,0.70540000,3145427.80000000,1713628799999,2197223.76127000,6667,1751488.00000000,1223854.35267000,0
1713628800000,0.70540000,0.71200000,0.70190000,0.70840000,3654504.30000000,1713632399999,2585675.48866000,7231,1909685.00000000,1351137.66295000,0
1713632400000,0.70850000,0.73260000,0.70850000,0.73220000,6281289.20000000,1713635999999,4539603.39745000,12550,3538971.70000000,2557069.91323000,0
1713636000000,0.73210000,0.73590000,0.72670000,0.73000000,5372641.90000000,1713639599999,3925679.82861000,10648,2455995.60000000,1794747.48897000,0
1713639600000,0.73000000,0.73810000,0.72760000,0.73470000,3940269.60000000,1713643199999,2887398.57246000,7117,1986069.80000000,1455540.19717000,0
1713643200000,0.73470000,0.73910000,0.73270000,0.73710000,2608229.60000000,1713646799999,1921555.52445000,4450,1196442.90000000,881395.86177000,0
1713646800000,0.73720000,0.74040000,0.73460000,0.73770000,1759180.60000000,1713650399999,1297461.10018000,3639,877997.40000000,647567.18444000,0
1713650400000,0.73770000,0.74030000,0.73240000,0.73450000,2827969.20000000,1713653999999,2081064.83005000,5360,1504040.70000000,1106744.65138000,0
1713654000000,0.73460000,0.74040000,0.73460000,0.73820000,2238844.60000000,1713657599999,1650598.29287000,3494,1133624.00000000,835711.44522000,0
1713657600000,0.73830000,0.73960000,0.72640000,0.73100000,2758494.20000000,1713661199999,2023088.48963000,5184,1338618.90000000,981745.65835000,0
1713661200000,0.73120000,0.74040000,0.73110000,0.73690000,1873074.60000000,1713664799999,1379831.06555000,3519,956673.90000000,704784.22902000,0
1713664800000,0.73690000,0.74490000,0.73600000,0.74190000,2376812.50000000,1713668399999,1759042.92822000,4778,1284538.20000000,950736.83455000,0
1713668400000,0.74200000,0.74480000,0.73440000,0.73540000,2190966.90000000,1713671999999,1620131.06828000,4056,1076248.20000000,796102.44927000,0
1713672000000,0.73530000,0.73790000,0.73120000,0.73640000,1733542.00000000,1713675599999,1272102.35300000,3122,902029.50000000,661913.77945000,0
1713675600000,0.73660000,0.73870000,0.73230000,0.73530000,1495032.30000000,1713679199999,1099966.88361000,3044,746130.40000000,549056.11524000,0
1713679200000,0.73530000,0.73900000,0.73350000,0.73430000,1542884.30000000,1713682799999,1135331.21287000,2947,833482.80000000,613370.78762000,0
1713682800000,0.73430000,0.73580000,0.72980000,0.73340000,2134729.40000000,1713686399999,1564616.61840000,3799,1233747.10000000,904457.99044000,0
1713686400000,0.73350000,0.73460000,0.72860000,0.72880000,2026580.80000000,1713689999999,1481784.82420000,3485,892067.10000000,652585.38490000,0
1713690000000,0.72880000,0.73080000,0.72620000,0.72840000,2095054.30000000,1713693599999,1525384.87336000,3428,894076.40000000,651004.64612000,0
1713693600000,0.72840000,0.72950000,0.72320000,0.72630000,2253529.10000000,1713697199999,1635513.11590000,3913,1090669.20000000,791611.29516000,0
1713697200000,0.72630000,0.73180000,0.72380000,0.72570000,2107322.30000000,1713700799999,1532985.70110000,4349,1071038.40000000,779393.18050000,0
1713700800000,0.72570000,0.72670000,0.71840000,0.71950000,2640962.40000000,1713704399999,1907573.99465000,5018,1186335.10000000,856956.61752000,0
1713704400000,0.71940000,0.72200000,0.71160000,0.71420000,3354353.60000000,1713707999999,2404564.03776000,5494,1673038.20000000,1199477.14664000,0
1713708000000,0.71420000,0.71860000,0.71250000,0.71490000,2335295.50000000,1713711599999,1671241.82799000,3340,1267871.40000000,907393.03686000,0
1713711600000,0.71480000,0.72140000,0.71470000,0.71830000,1553962.90000000,1713715199999,1116690.15610000,2565,777193.40000000,558388.82955000,0
1713715200000,0.71840000,0.71960000,0.70060000,0.70770000,6825269.60000000,1713718799999,4836887.17819000,10881,3273353.20000000,2319660.34968000,0
1713718800000,0.70760000,0.71110000,0.70370000,0.71040000,2102598.00000000,1713722399999,1487498.16379000,3622,1044057.90000000,738460.09317000,0
1713722400000,0.71040000,0.71080000,0.70730000,0.71030000,1396028.40000000,1713725999999,990176.63231000,2368,616287.90000000,437097.87631000,0
1713726000000,0.71050000,0.71320000,0.70880000,0.70910000,1480151.50000000,1713729599999,1053012.30067000,2417,747784.80000000,531934.47728000,0
1713729600000,0.70920000,0.71500000,0.70720000,0.71490000,2186036.20000000,1713733199999,1555670.83825000,3256,1245935.50000000,886547.11934000,0
1713733200000,0.71500000,0.72130000,0.71300000,0.71360000,2173286.20000000,1713736799999,1559423.22940000,3845,1172327.70000000,841061.30945000,0
1713736800000,0.71360000,0.71970000,0.71200000,0.71520000,1543713.90000000,1713740399999,1105199.92892000,2987,878295.10000000,628874.41389000,0
1713740400000,0.71510000,0.71570000,0.71150000,0.71350000,1357077.30000000,1713743999999,968164.41128000,2329,740593.30000000,528289.27155000,0
1713744000000,0.71360000,0.72130000,0.71080000,0.71360000,2011195.70000000,1713747599999,1438957.10251000,3820,1057722.70000000,756789.61483000,0
1713747600000,0.71370000,0.72440000,0.71060000,0.71230000,4161474.30000000,1713751199999,2976504.11687000,6922,2159142.70000000,1544995.54692000,0
1713751200000,0.71230000,0.71540000,0.70880000,0.71430000,2168588.50000000,1713754799999,1543755.98945000,3619,1082504.60000000,770568.06102000,0
1713754800000,0.71430000,0.73410000,0.71350000,0.73040000,4286123.20000000,1713758399999,3108145.04964000,7139,2676062.30000000,1940302.19205000,0
1713758400000,0.73030000,0.73820000,0.72910000,0.73750000,3649721.60000000,1713761999999,2678486.15561000,6030,2012740.70000000,1477311.55776000,0
1713762000000,0.73760000,0.74190000,0.73340000,0.74170000,3257880.10000000,1713765599999,2402561.27247000,6153,1623858.70000000,1197734.46136000,0
1713765600000,0.74170000,0.74480000,0.73800000,0.73810000,2040828.70000000,1713769199999,1513067.69297000,3794,1072347.40000000,795026.85290000,0
1713769200000,0.73810000,0.74230000,0.73240000,0.73260000,1860390.30000000,1713772799999,1370769.11612000,3235,924791.90000000,681499.22099000,0
1713772800000,0.73260000,0.73440000,0.72880000,0.73000000,1825743.40000000,1713776399999,1336384.69706000,3672,1019418.20000000,746199.27948000,0
1713776400000,0.73010000,0.73790000,0.72890000,0.73750000,2189312.90000000,1713779999999,1608718.72854000,3595,1139728.00000000,837435.21009000,0
1713780000000,0.73750000,0.75000000,0.73610000,0.74210000,3281501.20000000,1713783599999,2431470.11647000,5542,2012688.60000000,1492006.28600000,0
1713783600000,0.74200000,0.74250000,0.73510000,0.73780000,1739645.40000000,1713787199999,1284698.48149000,3361,804193.50000000,593632.72879000,0
1713787200000,0.73770000,0.74840000,0.73650000,0.74290000,3262430.10000000,1713790799999,2422130.68810000,5402,1818083.10000000,1349770.47290000,0
1713790800000,0.74300000,0.74780000,0.73550000,0.74020000,3023783.30000000,1713794399999,2241551.81531000,4765,1538530.80000000,1140093.52335000,0
1713794400000,0.74010000,0.74180000,0.73340000,0.73430000,2313656.50000000,1713797999999,1707154.89755000,4022,1128066.50000000,832312.16539000,0
1713798000000,0.73420000,0.73920000,0.72840000,0.73890000,3159207.00000000,1713801599999,2315745.17776000,5018,1588463.00000000,1164804.95994000,0
1713801600000,0.73880000,0.74220000,0.73050000,0.73460000,2424598.70000000,1713805199999,1784381.78361000,4150,1195474.30000000,880277.46553000,0
1713805200000,0.73460000,0.74580000,0.73460000,0.74110000,2802510.60000000,1713808799999,2075758.86966000,4699,1588797.70000000,1176615.96209000,0
1713808800000,0.74100000,0.74310000,0.73900000,0.73930000,1326990.30000000,1713812399999,983495.01643000,2383,651176.80000000,482609.03619000,0
1713812400000,0.73940000,0.74070000,0.73500000,0.73830000,1666431.30000000,1713815999999,1228719.69154000,2425,657596.50000000,485015.97684000,0
1713816000000,0.73830000,0.74150000,0.73650000,0.73950000,935695.80000000,1713819599999,691790.23208000,1789,462781.20000000,342129.11494000,0
1713819600000,0.73940000,0.74170000,0.73800000,0.74030000,947262.60000000,1713823199999,701144.90831000,1704,532903.40000000,394447.09149000,0
1713823200000,0.74040000,0.74880000,0.74010000,0.74690000,2469253.20000000,1713826799999,1837999.00444000,3773,1273804.40000000,948075.86018000,0
1713826800000,0.74690000,0.74980000,0.74220000,0.74220000,2628732.00000000,1713830399999,1963370.62345000,3465,1208078.30000000,901792.80833000,0
1713830400000,0.74230000,0.74780000,0.74010000,0.74780000,1556323.70000000,1713833999999,1157780.53306000,2878,874243.90000000,650453.78057000,0
1713834000000,0.74770000,0.74860000,0.74320000,0.74330000,1195133.90000000,1713837599999,891833.98043000,2051,604948.90000000,451480.25623000,0
1713837600000,0.74330000,0.74700000,0.73720000,0.73820000,1386188.60000000,1713841199999,1029022.94964000,2693,686701.50000000,509917.93173000,0
1713841200000,0.73820000,0.74100000,0.73210000,0.73320000,2007531.00000000,1713844799999,1477032.77745000,3458,835817.30000000,615187.63913000,0
1713844800000,0.73300000,0.73610000,0.72760000,0.73120000,2441235.70000000,1713848399999,1787631.24630000,4647,1219699.60000000,893371.28393000,0
1713848400000,0.73120000,0.73730000,0.73080000,0.73700000,1391573.90000000,1713851999999,1021376.17843000,2441,725676.50000000,532902.88857000,0
1713852000000,0.73710000,0.73820000,0.72760000,0.73090000,1995967.80000000,1713855599999,1464457.73817000,3584,1032541.00000000,757795.98601000,0
1713855600000,0.73080000,0.73250000,0.72240000,0.72610000,2598956.70000000,1713859199999,1887190.97585000,4002,1190234.00000000,864045.99985000,0
1713859200000,0.72600000,0.72980000,0.72310000,0.72900000,1870573.80000000,1713862799999,1358906.98901000,2632,1004615.00000000,729948.41210000,0
1713862800000,0.72890000,0.73040000,0.72430000,0.72640000,1296844.80000000,1713866399999,942675.73445000,2584,584304.30000000,424770.53270000,0
1713866400000,0.72640000,0.73280000,0.72630000,0.72990000,1558442.00000000,1713869999999,1138075.26051000,2785,822572.60000000,600551.08092000,0
1713870000000,0.72990000,0.73030000,0.72420000,0.72710000,1301354.90000000,1713873599999,946164.56253000,2420,589159.30000000,428383.34385000,0
1713873600000,0.72710000,0.73040000,0.72510000,0.72940000,1780643.80000000,1713877199999,1296421.18360000,2695,963833.50000000,701846.46580000,0
1713877200000,0.72950000,0.73520000,0.72500000,0.73480000,2832687.10000000,1713880799999,2066735.05036000,4064,1632366.00000000,1190690.77063000,0
1713880800000,0.73480000,0.74250000,0.73340000,0.73860000,4381440.80000000,1713884399999,3237247.90985000,6762,2299503.10000000,1699041.83239000,0
1713884400000,0.73860000,0.73920000,0.73240000,0.73380000,2075059.80000000,1713887999999,1527030.86555000,3665,1021677.60000000,751882.65233000,0
1713888000000,0.73410000,0.73790000,0.73140000,0.73370000,1952510.60000000,1713891599999,1435459.87279000,3356,950586.90000000,698845.41712000,0
1713891600000,0.73360000,0.74000000,0.73180000,0.73710000,2515328.50000000,1713895199999,1851454.65175000,3306,1321121.20000000,973046.98981000,0
1713895200000,0.73710000,0.73780000,0.73110000,0.73490000,1570224.50000000,1713898799999,1153334.79040000,3191,753675.50000000,553547.35433000,0
1713898800000,0.73500000,0.73550000,0.73090000,0.73400000,1115545.40000000,1713902399999,818194.13508000,2333,492269.90000000,361005.68562000,0
1713902400000,0.73380000,0.73550000,0.72680000,0.73460000,1673398.60000000,1713905999999,1225040.63926000,3594,799742.40000000,585564.59843000,0
1713906000000,0.73450000,0.73450000,0.72820000,0.72920000,1657102.70000000,1713909599999,1210531.46868000,2803,739968.80000000,540545.62150000,0
1713909600000,0.72930000,0.73150000,0.72580000,0.72700000,1454013.50000000,1713913199999,1059952.32607000,2602,651985.20000000,475444.31201000,0
1713913200000,0.72700000,0.72920000,0.72300000,0.72910000,1226829.00000000,1713916799999,890781.33953000,2699,632228.40000000,459242.04320000,0
1713916800000,0.72910000,0.73790000,0.72660000,0.73690000,2811431.50000000,1713920399999,2060542.85475000,5333,1254765.30000000,919756.11622000,0
1713920400000,0.73690000,0.74160000,0.73680000,0.74080000,2917779.60000000,1713923999999,2157552.00664000,4690,1493021.50000000,1103960.45859000,0
1713924000000,0.74060000,0.74160000,0.73350000,0.73880000,2212915.60000000,1713927599999,1635377.56836000,3711,1002000.80000000,740306.57855000,0
1713927600000,0.73880000,0.74860000,0.73820000,0.74320000,3388673.70000000,1713931199999,2522380.46024000,6188,1887749.30000000,1404848.11152000,0
1713931200000,0.74320000,0.76750000,0.74130000,0.76280000,4800754.90000000,1713934799999,3624667.79335000,11306,3133073.40000000,2367233.03741000,0
1713934800000,0.76280000,0.76350000,0.75140000,0.75400000,3677048.10000000,1713938399999,2781086.47333000,7588,1708672.70000000,1291746.48015000,0
1713938400000,0.75390000,0.75470000,0.74650000,0.75200000,2046889.10000000,1713941999999,1536543.61834000,4442,986241.40000000,740419.02023000,0
1713942000000,0.75210000,0.75380000,0.74930000,0.75010000,1419906.00000000,1713945599999,1067699.04969000,2441,684834.00000000,514871.85239000,0
1713945600000,0.75010000,0.75500000,0.74960000,0.75280000,1895598.60000000,1713949199999,1425763.94084000,3302,1034981.80000000,778447.50056000,0
1713949200000,0.75270000,0.75720000,0.74740000,0.75600000,2295416.60000000,1713952799999,1725370.08460000,4476,1053521.70000000,791752.79386000,0
1713952800000,0.75610000,0.75860000,0.75270000,0.75800000,2216606.60000000,1713956399999,1674514.19148000,3953,1158014.80000000,875090.88129000,0
1713956400000,0.75800000,0.75970000,0.75440000,0.75700000,2419181.20000000,1713959999999,1831790.67250000,3718,1172397.80000000,887462.56460000,0
1713960000000,0.75700000,0.75890000,0.75310000,0.75430000,2200449.60000000,1713963599999,1662710.62860000,3962,1241641.70000000,938055.60715000,0
1713963600000,0.75440000,0.75440000,0.73870000,0.73940000,4007289.20000000,1713967199999,2989146.91002000,8190,1785007.00000000,1330767.96270000,0
1713967200000,0.73950000,0.74370000,0.71770000,0.72740000,11599465.60000000,1713970799999,8433233.03365000,20329,5432430.80000000,3950466.74384000,0
1713970800000,0.72740000,0.72780000,0.71230000,0.71450000,6633239.30000000,1713974399999,4773986.01558000,9881,3163203.30000000,2276201.10567000,0
1713974400000,0.71420000,0.71840000,0.70860000,0.71470000,4971319.00000000,1713977999999,3552076.83160000,8172,2431499.10000000,1737815.38412000,0
1713978000000,0.71460000,0.72490000,0.71380000,0.71930000,4112094.00000000,1713981599999,2958996.96508000,6010,2104110.10000000,1514142.19029000,0
1713981600000,0.71930000,0.72080000,0.70910000,0.70930000,4668422.30000000,1713985199999,3343442.68469000,6999,2254711.90000000,1615373.82323000,0
1713985200000,0.70930000,0.71810000,0.70370000,0.71560000,3710069.20000000,1713988799999,2642893.16938000,6251,1843064.60000000,1313261.56304000,0
1713988800000,0.71540000,0.71790000,0.70850000,0.71070000,2690496.20000000,1713992399999,1915933.57808000,3975,1338457.20000000,953014.94459000,0
1713992400000,0.71080000,0.71560000,0.70650000,0.71560000,2887889.70000000,1713995999999,2053844.04538000,4094,1420710.90000000,1010613.70325000,0
1713996000000,0.71560000,0.71570000,0.70180000,0.70380000,2643133.20000000,1713999599999,1871409.60658000,4588,1297542.90000000,918771.57632000,0
1713999600000,0.70370000,0.70580000,0.69790000,0.70520000,3341102.00000000,1714003199999,2344626.37518000,5957,1538674.40000000,1080055.73700000,0
1714003200000,0.70530000,0.71420000,0.70350000,0.71140000,2011450.50000000,1714006799999,1426020.89310000,3702,1125565.30000000,797860.01402000,0
1714006800000,0.71100000,0.71540000,0.70500000,0.70500000,2036038.70000000,1714010399999,1448961.29753000,3438,934715.70000000,665399.75651000,0
1714010400000,0.70490000,0.71330000,0.69930000,0.71240000,2821731.30000000,1714013999999,1996310.11800000,5284,1449162.40000000,1025277.20871000,0
1714014000000,0.71240000,0.71480000,0.70510000,0.70900000,3420885.80000000,1714017599999,2425964.50867000,5712,1733655.50000000,1228920.00137000,0
1714017600000,0.70930000,0.71110000,0.69570000,0.71080000,5220004.30000000,1714021199999,3676627.66958000,7808,2360300.60000000,1662449.16352000,0
1714021200000,0.71100000,0.71360000,0.70550000,0.70940000,3174591.90000000,1714024799999,2251056.76550000,4220,1583308.60000000,1122232.67863000,0
1714024800000,0.70930000,0.71280000,0.70850000,0.71040000,1730995.50000000,1714028399999,1229481.97928000,2739,872514.50000000,619521.04468000,0
1714028400000,0.71030000,0.71210000,0.70180000,0.70370000,1913427.20000000,1714031999999,1352502.94171000,3315,935492.30000000,661041.68180000,0
1714032000000,0.70370000,0.70810000,0.69860000,0.70160000,3081895.30000000,1714035599999,2163985.48136000,4232,1639164.60000000,1150860.44617000,0
1714035600000,0.70170000,0.70730000,0.69800000,0.70050000,2643127.10000000,1714039199999,1857311.73372000,3397,1493321.20000000,1049511.65454000,0
1714039200000,0.70090000,0.70090000,0.69120000,0.69590000,4529063.70000000,1714042799999,3147165.51950000,8033,2196533.30000000,1526186.85387000,0
1714042800000,0.69570000,0.70540000,0.69460000,0.70430000,2041670.00000000,1714046399999,1430495.82336000,4191,984217.30000000,689921.63171000,0
1714046400000,0.70440000,0.71240000,0.69900000,0.70110000,3142078.50000000,1714049999999,2215362.03846000,6336,1469403.00000000,1036294.13405000,0
1714050000000,0.70100000,0.70690000,0.69490000,0.70530000,3493552.00000000,1714053599999,2447250.30757000,6123,1837702.00000000,1287660.41360000,0
1714053600000,0.70520000,0.71460000,0.70370000,0.70680000,3952386.70000000,1714057199999,2803348.89211000,7760,1909299.30000000,1355335.21582000,0
1714057200000,0.70690000,0.71890000,0.70480000,0.71810000,3751379.10000000,1714060799999,2675063.36265000,5829,1887023.20000000,1345411.36042000,0
1714060800000,0.71790000,0.72080000,0.71230000,0.71680000,3408389.00000000,1714064399999,2441598.28418000,5342,1988940.60000000,1424903.13315000,0
1714064400000,0.71670000,0.72110000,0.71460000,0.72080000,2854642.60000000,1714067999999,2050215.05699000,4635,1642009.50000000,1179349.20218000,0
1714068000000,0.72070000,0.72750000,0.71760000,0.72560000,3008051.70000000,1714071599999,2172472.37421000,4715,1682529.50000000,1215651.11248000,0
1714071600000,0.72560000,0.72580000,0.71740000,0.72290000,2489150.70000000,1714075199999,1795806.66509000,3113,866009.10000000,625125.73567000,0
1714075200000,0.72300000,0.72680000,0.72010000,0.72470000,2386479.50000000,1714078799999,1726220.63321000,3048,1420556.30000000,1027464.55752000,0
1714078800000,0.72440000,0.72770000,0.72210000,0.72260000,1497355.30000000,1714082399999,1085446.75756000,2329,765290.90000000,554758.08326000,0
1714082400000,0.72250000,0.72310000,0.71850000,0.71870000,1342007.40000000,1714085999999,967042.89002000,2080,640046.60000000,461163.13578000,0
1714086000000,0.71870000,0.72190000,0.71700000,0.72030000,1807170.40000000,1714089599999,1301252.29224000,2294,922752.50000000,664399.73618000,0
1714089600000,0.72030000,0.72340000,0.71300000,0.72030000,3217343.10000000,1714093199999,2312464.91823000,5216,1592938.90000000,1144940.45263000,0
1714093200000,0.72040000,0.72700000,0.70960000,0.72480000,8008312.70000000,1714096799999,5748476.80087000,12265,3929667.40000000,2821077.82992000,0
1714096800000,0.72480000,0.73190000,0.72160000,0.72520000,4191019.50000000,1714100399999,3043218.43069000,6625,2278363.00000000,1654164.13548000,0
1714100400000,0.72530000,0.73030000,0.72010000,0.72300000,2861564.20000000,1714103999999,2074508.92354000,4733,1410967.90000000,1022456.24710000,0
1714104000000,0.72300000,0.72460000,0.71720000,0.72120000,2216742.10000000,1714107599999,1598036.15274000,3627,1030552.90000000,742877.63225000,0
1714107600000,0.72110000,0.73130000,0.72030000,0.73010000,2049026.00000000,1714111199999,1488422.49493000,3286,1036625.50000000,753099.30166000,0
1714111200000,0.73010000,0.73110000,0.71820000,0.71830000,2777930.80000000,1714114799999,2010662.10412000,4247,1292061.00000000,935104.10546000,0
1714114800000,0.71840000,0.72180000,0.71370000,0.71840000,3368965.40000000,1714118399999,2418026.89352000,4987,1683886.30000000,1208517.23310000,0
1714118400000,0.71850000,0.72340000,0.71440000,0.71730000,2746167.10000000,1714121999999,1974601.11118000,3959,1309861.90000000,941671.48196000,0
1714122000000,0.71730000,0.71900000,0.71440000,0.71620000,1858593.80000000,1714125599999,1331740.70472000,2914,981287.90000000,703009.86317000,0
1714125600000,0.71630000,0.71780000,0.70790000,0.70920000,2131649.20000000,1714129199999,1518090.52191000,3951,989304.40000000,704243.14709000,0
1714129200000,0.70930000,0.71210000,0.70730000,0.70930000,1788221.90000000,1714132799999,1268824.85975000,2836,1062819.70000000,754006.03549000,0
1714132800000,0.70910000,0.71530000,0.70510000,0.70860000,2572911.80000000,1714136399999,1829158.09162000,4558,1266404.00000000,900279.56952000,0
1714136400000,0.70880000,0.71430000,0.70030000,0.71330000,2790632.40000000,1714139999999,1972107.54650000,5595,1354988.80000000,957934.91240000,0
1714140000000,0.71330000,0.71950000,0.70630000,0.70740000,3674133.20000000,1714143599999,2619751.59074000,6426,1761041.60000000,1256209.77153000,0
1714143600000,0.70720000,0.70930000,0.69950000,0.70610000,4545415.80000000,1714147199999,3201138.34186000,6917,2189523.30000000,1542107.04638000,0
1714147200000,0.70600000,0.70820000,0.70210000,0.70530000,2367659.90000000,1714150799999,1671451.91601000,3918,1106771.00000000,781174.11125000,0
1714150800000,0.70520000,0.70990000,0.70400000,0.70940000,1789937.10000000,1714154399999,1266078.91173000,2919,1023180.90000000,723630.02571000,0
1714154400000,0.70950000,0.71360000,0.70770000,0.71240000,2503243.20000000,1714157999999,1780901.47861000,2988,1461082.00000000,1039479.69882000,0
1714158000000,0.71240000,0.71240000,0.70920000,0.70940000,1254949.60000000,1714161599999,892380.22492000,1949,463620.00000000,329602.11008000,0
1714161600000,0.70940000,0.71550000,0.70940000,0.71220000,1593183.00000000,1714165199999,1135571.38980000,2411,838067.10000000,597256.65237000,0
1714165200000,0.71210000,0.71390000,0.70990000,0.71310000,945542.40000000,1714168799999,672889.08134000,1916,416901.80000000,296676.35688000,0
1714168800000,0.71300000,0.71310000,0.70100000,0.70260000,2078001.70000000,1714172399999,1465843.16494000,3559,1035223.90000000,730294.65269000,0
1714172400000,0.70260000,0.70540000,0.70220000,0.70320000,665811.00000000,1714175999999,468554.27123000,1232,309615.20000000,217875.61460000,0
1714176000000,0.70320000,0.70600000,0.69250000,0.69780000,3002846.60000000,1714179599999,2097488.00141000,5475,1486409.10000000,1038259.14849000,0
1714179600000,0.69790000,0.69820000,0.68070000,0.68660000,8654389.70000000,1714183199999,5949968.65437000,14054,4175687.80000000,2870479.66969000,0
1714183200000,0.68650000,0.69900000,0.68450000,0.69460000,2536512.20000000,1714186799999,1755687.85917000,4248,1400092.40000000,968971.59225000,0
1714186800000,0.69470000,0.70060000,0.69420000,0.69890000,1343451.50000000,1714190399999,937611.21573000,2038,802760.30000000,560242.82622000,0
1714190400000,0.69860000,0.70200000,0.69770000,0.70080000,1249078.10000000,1714193999999,874315.61553000,1856,675473.50000000,472791.82522000,0
1714194000000,0.70080000,0.70130000,0.69570000,0.69900000,1331391.40000000,1714197599999,929523.55040000,2015,681093.20000000,475523.58148000,0
1714197600000,0.69900000,0.70210000,0.69670000,0.69880000,1492289.70000000,1714201199999,1043831.78944000,2208,811378.60000000,567607.62431000,0
1714201200000,0.69880000,0.70090000,0.69480000,0.69510000,950486.10000000,1714204799999,663161.60650000,1663,446584.30000000,311673.46868000,0
1714204800000,0.69500000,0.69640000,0.69310000,0.69590000,1547872.30000000,1714208399999,1075289.70439000,2192,794743.40000000,552086.93223000,0
1714208400000,0.69580000,0.69900000,0.69330000,0.69660000,1329431.50000000,1714211999999,924889.22107000,2051,606542.80000000,421897.39353000,0
1714212000000,0.69660000,0.69740000,0.69080000,0.69130000,1779378.60000000,1714215599999,1234542.58219000,2707,742091.00000000,514748.65086000,0
1714215600000,0.69120000,0.69620000,0.68830000,0.69360000,2470808.70000000,1714219199999,1711608.75869000,3480,1339510.50000000,928119.48555000,0
1714219200000,0.69350000,0.69940000,0.69210000,0.69760000,1610197.40000000,1714222799999,1122144.73586000,2424,969779.50000000,675811.38948000,0
1714222800000,0.69760000,0.70120000,0.69630000,0.70090000,1181682.20000000,1714226399999,825940.85098000,2169,674366.60000000,471436.37090000,0
1714226400000,0.70080000,0.70590000,0.69890000,0.70170000,3080677.30000000,1714229999999,2164100.79790000,4197,1567128.70000000,1101211.00017000,0
1714230000000,0.70160000,0.70420000,0.69790000,0.69950000,1678611.40000000,1714233599999,1176816.49374000,2469,751899.20000000,527257.35379000,0
1714233600000,0.69950000,0.70230000,0.69760000,0.70000000,1934920.20000000,1714237199999,1354539.37281000,2623,936572.90000000,655611.21218000,0
1714237200000,0.69980000,0.73000000,0.69980000,0.72840000,7273252.50000000,1714240799999,5211041.81952000,10437,3886575.70000000,2783638.57482000,0
1714240800000,0.72830000,0.73620000,0.71690000,0.72600000,9697420.70000000,1714244399999,7044881.23615000,13998,5006285.50000000,3636329.83469000,0
1714244400000,0.72580000,0.72880000,0.72090000,0.72870000,3627115.60000000,1714247999999,2625137.21209000,4836,1792116.50000000,1296923.57928000,0
1714248000000,0.72870000,0.73130000,0.72360000,0.72950000,2567090.00000000,1714251599999,1870114.86593000,4743,1302006.90000000,948699.40456000,0
1714251600000,0.72950000,0.73400000,0.72720000,0.73270000,1667994.20000000,1714255199999,1218661.39451000,3209,947714.10000000,692344.06982000,0
1714255200000,0.73280000,0.73430000,0.72840000,0.73110000,2154127.80000000,1714258799999,1574732.99833000,3486,1144633.40000000,836636.02333000,0
1714258800000,0.73120000,0.73440000,0.72990000,0.73290000,2146340.20000000,1714262399999,1572003.69336000,3125,1120817.00000000,820675.95737000,0
1714262400000,0.73290000,0.73750000,0.73230000,0.73650000,2774950.60000000,1714265999999,2038475.45303000,4032,1693886.60000000,1244372.01620000,0
1714266000000,0.73640000,0.73960000,0.73230000,0.73800000,1793497.00000000,1714269599999,1321252.28736000,2883,1053898.80000000,776411.65292000,0
1714269600000,0.73810000,0.74920000,0.73710000,0.74750000,2960277.30000000,1714273199999,2199026.96294000,5562,1765042.50000000,1311116.30225000,0
1714273200000,0.74750000,0.74960000,0.74510000,0.74560000,2685784.00000000,1714276799999,2007227.60783000,3982,1349251.30000000,1008499.91061000,0
1714276800000,0.74560000,0.74650000,0.74200000,0.74310000,1590735.20000000,1714280399999,1182893.34805000,4506,886280.30000000,659093.42402000,0
1714280400000,0.74310000,0.74420000,0.74080000,0.74160000,1272455.10000000,1714283999999,944248.22052000,3456,703130.70000000,521813.44308000,0
1714284000000,0.74170000,0.74380000,0.73900000,0.74140000,3033012.00000000,1714287599999,2249230.96211000,3966,1702268.40000000,1262177.44017000,0
1714287600000,0.74140000,0.74380000,0.73870000,0.73930000,1343889.70000000,1714291199999,995311.82074000,2216,640677.40000000,474685.53050000,0
1714291200000,0.73930000,0.74100000,0.73400000,0.73520000,2095670.80000000,1714294799999,1544212.41275000,3105,955580.90000000,704223.45088000,0
1714294800000,0.73520000,0.73680000,0.73220000,0.73340000,920533.30000000,1714298399999,676399.14333000,2007,445386.50000000,327273.08035000,0
1714298400000,0.73340000,0.73500000,0.72810000,0.73040000,1649144.30000000,1714301999999,1206176.91240000,2780,838488.40000000,613241.27042000,0
1714302000000,0.73040000,0.73120000,0.72500000,0.72600000,1770241.40000000,1714305599999,1288009.28739000,2716,758259.10000000,551543.64963000,0
1714305600000,0.72600000,0.72930000,0.72550000,0.72760000,1382244.10000000,1714309199999,1005780.12435000,2385,758426.80000000,551866.49644000,0
1714309200000,0.72760000,0.73530000,0.72710000,0.73230000,1619109.10000000,1714312799999,1185245.54554000,2633,935502.20000000,684744.62351000,0
1714312800000,0.73210000,0.73460000,0.72960000,0.73380000,1289846.60000000,1714316399999,944577.41843000,2084,648158.00000000,474714.80599000,0
1714316400000,0.73380000,0.73870000,0.73200000,0.73340000,2949145.60000000,1714319999999,2168206.68967000,3630,1340729.90000000,985469.98171000,0
1714320000000,0.73340000,0.73860000,0.73290000,0.73640000,3115488.50000000,1714323599999,2290571.74463000,3660,1586475.10000000,1166480.90270000,0
1714323600000,0.73640000,0.73860000,0.73520000,0.73810000,1149074.50000000,1714327199999,847123.75652000,1731,575915.10000000,424497.56778000,0
1714327200000,0.73810000,0.74200000,0.73560000,0.74000000,1400313.40000000,1714330799999,1034176.86276000,2508,893915.30000000,660185.23245000,0
1714330800000,0.73990000,0.74170000,0.73830000,0.73900000,1158478.50000000,1714334399999,857132.02582000,2265,546021.10000000,403976.94430000,0
1714334400000,0.73890000,0.74210000,0.73820000,0.74190000,1047543.50000000,1714337999999,775477.36346000,1952,505865.00000000,374543.99100000,0
1714338000000,0.74180000,0.74210000,0.73670000,0.73790000,938277.50000000,1714341599999,694035.40293000,1821,424370.50000000,313828.15844000,0
1714341600000,0.73780000,0.73880000,0.72720000,0.73010000,3441640.50000000,1714345199999,2517920.18423000,5656,1795099.50000000,1312759.18722000,0
1714345200000,0.73010000,0.73010000,0.71840000,0.72130000,3881174.50000000,1714348799999,2806742.82484000,6192,2087787.30000000,1510069.88065000,0
1714348800000,0.72140000,0.72700000,0.71970000,0.72700000,1409287.90000000,1714352399999,1019803.27707000,2518,812242.30000000,587895.47166000,0
1714352400000,0.72690000,0.73200000,0.72370000,0.73160000,1907939.80000000,1714355999999,1389581.47607000,3372,848662.30000000,618287.44167000,0
1714356000000,0.73170000,0.73340000,0.71610000,0.71880000,2964874.90000000,1714359599999,2145188.96910000,5189,1403453.50000000,1015245.26852000,0
1714359600000,0.71880000,0.72000000,0.70790000,0.70820000,3425588.20000000,1714363199999,2444060.17308000,6027,1522306.00000000,1086102.60726000,0
1714363200000,0.70820000,0.71630000,0.70620000,0.71440000,1799693.30000000,1714366799999,1282930.81319000,3573,903474.70000000,643806.73664000,0
1714366800000,0.71440000,0.71440000,0.70810000,0.71380000,1421901.30000000,1714370399999,1011973.23323000,2598,707081.00000000,503289.44188000,0
1714370400000,0.71380000,0.71400000,0.69670000,0.70190000,4557041.90000000,1714373999999,3203594.73625000,7684,2244604.00000000,1578596.44008000,0
1714374000000,0.70220000,0.70600000,0.70050000,0.70350000,1769676.50000000,1714377599999,1244560.98659000,3343,875555.80000000,615765.36501000,0
1714377600000,0.70360000,0.70510000,0.69730000,0.70230000,1882035.60000000,1714381199999,1319781.71303000,3464,865198.20000000,606602.70772000,0
1714381200000,0.70220000,0.70670000,0.69910000,0.70370000,2374424.40000000,1714384799999,1667840.70735000,4157,982577.00000000,690177.15957000,0
1714384800000,0.70380000,0.70640000,0.69890000,0.70130000,2328989.20000000,1714388399999,1637621.73475000,3591,1079566.90000000,759134.84291000,0
1714388400000,0.70120000,0.70280000,0.69550000,0.69860000,2455836.70000000,1714391999999,1717050.91572000,3884,1030928.00000000,720898.08287000,0
1714392000000,0.69850000,0.70310000,0.69340000,0.70250000,2702520.30000000,1714395599999,1889608.03384000,4533,1254539.10000000,877422.11553000,0
1714395600000,0.70260000,0.70440000,0.69450000,0.70030000,5779755.60000000,1714399199999,4039766.88345000,8168,2908453.10000000,2032354.79582000,0
1714399200000,0.70020000,0.71450000,0.69680000,0.71240000,5347905.10000000,1714402799999,3787898.59278000,8098,2345099.80000000,1660488.74622000,0
1714402800000,0.71240000,0.71470000,0.71020000,0.71310000,2372709.50000000,1714406399999,1689843.75295000,3995,1114699.30000000,793797.90756000,0
1714406400000,0.71310000,0.71400000,0.69650000,0.69830000,5331768.50000000,1714409999999,3755976.34300000,7773,2335719.40000000,1644681.47841000,0
1714410000000,0.69810000,0.70210000,0.69730000,0.70000000,2393523.00000000,1714413599999,1675467.89942000,3626,1125674.90000000,787963.38139000,0
1714413600000,0.69990000,0.70060000,0.69430000,0.69770000,2030876.90000000,1714417199999,1416337.60548000,3568,1049986.70000000,732257.98938000,0
1714417200000,0.69760000,0.69770000,0.68890000,0.69460000,3511557.00000000,1714420799999,2431630.03186000,5870,1659890.40000000,1149453.48015000,0
1714420800000,0.69470000,0.70060000,0.69300000,0.69730000,2193335.50000000,1714424399999,1529716.82792000,3625,1368669.80000000,954317.06098000,0
1714424400000,0.69710000,0.69800000,0.69230000,0.69440000,1422966.30000000,1714427999999,988467.12095000,2418,689043.10000000,478528.38261000,0
1714428000000,0.69430000,0.70940000,0.69400000,0.70840000,4003306.70000000,1714431599999,2820066.19993000,6890,2184100.60000000,1538698.47439000,0
1714431600000,0.70850000,0.71200000,0.70390000,0.70430000,2219286.70000000,1714435199999,1573202.26442000,4492,1056685.20000000,749373.09732000,0
1714435200000,0.70430000,0.71320000,0.70010000,0.71070000,3099972.00000000,1714438799999,2189764.26273000,5609,1802003.50000000,1272793.82823000,0
1714438800000,0.71070000,0.71080000,0.69530000,0.69570000,2404845.60000000,1714442399999,1692087.39666000,4788,1367140.90000000,962351.58342000,0
1714442400000,0.69560000,0.70340000,0.68790000,0.70260000,3223735.60000000,1714445999999,2240129.36622000,6704,1469990.60000000,1021730.22309000,0
1714446000000,0.70240000,0.70360000,0.69930000,0.70040000,1115141.60000000,1714449599999,782196.23827000,2205,527627.50000000,370062.84343000,0
1714449600000,0.70040000,0.70130000,0.69590000,0.69610000,1514778.70000000,1714453199999,1056786.09277000,2567,645015.90000000,449982.24717000,0
1714453200000,0.69610000,0.69830000,0.69090000,0.69590000,1570535.60000000,1714456799999,1090837.04190000,2956,732041.60000000,508575.30767000,0
1714456800000,0.69590000,0.69890000,0.69470000,0.69810000,744220.00000000,1714460399999,518998.45497000,1694,417239.00000000,290975.40397000,0
1714460400000,0.69800000,0.69880000,0.69370000,0.69410000,1588502.50000000,1714463999999,1106890.40470000,2695,722897.50000000,503712.79405000,0
1714464000000,0.69400000,0.69590000,0.67070000,0.67410000,6793291.90000000,1714467599999,4630866.07408000,12622,2813039.70000000,1917380.33833000,0
1714467600000,0.67390000,0.67810000,0.67110000,0.67220000,4573950.60000000,1714471199999,3082208.31634000,7662,2338459.90000000,1575972.06708000,0
1714471200000,0.67210000,0.67390000,0.66720000,0.67100000,2650792.50000000,1714474799999,1778044.10369000,5168,1264580.50000000,848228.22270000,0
1714474800000,0.67080000,0.67080000,0.66130000,0.66500000,4149695.40000000,1714478399999,2761783.61290000,7177,1682024.00000000,1119400.07332000,0
1714478400000,0.66510000,0.66810000,0.65480000,0.66110000,7101016.90000000,1714481999999,4696283.39382000,13141,3220218.30000000,2130166.15456000,0
1714482000000,0.66120000,0.66370000,0.65680000,0.66010000,2995783.20000000,1714485599999,1979690.12342000,5688,1219016.90000000,805698.52320000,0
1714485600000,0.65990000,0.66960000,0.65910000,0.66620000,4004995.70000000,1714489199999,2662799.57340000,6807,1957140.30000000,1301405.85152000,0
1714489200000,0.66600000,0.66960000,0.65760000,0.66100000,3730944.90000000,1714492799999,2475697.19098000,5723,1877105.00000000,1246163.08437000,0
1714492800000,0.66100000,0.66120000,0.64670000,0.65760000,7083121.80000000,1714496399999,4633008.35000000,11587,3044502.50000000,1991285.43289000,0
1714496400000,0.65760000,0.66010000,0.65500000,0.65780000,1640537.70000000,1714499999999,1079787.80678000,3341,773903.10000000,509381.95243000,0
1714500000000,0.65770000,0.66000000,0.65410000,0.66000000,1909033.60000000,1714503599999,1254786.40955000,3573,992491.70000000,652422.22444000,0
1714503600000,0.65990000,0.66180000,0.64990000,0.65240000,4131256.30000000,1714507199999,2703464.28659000,6851,1746294.90000000,1142857.55281000,0
1714507200000,0.65260000,0.66270000,0.65250000,0.65930000,2710085.50000000,1714510799999,1786506.25091000,4822,1380545.30000000,910441.18507000,0
1714510800000,0.65940000,0.66260000,0.65920000,0.66120000,1473947.30000000,1714514399999,974536.90367000,2423,721844.50000000,477285.85691000,0
1714514400000,0.66100000,0.67100000,0.66000000,0.66660000,2840657.00000000,1714517999999,1892674.79361000,4571,1553399.70000000,1034594.41604000,0
1714518000000,0.66650000,0.67000000,0.66300000,0.66730000,1323345.90000000,1714521599999,881904.34916000,2576,638544.30000000,425416.79765000,0
