1719792000000,0.56110000,0.56160000,0.55820000,0.55900000,1099888.50000000,1719795599999,616081.51765000,1826,513913.70000000,287904.14670000,0
1719795600000,0.55900000,0.56880000,0.55770000,0.56680000,3093976.70000000,1719799199999,1746676.15792000,4708,1614823.70000000,911334.12992000,0
1719799200000,0.56700000,0.56770000,0.56440000,0.56660000,1343716.20000000,1719802799999,760694.82393000,2663,636015.60000000,360102.07856000,0
1719802800000,0.56670000,0.56820000,0.56480000,0.56650000,762039.60000000,1719806399999,431632.59312000,1708,337577.40000000,191218.95530000,0
1719806400000,0.56650000,0.56760000,0.56480000,0.56620000,859697.30000000,1719809999999,486900.46184000,1547,422082.00000000,239044.22807000,0
1719810000000,0.56620000,0.56660000,0.56420000,0.56540000,721172.20000000,1719813599999,407887.05353000,1367,364792.50000000,206396.29241000,0
1719813600000,0.56540000,0.56560000,0.56280000,0.56340000,538263.20000000,1719817199999,303380.78967000,1415,286210.40000000,161319.19805000,0
1719817200000,0.56340000,0.56730000,0.56320000,0.56630000,659479.00000000,1719820799999,373051.90111000,1559,253834.70000000,143546.76231000,0
1719820800000,0.56630000,0.56740000,0.56220000,0.56550000,1733518.00000000,1719824399999,979064.15344000,3625,590683.40000000,333554.78991000,0
1719824400000,0.56550000,0.56870000,0.56450000,0.56790000,1039821.10000000,1719827999999,589443.47875000,3177,538120.40000000,305005.80345000,0
1719828000000,0.56780000,0.56850000,0.56410000,0.56650000,720440.10000000,1719831599999,407812.65070000,1755,284149.00000000,160882.51834000,0
1719831600000,0.56660000,0.56790000,0.56180000,0.56300000,1765037.20000000,1719835199999,996732.45373000,3510,750521.80000000,423882.67832000,0
1719835200000,0.56300000,0.56380000,0.56160000,0.56260000,925827.70000000,1719838799999,520861.53245000,2414,466336.20000000,262337.72383000,0
1719838800000,0.56270000,0.56330000,0.55680000,0.55770000,1564992.90000000,1719842399999,875731.76464000,3350,643974.00000000,360338.76757000,0
1719842400000,0.55770000,0.55890000,0.55350000,0.55560000,2038079.00000000,1719845999999,1132390.58952000,4531,1153495.10000000,640891.19744000,0
1719846000000,0.55550000,0.56010000,0.55440000,0.55830000,1494398.50000000,1719849599999,832544.74796000,3592,834815.60000000,465053.07393000,0
1719849600000,0.55840000,0.56050000,0.55610000,0.56020000,1404454.40000000,1719853199999,784479.01844000,2988,755967.30000000,422434.84613000,0
1719853200000,0.56020000,0.56490000,0.55960000,0.56490000,3309572.00000000,1719856799999,1864902.82390000,5069,2454224.40000000,1383447.48298000,0
1719856800000,0.56500000,0.56960000,0.56460000,0.56630000,1919016.20000000,1719860399999,1088341.33784000,4315,723415.80000000,410191.08969000,0
1719860400000,0.56620000,0.56810000,0.56450000,0.56620000,970013.30000000,1719863999999,549212.42498000,1913,426262.10000000,241401.79607000,0
1719864000000,0.56620000,0.56790000,0.56540000,0.56620000,538604.40000000,1719867599999,305261.56022000,1212,252527.00000000,143137.37307000,0
1719867600000,0.56620000,0.56730000,0.56150000,0.56270000,778699.50000000,1719871199999,439333.99248000,1545,303340.10000000,171063.56976000,0
1719871200000,0.56260000,0.56330000,0.55780000,0.55990000,1667094.40000000,1719874799999,934086.76992000,2490,818474.90000000,458600.77491000,0
1719874800000,0.55990000,0.56040000,0.55730000,0.55780000,783336.60000000,1719878399999,437582.71757000,1256,254814.60000000,142293.32109000,0
1719878400000,0.55790000,0.55870000,0.55610000,0.55710000,880702.40000000,1719881999999,490999.94154000,2155,443940.20000000,247536.43237000,0
1719882000000,0.55690000,0.55780000,0.55560000,0.55720000,739453.80000000,1719885599999,411736.09933000,1388,413902.30000000,230480.37819000,0
1719885600000,0.55710000,0.55830000,0.55600000,0.55820000,516627.00000000,1719889199999,287747.25146000,1264,327198.20000000,182263.32038000,0
1719889200000,0.55800000,0.56350000,0.55800000,0.56160000,1141994.60000000,1719892799999,639889.82725000,2122,653845.90000000,366171.65117000,0
1719892800000,0.56160000,0.56360000,0.56080000,0.56080000,652481.40000000,1719896399999,366728.34086000,1502,313336.40000000,176128.52547000,0
1719896400000,0.56100000,0.56450000,0.56090000,0.56440000,571189.40000000,1719899999999,321602.55736000,1438,286648.20000000,161350.97499000,0
1719900000000,0.56450000,0.56480000,0.56040000,0.56310000,1313593.80000000,1719903599999,738803.66524000,2457,687563.70000000,386600.91153000,0
1719903600000,0.56320000,0.56350000,0.55890000,0.56030000,902856.90000000,1719907199999,506205.56913000,1914,318566.80000000,178618.38086000,0
1719907200000,0.56030000,0.56280000,0.55860000,0.56150000,1541300.20000000,1719910799999,863645.81017000,5505,678539.30000000,380277.39732000,0
1719910800000,0.56150000,0.56490000,0.56100000,0.56440000,994673.00000000,1719914399999,560492.61701000,2319,464194.10000000,261553.34870000,0
1719914400000,0.56420000,0.56700000,0.56280000,0.56550000,1207314.90000000,1719917999999,682423.32203000,2808,406601.90000000,229920.14738000,0
1719918000000,0.56560000,0.57040000,0.56550000,0.56810000,1868916.00000000,1719921599999,1062012.61882000,3315,904768.40000000,514098.95634000,0
1719921600000,0.56800000,0.56960000,0.56630000,0.56780000,1486164.60000000,1719925199999,843912.47609000,2296,701427.60000000,398358.10858000,0
1719925200000,0.56790000,0.57240000,0.56580000,0.56710000,2204304.90000000,1719928799999,1255620.55690000,4694,1076860.40000000,613515.80701000,0
1719928800000,0.56700000,0.56920000,0.56280000,0.56610000,4936877.00000000,1719932399999,2790856.02035000,6496,1684337.90000000,952560.75638000,0
1719932400000,0.56610000,0.56910000,0.56450000,0.56730000,1024795.90000000,1719935999999,581164.30617000,2413,547686.10000000,310620.70864000,0
1719936000000,0.56740000,0.56790000,0.56430000,0.56630000,604131.50000000,1719939599999,342097.33811000,1696,325011.60000000,184033.24937000,0
1719939600000,0.56620000,0.56640000,0.56320000,0.56620000,589737.80000000,1719943199999,332879.91073000,1646,320207.50000000,180726.25664000,0
1719943200000,0.56620000,0.57310000,0.56620000,0.57220000,1559718.30000000,1719946799999,889488.49526000,3151,1011912.60000000,576983.78401000,0
1719946800000,0.57230000,0.57320000,0.56920000,0.57020000,1094889.50000000,1719950399999,624780.57187000,1724,379759.70000000,216748.17095000,0
1719950400000,0.57020000,0.57310000,0.57020000,0.57170000,872720.40000000,1719953999999,499110.56922000,1756,433235.20000000,247764.39741000,0
1719954000000,0.57170000,0.57420000,0.57090000,0.57300000,1029189.40000000,1719957599999,589212.16251000,1735,431565.80000000,247159.13998000,0
1719957600000,0.57310000,0.57440000,0.56890000,0.56960000,811073.80000000,1719961199999,463158.65766000,1482,349148.40000000,199431.70599000,0
1719961200000,0.56950000,0.57380000,0.56940000,0.57150000,1188887.10000000,1719964799999,679819.41187000,2023,868553.30000000,496548.29803000,0
1719964800000,0.57160000,0.57400000,0.57160000,0.57160000,611732.90000000,1719968399999,350399.95741000,1367,388205.40000000,222352.25104000,0
1719968400000,0.57160000,0.57160000,0.56670000,0.56810000,1884253.00000000,1719971999999,1071332.12265000,3498,770105.10000000,437756.33823000,0
1719972000000,0.56790000,0.56920000,0.56540000,0.56780000,1363886.00000000,1719975599999,773763.31433000,2323,498670.10000000,282855.54420000,0
1719975600000,0.56780000,0.56780000,0.55770000,0.56180000,3602268.30000000,1719979199999,2023621.99318000,5981,1557404.30000000,874539.22132000,0
1719979200000,0.56170000,0.56230000,0.55770000,0.55900000,1218563.70000000,1719982799999,682437.33856000,2006,643147.30000000,360068.92698000,0
1719982800000,0.55880000,0.56080000,0.55750000,0.56070000,891987.50000000,1719986399999,498316.17203000,1580,513493.50000000,286875.16045000,0
1719986400000,0.56060000,0.56310000,0.55930000,0.56300000,823854.30000000,1719989999999,461981.87734000,1896,403833.70000000,226532.33757000,0
1719990000000,0.56310000,0.56380000,0.55910000,0.55970000,1902280.00000000,1719993599999,1066582.69726000,2685,522479.80000000,292904.78216000,0
1719993600000,0.55970000,0.56150000,0.55720000,0.55850000,1805486.80000000,1719997199999,1009504.32368000,2870,773543.70000000,432471.92259000,0
1719997200000,0.55860000,0.56110000,0.55740000,0.55770000,1611040.10000000,1720000799999,900743.36365000,2180,782290.00000000,437574.70046000,0
1720000800000,0.55780000,0.55810000,0.54510000,0.55240000,6784521.30000000,1720004399999,3737634.06891000,10085,3358746.70000000,1849621.50914000,0
1720004400000,0.55230000,0.55230000,0.54640000,0.54910000,2370574.70000000,1720007999999,1302428.54865000,3911,1125214.00000000,618315.37375000,0
1720008000000,0.54900000,0.54900000,0.53850000,0.54140000,5301413.60000000,1720011599999,2876068.63952000,7255,2750122.00000000,1491482.43929000,0
1720011600000,0.54120000,0.54870000,0.53850000,0.54810000,2798073.00000000,1720015199999,1523055.46940000,4110,1716251.50000000,933969.01093000,0
1720015200000,0.54820000,0.54910000,0.54250000,0.54260000,1542585.00000000,1720018799999,841822.22130000,3004,643556.30000000,351402.21692000,0
1720018800000,0.54260000,0.54420000,0.53970000,0.54170000,2281905.60000000,1720022399999,1236094.09223000,3714,1248512.50000000,676460.85418000,0
1720022400000,0.54170000,0.54170000,0.53730000,0.54040000,2701675.70000000,1720025999999,1457163.87877000,5374,1295689.00000000,698752.09083000,0
1720026000000,0.54050000,0.54100000,0.53300000,0.53440000,2705280.90000000,1720029599999,1450994.66458000,4150,1187273.70000000,636750.73853000,0
1720029600000,0.53440000,0.53780000,0.53190000,0.53410000,2375925.80000000,1720033199999,1269968.59183000,4089,1235112.80000000,660300.06841000,0
1720033200000,0.53410000,0.53420000,0.52620000,0.52980000,5606604.10000000,1720036799999,2974205.26759000,9362,2558178.20000000,1356937.05886000,0
1720036800000,0.52960000,0.53140000,0.52640000,0.52710000,1983863.90000000,1720040399999,1049081.56962000,3397,908562.70000000,480468.73681000,0
1720040400000,0.52720000,0.53330000,0.52670000,0.53260000,1999202.50000000,1720043999999,1058204.56073000,3108,1177106.80000000,623281.85925000,0
1720044000000,0.53250000,0.53350000,0.52980000,0.53210000,1267945.40000000,1720047599999,673958.98075000,2059,694891.10000000,369396.60992000,0
1720047600000,0.53210000,0.53210000,0.52930000,0.53110000,1032441.60000000,1720051199999,548210.07458000,2165,438253.10000000,232588.28446000,0
1720051200000,0.53110000,0.53560000,0.53080000,0.53200000,1414863.20000000,1720054799999,754219.31355000,2455,620647.70000000,330922.21309000,0
1720054800000,0.53200000,0.53260000,0.50970000,0.51370000,13440376.50000000,1720058399999,6966709.44348000,20763,5857186.00000000,3039375.14766000,0
1720058400000,0.51360000,0.52400000,0.50580000,0.52000000,6986127.20000000,1720061999999,3597051.09920000,12345,3565653.90000000,1836311.29383000,0
1720062000000,0.52000000,0.52200000,0.51800000,0.52180000,1267252.40000000,1720065599999,658828.20574000,2800,604747.30000000,314376.95291000,0
1720065600000,0.52170000,0.52180000,0.51970000,0.52130000,906128.80000000,1720069199999,472074.66355000,1904,424854.00000000,221352.00776000,0
1720069200000,0.52140000,0.52210000,0.51990000,0.52090000,715657.90000000,1720072799999,372892.00197000,1491,503705.10000000,262467.84268000,0
1720072800000,0.52090000,0.52090000,0.51530000,0.51790000,2092568.70000000,1720076399999,1085133.07576000,3914,1048516.50000000,543744.77511000,0
1720076400000,0.51790000,0.51870000,0.51310000,0.51460000,2665339.50000000,1720079999999,1374803.16017000,4028,1173668.40000000,605333.77123000,0
1720080000000,0.51450000,0.51740000,0.50920000,0.51650000,4136273.60000000,1720083599999,2124919.74363000,6540,1823474.50000000,936932.50894000,0
1720083600000,0.51640000,0.51690000,0.50910000,0.51440000,5187672.60000000,1720087199999,2656161.46665000,6463,2763312.90000000,1414883.14449000,0
1720087200000,0.51440000,0.51440000,0.50720000,0.51340000,2277552.50000000,1720090799999,1163097.38846000,3717,1106615.70000000,565125.84181000,0
1720090800000,0.51330000,0.51440000,0.51140000,0.51190000,1642114.70000000,1720094399999,841781.58410000,3277,740034.20000000,379358.54442000,0
1720094400000,0.51190000,0.51190000,0.50090000,0.50100000,6041080.20000000,1720097999999,3056116.75240000,8207,2772417.50000000,1402661.48044000,0
1720098000000,0.50110000,0.50370000,0.49260000,0.50330000,11631902.80000000,1720101599999,5790988.28761000,16424,5016990.40000000,2497128.85708000,0
1720101600000,0.50330000,0.50480000,0.50000000,0.50350000,4384737.40000000,1720105199999,2204893.29372000,6372,2090074.50000000,1051043.40012000,0
1720105200000,0.50340000,0.50700000,0.50010000,0.50570000,3555524.80000000,1720108799999,1789442.70279000,6826,2041063.60000000,1027321.65616000,0
1720108800000,0.50570000,0.50940000,0.50180000,0.50710000,4645814.10000000,1720112399999,2349525.08415000,5828,2437705.10000000,1232502.44807000,0
1720112400000,0.50710000,0.50950000,0.50580000,0.50900000,1449541.10000000,1720115999999,735312.53923000,2698,696792.80000000,353490.20981000,0
1720116000000,0.50900000,0.50920000,0.50260000,0.50410000,2964630.80000000,1720119599999,1497364.30499000,5823,900623.70000000,454603.29783000,0
1720119600000,0.50410000,0.51010000,0.50410000,0.50630000,1780693.70000000,1720123199999,903431.76377000,2550,846523.40000000,429594.70288000,0
1720123200000,0.50630000,0.50890000,0.50540000,0.50880000,1215377.10000000,1720126799999,616214.74175000,1955,626790.80000000,317780.45574000,0
1720126800000,0.50870000,0.51280000,0.50710000,0.51100000,1506901.40000000,1720130399999,769151.08785000,2129,610979.80000000,311778.18560000,0
1720130400000,0.51090000,0.51270000,0.50720000,0.50730000,1687019.30000000,1720133999999,859784.24352000,2294,552077.20000000,281485.24468000,0
1720134000000,0.50740000,0.50760000,0.49360000,0.49430000,6322618.60000000,1720137599999,3157771.76492000,8619,2527885.80000000,1262306.73157000,0
1720137600000,0.49440000,0.49490000,0.46630000,0.48430000,23811984.60000000,1720141199999,11446898.95886000,31494,11075352.40000000,5320326.73359000,0
1720141200000,0.48430000,0.48550000,0.46760000,0.48130000,5040946.20000000,1720144799999,2404539.04762000,9249,2321297.40000000,1107814.68811000,0
1720144800000,0.48110000,0.48110000,0.43880000,0.44340000,18573830.50000000,1720148399999,8553674.64549000,23815,8314106.40000000,3829985.14713000,0
1720148400000,0.44360000,0.45120000,0.43140000,0.44110000,38543392.90000000,1720151999999,17079372.59113000,47355,19248025.30000000,8529961.59003000,0
1720152000000,0.44100000,0.44980000,0.42810000,0.44650000,19820599.60000000,1720155599999,8690804.89058000,21599,10074249.20000000,4418813.55835000,0
1720155600000,0.44660000,0.45160000,0.44450000,0.44940000,5646363.80000000,1720159199999,2532640.87274000,10643,2967890.70000000,1331365.46322000,0
1720159200000,0.44940000,0.44940000,0.44000000,0.44100000,6882654.80000000,1720162799999,3051882.48891000,10418,3376004.40000000,1496802.82799000,0
1720162800000,0.44100000,0.44460000,0.43870000,0.44320000,5418369.90000000,1720166399999,2392866.62114000,8641,2424399.30000000,1070973.09112000,0
1720166400000,0.44330000,0.44330000,0.43010000,0.43130000,7161419.20000000,1720169999999,3117865.03152000,11792,3131690.50000000,1363063.53694000,0
1720170000000,0.43130000,0.44060000,0.42960000,0.44000000,10382636.50000000,1720173599999,4521554.30075000,12658,4655110.70000000,2027505.17062000,0
1720173600000,0.43990000,0.45170000,0.43960000,0.45050000,7270715.60000000,1720177199999,3248936.99551000,10214,3436946.90000000,1535036.95176000,0
1720177200000,0.45070000,0.46080000,0.45030000,0.45960000,4950193.30000000,1720180799999,2258212.80700000,7154,2416771.60000000,1102260.82873000,0
1720180800000,0.45960000,0.46270000,0.45420000,0.45630000,9073774.60000000,1720184399999,4156069.44441000,11138,4459459.40000000,2042381.22701000,0
1720184400000,0.45630000,0.46630000,0.45490000,0.46380000,4550649.30000000,1720187999999,2103528.68171000,7754,2332737.30000000,1078290.23181000,0
1720188000000,0.46370000,0.46390000,0.45730000,0.46010000,3756139.80000000,1720191599999,1728721.23232000,7587,1775974.00000000,817296.79153000,0
1720191600000,0.46020000,0.46650000,0.45480000,0.46360000,11009546.20000000,1720195199999,5086345.59070000,10828,5245731.40000000,2421364.14716000,0
1720195200000,0.46370000,0.46660000,0.45870000,0.45940000,6170723.00000000,1720198799999,2853123.28254000,8462,2662107.60000000,1231152.99440000,0
1720198800000,0.45930000,0.46690000,0.45780000,0.46530000,4057198.60000000,1720202399999,1876897.81399000,4582,1729957.20000000,800288.06280000,0
1720202400000,0.46530000,0.46940000,0.46120000,0.46900000,3073015.80000000,1720205999999,1429982.86614000,4234,1304772.30000000,607760.84530000,0
1720206000000,0.46890000,0.46960000,0.46630000,0.46820000,1507389.80000000,1720209599999,705143.19470000,2746,741954.80000000,347088.51165000,0
1720209600000,0.46810000,0.46920000,0.46620000,0.46850000,1020966.80000000,1720213199999,477362.73466000,1943,382260.60000000,178749.22565000,0
1720213200000,0.46850000,0.47080000,0.46750000,0.46910000,1131634.70000000,1720216799999,530910.54828000,2031,543958.80000000,255207.85810000,0
1720216800000,0.46910000,0.47100000,0.46590000,0.46680000,1558216.40000000,1720220399999,730013.92189000,2440,783126.00000000,366904.64018000,0
1720220400000,0.46680000,0.46960000,0.46650000,0.46780000,1265150.10000000,1720223999999,591897.01033000,2091,673279.70000000,315039.62619000,0
1720224000000,0.46780000,0.48060000,0.46610000,0.47120000,3207659.00000000,1720227599999,1519297.67750000,5809,1699146.60000000,805011.38451000,0
1720227600000,0.47110000,0.47170000,0.46690000,0.46790000,2050808.80000000,1720231199999,961186.90548000,3276,937739.70000000,439480.38065000,0
1720231200000,0.46840000,0.47220000,0.46520000,0.47040000,1503979.50000000,1720234799999,704684.36955000,3043,716071.80000000,335543.53124000,0
1720234800000,0.47000000,0.47100000,0.46850000,0.46880000,939332.50000000,1720238399999,441035.07927000,1805,416773.70000000,195719.60503000,0
1720238400000,0.46870000,0.47070000,0.46690000,0.46740000,857685.80000000,1720241999999,402106.96021000,1771,402810.80000000,188957.26429000,0
1720242000000,0.46740000,0.46830000,0.46590000,0.46750000,1496896.30000000,1720245599999,699176.87833000,2976,911423.10000000,425696.20350000,0
1720245600000,0.46740000,0.47620000,0.46740000,0.47410000,1292751.60000000,1720249199999,612337.95263000,2485,655139.00000000,310198.73041000,0
1720249200000,0.47400000,0.47960000,0.47350000,0.47890000,1502666.50000000,1720252799999,717829.86713000,2855,769087.40000000,367381.47409000,0
1720252800000,0.47890000,0.48070000,0.47690000,0.47770000,1460920.30000000,1720256399999,699268.97010000,2306,645022.20000000,308906.84529000,0
1720256400000,0.47770000,0.48330000,0.47610000,0.48270000,1787166.30000000,1720259999999,856644.13613000,3740,915558.10000000,439255.60720000,0
1720260000000,0.48260000,0.48520000,0.48160000,0.48430000,1427558.00000000,1720263599999,690520.47129000,2284,782055.90000000,378248.09335000,0
1720263600000,0.48420000,0.48480000,0.48200000,0.48430000,1181399.80000000,1720267199999,571091.30679000,1818,623318.00000000,301380.90168000,0
1720267200000,0.48430000,0.48560000,0.48280000,0.48490000,2873059.70000000,1720270799999,1391720.60953000,3143,1310789.00000000,634759.63901000,0
1720270800000,0.48480000,0.48990000,0.48360000,0.48800000,1670692.60000000,1720274399999,813770.58627000,3185,706044.60000000,343934.60121000,0
1720274400000,0.48800000,0.48960000,0.48320000,0.48340000,3567814.60000000,1720277999999,1731334.67880000,4652,1322714.10000000,641874.50635000,0
1720278000000,0.48340000,0.49040000,0.48330000,0.48850000,1721651.30000000,1720281599999,839082.84149000,3010,942020.60000000,458924.70317000,0
1720281600000,0.48850000,0.49980000,0.48780000,0.49830000,3191770.90000000,1720285199999,1580073.40873000,5661,1459515.20000000,722294.39067000,0
1720285200000,0.49830000,0.50050000,0.49730000,0.49960000,1842011.80000000,1720288799999,919522.68000000,3393,843159.20000000,420943.43232000,0
1720288800000,0.49960000,0.50210000,0.49950000,0.50170000,1570522.40000000,1720292399999,786950.76944000,2939,590920.00000000,296132.23454000,0
1720292400000,0.50170000,0.50480000,0.50080000,0.50460000,1131814.40000000,1720295999999,568933.51812000,2187,478345.10000000,240454.80737000,0
1720296000000,0.50450000,0.50610000,0.50290000,0.50340000,1560989.20000000,1720299599999,787998.66088000,2967,687686.50000000,347270.49547000,0
1720299600000,0.50330000,0.50560000,0.50250000,0.50270000,1386335.10000000,1720303199999,698376.22618000,2611,638646.70000000,321776.39932000,0
1720303200000,0.50260000,0.50690000,0.50260000,0.50650000,1647731.90000000,1720306799999,831595.75568000,2503,676609.90000000,341588.22377000,0
1720306800000,0.50640000,0.50860000,0.50490000,0.50630000,938487.00000000,1720310399999,475715.48028000,2174,459562.40000000,233003.83300000,0
1720310400000,0.50620000,0.50620000,0.49990000,0.50020000,1836535.30000000,1720313999999,923028.11380000,4018,745486.40000000,374884.39649000,0
1720314000000,0.50030000,0.50330000,0.49840000,0.50130000,2508265.30000000,1720317599999,1255156.35657000,4089,1315851.90000000,658544.96759000,0
1720317600000,0.50130000,0.50430000,0.50130000,0.50430000,1178366.20000000,1720321199999,592533.99639000,2226,630192.40000000,316913.44910000,0
1720321200000,0.50430000,0.50440000,0.49980000,0.50230000,927887.60000000,1720324799999,465212.83377000,1714,387666.20000000,194364.45589000,0
1720324800000,0.50220000,0.50270000,0.49690000,0.49710000,1525753.80000000,1720328399999,762248.82344000,2914,450587.10000000,225235.02708000,0
1720328400000,0.49720000,0.50080000,0.49510000,0.49980000,1432652.70000000,1720331999999,714168.36235000,3139,630691.30000000,314398.29243000,0
1720332000000,0.49970000,0.50180000,0.49880000,0.50050000,629717.50000000,1720335599999,315033.01289000,1613,299945.00000000,150017.67748000,0
1720335600000,0.50060000,0.50170000,0.49290000,0.49700000,1560459.50000000,1720339199999,774464.05892000,3221,672121.90000000,333525.90868000,0
1720339200000,0.49700000,0.49940000,0.49630000,0.49880000,863005.50000000,1720342799999,429856.77442000,2482,367451.30000000,183043.11642000,0
1720342800000,0.49880000,0.50130000,0.49670000,0.49940000,871871.40000000,1720346399999,434809.15220000,1875,435631.50000000,217267.65437000,0
1720346400000,0.49950000,0.50190000,0.49890000,0.49990000,961058.50000000,1720349999999,480914.91755000,2040,469550.90000000,234912.71448000,0
1720350000000,0.49970000,0.50070000,0.49760000,0.49850000,1200683.40000000,1720353599999,599152.95614000,2849,372184.80000000,185786.07425000,0
1720353600000,0.49850000,0.50180000,0.49430000,0.49590000,2148712.70000000,1720357199999,1069748.77446000,3770,915650.30000000,456380.07586000,0
1720357200000,0.49590000,0.49610000,0.48520000,0.48620000,3509622.80000000,1720360799999,1717671.57117000,7090,1714834.70000000,839275.85808000,0
1720360800000,0.48630000,0.48670000,0.47950000,0.48160000,3300852.20000000,1720364399999,1593538.50356000,5157,1629175.00000000,786480.76533000,0
1720364400000,0.48170000,0.48770000,0.48100000,0.48500000,2036704.70000000,1720367999999,985970.65885000,4141,1046366.70000000,506738.24467000,0
1720368000000,0.48500000,0.49090000,0.48360000,0.49030000,1363739.80000000,1720371599999,665395.04919000,3342,535675.70000000,261489.93090000,0
1720371600000,0.49040000,0.49560000,0.48810000,0.49470000,1528646.20000000,1720375199999,751871.41956000,2927,671833.80000000,330335.68090000,0
1720375200000,0.49470000,0.49730000,0.49010000,0.49100000,1421579.30000000,1720378799999,702836.53808000,2439,644537.50000000,318497.79319000,0
1720378800000,0.49090000,0.49320000,0.49030000,0.49150000,775887.70000000,1720382399999,381263.00637000,1351,507747.00000000,249499.10717000,0
1720382400000,0.49140000,0.49470000,0.49040000,0.49140000,1085786.10000000,1720385999999,534608.41877000,2082,534543.20000000,263172.89509000,0
1720386000000,0.49150000,0.49190000,0.48070000,0.48510000,3886194.30000000,1720389599999,1880245.35861000,4572,1927869.60000000,932357.16709000,0
1720389600000,0.48520000,0.48870000,0.47900000,0.47920000,2329605.40000000,1720393199999,1128366.68765000,3279,1212385.60000000,587370.85336000,0
1720393200000,0.47920000,0.48400000,0.47500000,0.47780000,2041648.60000000,1720396799999,977770.83289000,3220,1074903.20000000,514894.66000000,0
1720396800000,0.47790000,0.48230000,0.46710000,0.46860000,8810844.50000000,1720400399999,4196099.98399000,10244,4550752.90000000,2166477.76487000,0
1720400400000,0.46860000,0.46900000,0.46000000,0.46700000,6302525.60000000,1720403999999,2920916.06938000,8609,3091004.30000000,1432572.91221000,0
1720404000000,0.46690000,0.47500000,0.46460000,0.47460000,3470600.30000000,1720407599999,1631433.63993000,5553,1849569.40000000,869175.19319000,0
1720407600000,0.47480000,0.47770000,0.47120000,0.47420000,2051301.20000000,1720411199999,973599.12569000,3161,786175.50000000,373127.84445000,0
1720411200000,0.47410000,0.48320000,0.47330000,0.48280000,2596170.50000000,1720414799999,1242179.32390000,4216,1381074.60000000,660584.32154000,0
1720414800000,0.48280000,0.48570000,0.47990000,0.48400000,1677432.30000000,1720418399999,809224.21926000,2954,711217.10000000,343112.40200000,0
1720418400000,0.48410000,0.48990000,0.48170000,0.48550000,3153706.40000000,1720421999999,1535115.01645000,4206,1762478.90000000,857971.51645000,0
1720422000000,0.48560000,0.48690000,0.48270000,0.48540000,1550516.20000000,1720425599999,750927.08643000,2440,691841.60000000,335043.33962000,0
1720425600000,0.48530000,0.51140000,0.48450000,0.51010000,7989425.20000000,1720429199999,3998659.00229000,12038,3522154.30000000,1762579.95138000,0
1720429200000,0.51020000,0.51480000,0.50320000,0.50480000,6540572.70000000,1720432799999,3318876.21596000,8679,3449655.40000000,1748727.92206000,0
1720432800000,0.50490000,0.50920000,0.49820000,0.49940000,3241814.70000000,1720436399999,1635130.12629000,5229,1429971.50000000,721295.35339000,0
1720436400000,0.49950000,0.50940000,0.49910000,0.50730000,2063304.00000000,1720439999999,1042441.67173000,3989,1021373.40000000,515953.63514000,0
1720440000000,0.50700000,0.50840000,0.50350000,0.50590000,2232691.30000000,1720443599999,1129561.59371000,3543,1067294.10000000,539957.15130000,0
1720443600000,0.50580000,0.50990000,0.50090000,0.50410000,2513708.30000000,1720447199999,1271467.32934000,5199,1141063.60000000,577141.08823000,0
1720447200000,0.50410000,0.50700000,0.48110000,0.49540000,18694609.00000000,1720450799999,9206447.19801000,25645,8940386.20000000,4399478.98035000,0
1720450800000,0.49510000,0.50230000,0.48970000,0.49030000,4214960.00000000,1720454399999,2089335.37840000,7587,2077970.60000000,1029972.62815000,0
1720454400000,0.49030000,0.49400000,0.48590000,0.49110000,2686513.20000000,1720457999999,1317153.62808000,4978,1206004.60000000,591143.19447000,0
1720458000000,0.49100000,0.49560000,0.48890000,0.49240000,2457626.40000000,1720461599999,1210479.85374000,4262,1232825.40000000,607066.93064000,0
1720461600000,0.49230000,0.49530000,0.49070000,0.49430000,1915764.10000000,1720465199999,943216.10222000,2717,1141486.10000000,562238.41503000,0
1720465200000,0.49430000,0.49780000,0.49330000,0.49660000,1485313.00000000,1720468799999,736737.30100000,2224,803181.60000000,398342.91009000,0
1720468800000,0.49660000,0.49950000,0.49420000,0.49560000,1238828.60000000,1720472399999,615315.86953000,2314,649503.00000000,322532.07665000,0
1720472400000,0.49560000,0.50180000,0.49390000,0.50130000,2244581.30000000,1720475999999,1120071.06482000,3540,1064720.20000000,531262.08034000,0
1720476000000,0.50110000,0.50350000,0.49940000,0.50060000,803879.00000000,1720479599999,403092.36169000,1741,429911.40000000,215638.37203000,0
1720479600000,0.50050000,0.50250000,0.49990000,0.50180000,664464.80000000,1720483199999,333014.47299000,1117,343295.40000000,172027.57329000,0
1720483200000,0.50190000,0.50270000,0.49770000,0.50010000,1759259.10000000,1720486799999,879994.75432000,2842,905011.70000000,452688.17357000,0
1720486800000,0.50020000,0.50870000,0.49590000,0.49710000,8419895.50000000,1720490399999,4204787.12904000,8929,4243141.60000000,2119098.82152000,0
1720490400000,0.49710000,0.50580000,0.49420000,0.50570000,2703166.60000000,1720493999999,1349977.08351000,3723,1279467.50000000,639209.06916000,0
1720494000000,0.50570000,0.50620000,0.50050000,0.50270000,2158658.80000000,1720497599999,1086195.52927000,2757,792918.40000000,398894.93312000,0
1720497600000,0.50280000,0.50410000,0.49880000,0.50030000,2410305.80000000,1720501199999,1208545.57268000,3313,1114348.70000000,558626.29382000,0
1720501200000,0.50020000,0.50050000,0.49560000,0.49920000,2474026.70000000,1720504799999,1233015.41807000,3836,1438507.20000000,717064.34185000,0
1720504800000,0.49910000,0.50200000,0.49740000,0.49960000,2237382.90000000,1720508399999,1119491.20795000,2738,1123649.80000000,562290.83907000,0
1720508400000,0.49960000,0.50050000,0.49700000,0.49780000,1472574.00000000,1720511999999,733882.82379000,2370,782683.80000000,390094.66878000,0
1720512000000,0.49780000,0.50520000,0.49590000,0.50190000,3268155.10000000,1720515599999,1638764.27489000,3859,1683027.10000000,843834.72236000,0
1720515600000,0.50200000,0.50450000,0.50130000,0.50250000,920994.10000000,1720519199999,463352.34398000,1972,463216.40000000,233023.22795000,0
1720519200000,0.50250000,0.50390000,0.50020000,0.50070000,1123033.30000000,1720522799999,563427.78476000,2233,601265.30000000,301649.81484000,0
1720522800000,0.50070000,0.50220000,0.49770000,0.50160000,1288165.20000000,1720526399999,644462.96843000,2438,678889.90000000,339684.50195000,0
1720526400000,0.50150000,0.50230000,0.49890000,0.50030000,832585.60000000,1720529999999,416566.33203000,1738,446497.80000000,223391.46834000,0
1720530000000,0.50040000,0.50190000,0.49680000,0.49940000,1574297.20000000,1720533599999,785571.53282000,2512,710174.80000000,354427.39237000,0
1720533600000,0.49930000,0.50670000,0.49790000,0.49830000,4254952.40000000,1720537199999,2136036.69348000,6068,2084497.50000000,1046745.31241000,0
1720537200000,0.49830000,0.50030000,0.49490000,0.50010000,2711694.50000000,1720540799999,1348966.55163000,4112,1420269.30000000,706815.31271000,0
1720540800000,0.50020000,0.50170000,0.49710000,0.49950000,1688153.40000000,1720544399999,843102.04240000,2728,906383.30000000,452674.26695000,0
1720544400000,0.49940000,0.50010000,0.49390000,0.49430000,1719722.30000000,1720547999999,853558.17063000,2317,830116.50000000,412018.53895000,0
1720548000000,0.49430000,0.50120000,0.49340000,0.49870000,2199486.00000000,1720551599999,1094389.66385000,2833,1148835.00000000,571563.62146000,0
1720551600000,0.49880000,0.49970000,0.49760000,0.49960000,895155.30000000,1720555199999,446217.47934000,1477,423741.80000000,211252.05449000,0
1720555200000,0.49970000,0.50270000,0.49880000,0.50010000,1094424.20000000,1720558799999,547999.69226000,1737,655706.10000000,328316.08941000,0
1720558800000,0.50020000,0.50160000,0.49850000,0.50020000,1204563.80000000,1720562399999,602359.48563000,1600,715320.20000000,357636.49116000,0
1720562400000,0.50020000,0.50430000,0.49820000,0.49970000,2668415.10000000,1720565999999,1337439.98286000,2847,1103755.20000000,552946.20456000,0
1720566000000,0.49970000,0.50210000,0.49880000,0.50090000,688554.00000000,1720569599999,344456.81461000,1256,388013.70000000,194052.75399000,0
1720569600000,0.50100000,0.50100000,0.49380000,0.49450000,1510715.20000000,1720573199999,751273.37259000,2624,796427.50000000,395955.53229000,0
1720573200000,0.49450000,0.50130000,0.49280000,0.49910000,1768988.80000000,1720576799999,880201.96043000,2919,985523.10000000,490150.87763000,0
1720576800000,0.49900000,0.50140000,0.49670000,0.50030000,963917.30000000,1720580399999,481479.43629000,1709,434011.20000000,216673.34423000,0
1720580400000,0.50030000,0.50370000,0.50020000,0.50320000,994605.80000000,1720583999999,499103.32110000,1457,304368.30000000,152713.76250000,0
1720584000000,0.50320000,0.51300000,0.50310000,0.51210000,4997587.20000000,1720587599999,2542816.28006000,6254,2716366.70000000,1381568.34763000,0
1720587600000,0.51210000,0.51390000,0.50690000,0.50880000,2444835.20000000,1720591199999,1247250.77738000,3048,1132200.60000000,577649.94509000,0
1720591200000,0.50880000,0.51100000,0.50650000,0.51060000,1792726.90000000,1720594799999,912561.58962000,2408,886675.00000000,451440.67220000,0
1720594800000,0.51070000,0.51120000,0.50530000,0.50650000,1353499.60000000,1720598399999,687395.17527000,2410,505446.70000000,256637.27400000,0
1720598400000,0.50660000,0.50690000,0.50390000,0.50540000,1182192.20000000,1720601999999,597309.69686000,2307,513562.90000000,259467.59823000,0
1720602000000,0.50530000,0.50640000,0.50280000,0.50500000,1108546.30000000,1720605599999,559432.55092000,1667,545463.00000000,275309.22998000,0
1720605600000,0.50510000,0.50720000,0.50360000,0.50590000,1159133.60000000,1720609199999,586094.00615000,1553,686919.70000000,347432.92394000,0
1720609200000,0.50590000,0.50650000,0.50280000,0.50510000,1437585.40000000,1720612799999,725959.53091000,2211,816875.10000000,412510.46724000,0
1720612800000,0.50500000,0.50560000,0.50000000,0.50480000,2262632.50000000,1720616399999,1137134.80655000,3065,1277231.60000000,642055.00035000,0
1720616400000,0.50490000,0.50710000,0.50360000,0.50700000,2920934.80000000,1720619999999,1476322.87449000,3412,1263390.00000000,638590.38398000,0
1720620000000,0.50710000,0.50880000,0.50450000,0.50710000,2092280.70000000,1720623599999,1060809.97962000,2853,841211.30000000,426474.30996000,0
1720623600000,0.50700000,0.51320000,0.50460000,0.51090000,3195496.10000000,1720627199999,1628689.66404000,3940,1752153.40000000,893162.46298000,0
1720627200000,0.51080000,0.51580000,0.50970000,0.51120000,2194118.60000000,1720630799999,1125460.95606000,3428,1034990.20000000,530819.63795000,0
1720630800000,0.51120000,0.51430000,0.50950000,0.51340000,2080562.70000000,1720634399999,1063903.32884000,2689,1261409.00000000,645146.17186000,0
1720634400000,0.51330000,0.51370000,0.50960000,0.51110000,1182834.70000000,1720637999999,605249.07403000,1890,543211.30000000,277897.47825000,0
1720638000000,0.51100000,0.51330000,0.51000000,0.51310000,1043294.80000000,1720641599999,533471.33856000,1995,624086.90000000,319166.84360000,0
1720641600000,0.51320000,0.51400000,0.51060000,0.51290000,1186607.10000000,1720645199999,608061.71656000,2437,706181.20000000,361828.93942000,0
1720645200000,0.51280000,0.51310000,0.50920000,0.51080000,1186666.90000000,1720648799999,605555.29780000,1960,576416.00000000,294146.96641000,0
1720648800000,0.51080000,0.51220000,0.50980000,0.51110000,932804.00000000,1720652399999,476565.93327000,1684,487059.80000000,248899.32976000,0
1720652400000,0.51100000,0.51350000,0.51070000,0.51280000,516862.00000000,1720655999999,264792.97427000,990,283372.70000000,145147.11941000,0
1720656000000,0.51290000,0.51370000,0.51080000,0.51350000,757137.10000000,1720659599999,387800.58680000,1524,407601.20000000,208808.36469000,0
1720659600000,0.51340000,0.51720000,0.50950000,0.51660000,1733823.20000000,1720663199999,890959.82286000,4327,867090.60000000,445697.90448000,0
1720663200000,0.51670000,0.51720000,0.51170000,0.51250000,1283649.50000000,1720666799999,659838.73169000,2560,498633.70000000,256327.92499000,0
1720666800000,0.51260000,0.51310000,0.50430000,0.50860000,3311914.50000000,1720670399999,1679690.89426000,5986,1652608.90000000,838150.24840000,0
1720670400000,0.50860000,0.51040000,0.50740000,0.50930000,886510.70000000,1720673999999,451512.45798000,1704,363077.90000000,184920.60807000,0
1720674000000,0.50930000,0.51250000,0.50900000,0.51210000,711228.00000000,1720677599999,363343.84552000,1845,351781.70000000,179727.97895000,0
1720677600000,0.51210000,0.51420000,0.51100000,0.51370000,980153.00000000,1720681199999,502403.70630000,1995,384578.80000000,197140.21488000,0
1720681200000,0.51370000,0.51680000,0.51300000,0.51570000,1239750.10000000,1720684799999,639096.37198000,2396,626090.80000000,322764.04206000,0
1720684800000,0.51570000,0.51600000,0.51350000,0.51380000,770881.20000000,1720688399999,396583.16696000,1787,379112.30000000,195060.04277000,0
1720688400000,0.51370000,0.51560000,0.51280000,0.51490000,1334430.70000000,1720691999999,685941.50937000,2415,683261.40000000,351238.21090000,0
1720692000000,0.51490000,0.51640000,0.51230000,0.51320000,1193361.30000000,1720695599999,613001.80328000,2807,558336.20000000,286874.20700000,0
1720695600000,0.51320000,0.51550000,0.51250000,0.51400000,1418118.00000000,1720699199999,728739.32104000,2244,769647.10000000,395418.72753000,0
1720699200000,0.51400000,0.52480000,0.51310000,0.52000000,8964676.90000000,1720702799999,4662505.36369000,14291,4932010.70000000,2563386.72054000,0
1720702800000,0.52010000,0.52050000,0.51390000,0.51590000,4070777.90000000,1720706399999,2101994.21545000,6576,1959871.80000000,1011896.61281000,0
1720706400000,0.51600000,0.51710000,0.50800000,0.51100000,3060730.40000000,1720709999999,1565810.29585000,5977,1441914.00000000,737773.52062000,0
1720710000000,0.51110000,0.51320000,0.50220000,0.50360000,4264739.20000000,1720713599999,2164965.83424000,11096,1986090.10000000,1008619.62750000,0
1720713600000,0.50370000,0.50840000,0.50060000,0.50620000,2090462.60000000,1720717199999,1055695.26813000,4781,1151821.20000000,581426.58458000,0
1720717200000,0.50620000,0.50810000,0.50470000,0.50800000,1291204.10000000,1720720799999,654113.34684000,3207,681357.40000000,345188.30265000,0
1720720800000,0.50790000,0.51020000,0.50710000,0.50920000,1014590.10000000,1720724399999,516176.69345000,2347,547180.30000000,278320.23605000,0
1720724400000,0.50910000,0.50940000,0.50320000,0.50380000,1018111.80000000,1720727999999,514452.19285000,2660,468852.60000000,236838.00745000,0
1720728000000,0.50390000,0.50440000,0.50020000,0.50300000,2086919.50000000,1720731599999,1048247.06752000,3546,970120.20000000,487225.23353000,0
1720731600000,0.50280000,0.50330000,0.49870000,0.50070000,1690516.70000000,1720735199999,846245.65602000,4362,905938.50000000,453507.63924000,0
1720735200000,0.50060000,0.50090000,0.49740000,0.49910000,2047684.30000000,1720738799999,1021882.87683000,3692,844854.20000000,421635.18350000,0
1720738800000,0.49900000,0.49950000,0.49640000,0.49800000,1543969.90000000,1720742399999,768609.96232000,2510,843785.50000000,420014.74344000,0
1720742400000,0.49800000,0.50180000,0.49690000,0.49800000,1173511.40000000,1720745999999,585569.83613000,2463,555902.70000000,277498.84343000,0
1720746000000,0.49810000,0.50030000,0.49140000,0.49990000,2353520.50000000,1720749599999,1166536.69042000,5129,1309779.40000000,649157.35819000,0
1720749600000,0.49980000,0.50320000,0.49880000,0.50300000,1149784.50000000,1720753199999,575826.47668000,1956,559784.70000000,280311.79951000,0
1720753200000,0.50300000,0.50330000,0.49790000,0.49810000,872853.70000000,1720756799999,436259.54708000,1576,578195.60000000,288955.46074000,0
1720756800000,0.49810000,0.49860000,0.49430000,0.49800000,770485.90000000,1720760399999,382722.65940000,1924,398240.20000000,197833.46502000,0
1720760400000,0.49800000,0.49950000,0.49610000,0.49730000,602674.50000000,1720763999999,299884.17254000,1616,243757.20000000,121323.57494000,0
1720764000000,0.49730000,0.50050000,0.49680000,0.49870000,647016.00000000,1720767599999,322643.29026000,1611,361345.30000000,180286.37538000,0
1720767600000,0.49860000,0.50020000,0.49500000,0.49770000,1254481.80000000,1720771199999,624838.10594000,2311,622848.10000000,310437.18939000,0
1720771200000,0.49780000,0.49900000,0.49610000,0.49870000,757077.20000000,1720774799999,376713.61322000,1943,401363.90000000,199769.13772000,0
1720774800000,0.49870000,0.49890000,0.49360000,0.49470000,2590432.30000000,1720778399999,1283547.54627000,3415,1191936.30000000,590568.77853000,0
1720778400000,0.49480000,0.49800000,0.49270000,0.49740000,3649650.30000000,1720781999999,1807045.70892000,4869,1750827.50000000,866986.98499000,0
1720782000000,0.49730000,0.49820000,0.49560000,0.49660000,932086.70000000,1720785599999,462929.81675000,1921,439723.90000000,218446.40905000,0
1720785600000,0.49660000,0.49920000,0.49530000,0.49900000,2716537.80000000,1720789199999,1350084.02513000,4719,1296598.80000000,644438.04245000,0
1720789200000,0.49890000,0.50490000,0.49890000,0.50460000,3636529.40000000,1720792799999,1824494.32899000,5424,1798081.40000000,902098.64526000,0
1720792800000,0.50460000,0.50590000,0.50210000,0.50340000,1549329.30000000,1720796399999,780756.01490000,3556,913141.30000000,460158.92363000,0
1720796400000,0.50340000,0.50610000,0.50250000,0.50440000,1569809.00000000,1720799999999,790910.25258000,3123,605411.90000000,305153.94607000,0
1720800000000,0.50440000,0.50720000,0.50220000,0.50560000,1098571.60000000,1720803599999,554133.85409000,2703,657221.90000000,331437.34887000,0
1720803600000,0.50550000,0.50760000,0.50400000,0.50650000,771718.10000000,1720807199999,390637.10947000,2248,416635.90000000,210917.18331000,0
1720807200000,0.50650000,0.50990000,0.50510000,0.50840000,1493703.50000000,1720810799999,758523.30518000,3187,660170.20000000,335202.51229000,0
1720810800000,0.50840000,0.50850000,0.50370000,0.50400000,1431345.40000000,1720814399999,723740.41106000,2932,640387.00000000,323782.71449000,0
1720814400000,0.50390000,0.50490000,0.50030000,0.50420000,1452873.30000000,1720817999999,730266.58707000,3113,701621.70000000,352635.67214000,0
1720818000000,0.50410000,0.50600000,0.50350000,0.50390000,716810.40000000,1720821599999,361733.04658000,1527,429883.80000000,216948.63372000,0
1720821600000,0.50390000,0.50690000,0.50340000,0.50670000,826404.90000000,1720825199999,417862.81800000,2096,478786.90000000,242070.78771000,0
1720825200000,0.50670000,0.50730000,0.50540000,0.50710000,572710.80000000,1720828799999,289945.47932000,1228,308839.20000000,156366.73425000,0
1720828800000,0.50720000,0.50750000,0.50590000,0.50740000,535944.60000000,1720832399999,271689.62944000,1284,343671.10000000,174236.66083000,0
1720832400000,0.50740000,0.50860000,0.50690000,0.50720000,425881.90000000,1720835999999,216238.58321000,1393,199781.30000000,101448.33217000,0
1720836000000,0.50710000,0.50790000,0.50510000,0.50780000,477469.40000000,1720839599999,241815.23539000,1383,255499.40000000,129403.78795000,0
1720839600000,0.50780000,0.50920000,0.50750000,0.50850000,421423.10000000,1720843199999,214252.10173000,1609,178462.30000000,90719.85371000,0
1720843200000,0.50850000,0.50890000,0.50700000,0.50720000,526047.20000000,1720846799999,267126.76005000,1278,203702.90000000,103426.35958000,0
1720846800000,0.50720000,0.51280000,0.50680000,0.51250000,2326609.50000000,1720850399999,1187853.18159000,3836,1355699.70000000,692376.45302000,0
1720850400000,0.51250000,0.51460000,0.51140000,0.51450000,1000012.20000000,1720853999999,513087.78314000,2422,527580.30000000,270731.96588000,0
1720854000000,0.51450000,0.51690000,0.51360000,0.51630000,1559833.00000000,1720857599999,804557.95494000,3662,897758.70000000,463064.27753000,0
1720857600000,0.51620000,0.51670000,0.51420000,0.51440000,887565.10000000,1720861199999,457559.41285000,1648,324791.00000000,167508.94818000,0
1720861200000,0.51450000,0.51940000,0.51400000,0.51940000,1863571.70000000,1720864799999,963906.21672000,2984,1045843.10000000,540895.68522000,0
1720864800000,0.51940000,0.51970000,0.51330000,0.51540000,1071905.70000000,1720868399999,554239.62403000,2173,535156.70000000,276796.89916000,0
1720868400000,0.51540000,0.51550000,0.51350000,0.51430000,789058.70000000,1720871999999,405797.98084000,1741,430989.10000000,221647.42202000,0
1720872000000,0.51430000,0.51470000,0.51310000,0.51410000,1018045.70000000,1720875599999,523184.01636000,1936,494560.00000000,254171.24464000,0
1720875600000,0.51420000,0.51660000,0.51160000,0.51520000,2888707.60000000,1720879199999,1484308.49669000,4356,1828430.10000000,939137.12494000,0
1720879200000,0.51520000,0.51690000,0.51410000,0.51650000,998117.90000000,1720882799999,514328.72749000,1763,467764.80000000,241070.92224000,0
1720882800000,0.51650000,0.52080000,0.51620000,0.52050000,1236115.50000000,1720886399999,641539.98977000,2908,617990.60000000,320732.87205000,0
1720886400000,0.52050000,0.52290000,0.51960000,0.52140000,1837130.90000000,1720889999999,958080.29712000,4468,995928.70000000,519329.60640000,0
1720890000000,0.52140000,0.52880000,0.52130000,0.52720000,2652470.90000000,1720893599999,1392100.74752000,6415,1490567.30000000,781988.88810000,0
1720893600000,0.52710000,0.53120000,0.52710000,0.53010000,2848956.20000000,1720897199999,1507715.52811000,6143,1598509.70000000,845871.79898000,0
1720897200000,0.53010000,0.53560000,0.53000000,0.53450000,3308790.90000000,1720900799999,1760985.31045000,6111,1846072.10000000,982549.78202000,0
1720900800000,0.53460000,0.53570000,0.52960000,0.53070000,2043817.60000000,1720904399999,1087197.41872000,3600,1080496.10000000,574909.52861000,0
1720904400000,0.53080000,0.53080000,0.52790000,0.52870000,1150807.00000000,1720907999999,608913.57739000,1785,698228.10000000,369455.30032000,0
1720908000000,0.52860000,0.53370000,0.52560000,0.53330000,3150746.30000000,1720911599999,1668594.10759000,5948,1591062.20000000,842543.19978000,0
1720911600000,0.53350000,0.53620000,0.53070000,0.53110000,2035975.40000000,1720915199999,1085866.10150000,3684,999496.10000000,533096.51024000,0
1720915200000,0.53110000,0.53450000,0.53010000,0.53140000,1737975.60000000,1720918799999,924579.64600000,2845,1010546.50000000,537519.90173000,0
1720918800000,0.53130000,0.53240000,0.52840000,0.53040000,982461.00000000,1720922399999,520983.63547000,2072,545858.40000000,289421.20996000,0
1720922400000,0.53040000,0.53080000,0.52570000,0.52670000,972863.90000000,1720925999999,513427.67292000,2330,591771.20000000,312243.88124000,0
1720926000000,0.52670000,0.52920000,0.52650000,0.52740000,632121.00000000,1720929599999,333635.47641000,1512,339062.30000000,178907.21914000,0
1720929600000,0.52730000,0.53210000,0.52700000,0.52950000,1164729.90000000,1720933199999,616738.94762000,2426,691496.60000000,366040.12566000,0
1720933200000,0.52950000,0.53200000,0.52770000,0.53060000,1477254.00000000,1720936799999,782606.91089000,2776,738253.40000000,391033.15648000,0
1720936800000,0.53060000,0.53060000,0.52810000,0.52880000,923043.50000000,1720940399999,488339.04196000,1905,421057.90000000,222782.92923000,0
1720940400000,0.52880000,0.53020000,0.52800000,0.52900000,754039.00000000,1720943999999,399079.97611000,1730,329346.80000000,174322.79770000,0
1720944000000,0.52900000,0.53160000,0.52900000,0.52990000,874583.90000000,1720947599999,463897.28738000,2387,449549.80000000,238394.57205000,0
1720947600000,0.52990000,0.53050000,0.52740000,0.52830000,2347850.70000000,1720951199999,1242527.73675000,3517,1538917.00000000,814577.29172000,0
1720951200000,0.52840000,0.52840000,0.52390000,0.52410000,1760778.90000000,1720954799999,926283.27350000,3901,925857.80000000,486969.10086000,0
1720954800000,0.52420000,0.52460000,0.52280000,0.52350000,1360581.30000000,1720958399999,712866.61217000,2619,899701.50000000,471405.35202000,0
1720958400000,0.52340000,0.52360000,0.51880000,0.51970000,2726247.30000000,1720961999999,1419410.35808000,4716,1695385.20000000,882643.94813000,0
1720962000000,0.51970000,0.52090000,0.51830000,0.51860000,1060168.60000000,1720965599999,550550.53981000,3639,566075.50000000,293952.17176000,0
1720965600000,0.51870000,0.52170000,0.51760000,0.52070000,1249430.20000000,1720969199999,648740.00223000,2564,816474.40000000,423936.38348000,0
1720969200000,0.52070000,0.52270000,0.51940000,0.52220000,1139865.10000000,1720972799999,593518.60485000,4012,571948.30000000,297830.04019000,0
1720972800000,0.52220000,0.52320000,0.52100000,0.52290000,679250.30000000,1720976399999,354624.24857000,1837,378808.30000000,197760.68273000,0
1720976400000,0.52290000,0.52290000,0.52030000,0.52250000,554805.20000000,1720979999999,289468.76757000,1730,341669.30000000,178268.29589000,0
1720980000000,0.52250000,0.52370000,0.52160000,0.52220000,647883.80000000,1720983599999,338681.45730000,1320,353017.70000000,184530.09790000,0
1720983600000,0.52210000,0.52320000,0.52120000,0.52310000,555820.70000000,1720987199999,290314.23518000,4292,356321.80000000,186157.46566000,0
1720987200000,0.52310000,0.52440000,0.52210000,0.52300000,877430.80000000,1720990799999,459185.01903000,1339,522728.80000000,273575.90568000,0
1720990800000,0.52300000,0.53240000,0.52210000,0.53240000,2566232.00000000,1720994399999,1354030.11722000,6130,1445534.90000000,762487.07800000,0
1720994400000,0.53230000,0.53500000,0.52890000,0.53300000,3576250.50000000,1720997999999,1902372.29092000,6699,1854910.10000000,986727.59719000,0
1720998000000,0.53290000,0.53500000,0.52940000,0.53080000,2223090.20000000,1721001599999,1184669.70085000,3767,1027198.50000000,547184.58746000,0
1721001600000,0.53080000,0.53490000,0.52890000,0.53370000,1882997.70000000,1721005199999,1001265.26426000,3602,1253526.70000000,666432.31452000,0
1721005200000,0.53360000,0.53670000,0.53090000,0.53160000,3118242.80000000,1721008799999,1662795.77924000,4677,1602954.20000000,855025.92409000,0
1721008800000,0.53150000,0.53880000,0.53060000,0.53740000,3052553.60000000,1721012399999,1634622.10954000,5459,1894169.70000000,1014365.64026000,0
1721012400000,0.53730000,0.53870000,0.53550000,0.53790000,1986090.60000000,1721015999999,1066980.73631000,3552,1089912.00000000,585437.64818000,0
1721016000000,0.53780000,0.53880000,0.53480000,0.53770000,1397616.30000000,1721019599999,750543.60993000,2856,691638.90000000,371376.17789000,0
1721019600000,0.53780000,0.53880000,0.53610000,0.53700000,1029171.40000000,1721023199999,553356.81806000,1945,495430.80000000,266401.22980000,0
1721023200000,0.53700000,0.54300000,0.53610000,0.54220000,2862510.20000000,1721026799999,1543704.26630000,4922,1603532.10000000,865360.76999000,0
1721026800000,0.54220000,0.54480000,0.54090000,0.54110000,1947012.50000000,1721030399999,1056339.49366000,3662,975767.20000000,529477.09767000,0
1721030400000,0.54110000,0.54250000,0.53830000,0.53890000,2127223.80000000,1721033999999,1150613.29617000,4114,1229788.60000000,665516.45930000,0
1721034000000,0.53890000,0.53910000,0.53650000,0.53670000,1788945.80000000,1721037599999,961646.65315000,4629,904615.20000000,486361.39165000,0
1721037600000,0.53670000,0.53720000,0.53030000,0.53170000,3702255.30000000,1721041199999,1977371.48458000,5884,1801547.50000000,962420.72137000,0
1721041200000,0.53170000,0.53260000,0.53030000,0.53150000,2479639.50000000,1721044799999,1318221.97850000,4461,1626617.70000000,864779.85985000,0
1721044800000,0.53150000,0.53410000,0.53130000,0.53360000,1331963.40000000,1721048399999,709519.34026000,3054,771353.20000000,410882.09787000,0
1721048400000,0.53360000,0.53660000,0.53170000,0.53340000,2191391.10000000,1721051999999,1170434.30786000,4353,1116199.30000000,596353.84849000,0
1721052000000,0.53340000,0.53640000,0.53110000,0.53630000,2235030.60000000,1721055599999,1191511.73232000,4118,1288759.70000000,687295.02059000,0
1721055600000,0.53620000,0.53870000,0.53170000,0.53360000,2500706.30000000,1721059199999,1336210.00700000,4943,1235766.30000000,660276.94873000,0
1721059200000,0.53360000,0.53930000,0.53210000,0.53600000,2875927.40000000,1721062799999,1543375.93555000,5232,1383974.20000000,742745.97823000,0
1721062800000,0.53610000,0.53740000,0.53300000,0.53310000,3011924.00000000,1721066399999,1611330.47816000,5703,1533976.80000000,820994.94898000,0
1721066400000,0.53310000,0.53720000,0.53180000,0.53440000,2127445.80000000,1721069999999,1137253.03826000,3694,1410732.20000000,754350.07465000,0
1721070000000,0.53430000,0.53940000,0.53320000,0.53680000,4576769.60000000,1721073599999,2455197.11124000,6871,2421182.40000000,1298457.17277000,0
1721073600000,0.53680000,0.54120000,0.53600000,0.54000000,2658758.70000000,1721077199999,1433512.63253000,4097,1494425.20000000,805731.40511000,0
1721077200000,0.53990000,0.54210000,0.53740000,0.53820000,2056796.60000000,1721080799999,1109733.17544000,3994,974685.80000000,525845.67963000,0
1721080800000,0.53820000,0.54960000,0.53820000,0.54620000,4219231.40000000,1721084399999,2300520.84523000,8049,2264940.90000000,1234223.19176000,0
1721084400000,0.54620000,0.54950000,0.54410000,0.54860000,2086361.10000000,1721087999999,1141657.54446000,4019,1251984.20000000,685386.81499000,0
1721088000000,0.54870000,0.55030000,0.54330000,0.54660000,3521768.30000000,1721091599999,1926266.32932000,6482,1806288.00000000,988487.91641000,0
1721091600000,0.54660000,0.55130000,0.54360000,0.54950000,3251776.50000000,1721095199999,1781208.39293000,6128,1826067.50000000,1000652.28399000,0
1721095200000,0.54960000,0.55010000,0.54570000,0.54920000,2844319.80000000,1721098799999,1558631.35617000,3906,1626642.60000000,891507.88271000,0
1721098800000,0.54910000,0.55130000,0.54680000,0.55040000,1694969.80000000,1721102399999,929794.82874000,2898,745935.10000000,409301.72321000,0
1721102400000,0.55050000,0.55120000,0.54510000,0.54600000,2204458.00000000,1721105999999,1208460.73629000,3993,956687.10000000,524334.25576000,0
1721106000000,0.54580000,0.54820000,0.53510000,0.53750000,5345277.90000000,1721109599999,2891278.75430000,10441,2442949.70000000,1320960.51255000,0
1721109600000,0.53750000,0.54030000,0.52740000,0.52910000,5562199.40000000,1721113199999,2965541.32422000,10373,2930171.30000000,1562562.15399000,0
1721113200000,0.52910000,0.53310000,0.52500000,0.52650000,5581031.50000000,1721116799999,2952332.58340000,9103,2895366.60000000,1531810.01320000,0
1721116800000,0.52640000,0.52870000,0.51930000,0.52560000,4147466.10000000,1721120399999,2170304.40844000,8151,2227910.90000000,1166075.05812000,0
1721120400000,0.52570000,0.52920000,0.52400000,0.52820000,1601288.20000000,1721123999999,844893.55965000,3221,963529.80000000,508263.40465000,0
1721124000000,0.52810000,0.53130000,0.52690000,0.52860000,2037973.00000000,1721127599999,1077884.39839000,4260,1018326.10000000,538743.92870000,0
1721127600000,0.52850000,0.53060000,0.52560000,0.52950000,2625741.60000000,1721131199999,1386856.81939000,5635,1353309.90000000,714882.46962000,0
1721131200000,0.52960000,0.53340000,0.52720000,0.52840000,2623828.00000000,1721134799999,1390840.39359000,5489,1260959.40000000,668815.02928000,0
1721134800000,0.52830000,0.53380000,0.52770000,0.53080000,2470022.90000000,1721138399999,1311439.37539000,4880,1250100.00000000,663874.84112000,0
1721138400000,0.53090000,0.53950000,0.52890000,0.53920000,3882973.60000000,1721141999999,2070694.90332000,6893,1853383.90000000,989450.77122000,0
1721142000000,0.53920000,0.54750000,0.53910000,0.54680000,4394460.30000000,1721145599999,2389052.68310000,9181,2117143.30000000,1150852.01457000,0
1721145600000,0.54680000,0.54990000,0.54180000,0.54990000,5024106.40000000,1721149199999,2738514.85743000,9223,2476749.50000000,1350257.48145000,0
1721149200000,0.54980000,0.55240000,0.54700000,0.54930000,4792258.40000000,1721152799999,2633244.88404000,8127,1860424.40000000,1022312.95107000,0
1721152800000,0.54940000,0.55060000,0.54650000,0.54830000,2044798.90000000,1721156399999,1122098.35620000,4725,1104287.30000000,606117.20842000,0
1721156400000,0.54830000,0.55040000,0.54510000,0.54810000,2103953.40000000,1721159999999,1153362.48429000,3619,942389.70000000,516959.60109000,0
1721160000000,0.54820000,0.54840000,0.54290000,0.54320000,2403543.70000000,1721163599999,1310194.54350000,3466,1092901.50000000,595834.60633000,0
1721163600000,0.54320000,0.54640000,0.54220000,0.54350000,1758023.40000000,1721167199999,956551.48940000,2489,986870.80000000,537080.72618000,0
1721167200000,0.54350000,0.54460000,0.53870000,0.54070000,2735653.50000000,1721170799999,1479504.30078000,4922,1209238.60000000,653903.67661000,0
1721170800000,0.54070000,0.54480000,0.54010000,0.54300000,1482010.00000000,1721174399999,804583.54932000,2417,855926.50000000,464729.49036000,0
1721174400000,0.54300000,0.54900000,0.54300000,0.54780000,1442168.00000000,1721177999999,787434.92028000,3150,898286.90000000,490565.63584000,0
1721178000000,0.54780000,0.55510000,0.54770000,0.55020000,3581927.40000000,1721181599999,1975605.93490000,6465,1915500.30000000,1056552.72081000,0
1721181600000,0.55030000,0.55390000,0.54900000,0.55070000,2139266.20000000,1721185199999,1180682.68133000,3949,1277585.40000000,705321.15301000,0
1721185200000,0.55070000,0.55080000,0.54660000,0.55030000,1252609.10000000,1721188799999,687405.90577000,2817,703041.30000000,385825.18081000,0
1721188800000,0.55030000,0.55460000,0.54910000,0.55440000,1170081.90000000,1721192399999,645774.09483000,2583,681076.00000000,375933.24690000,0
1721192400000,0.55430000,0.55540000,0.55080000,0.55160000,1288335.30000000,1721195999999,712781.85296000,3192,664196.00000000,367624.07294000,0
1721196000000,0.55150000,0.55700000,0.55110000,0.55530000,1540203.00000000,1721199599999,853933.71273000,3791,738727.60000000,409540.96169000,0
1721199600000,0.55530000,0.55630000,0.55270000,0.55350000,979941.70000000,1721203199999,543010.42125000,2903,468674.20000000,259733.82339000,0
1721203200000,0.55360000,0.55430000,0.54670000,0.55100000,3237117.30000000,1721206799999,1780488.07051000,9055,1494919.90000000,822289.96831000,0
1721206800000,0.55090000,0.55500000,0.55030000,0.55500000,1260172.20000000,1721210399999,696697.34976000,2786,714399.70000000,394993.42155000,0
1721210400000,0.55490000,0.55590000,0.55210000,0.55210000,1383924.10000000,1721213999999,766755.10272000,6089,548081.20000000,303711.53132000,0
1721214000000,0.55220000,0.55230000,0.54640000,0.54860000,2624234.00000000,1721217599999,1440903.94188000,5769,1157131.60000000,635320.50197000,0
1721217600000,0.54860000,0.55240000,0.54730000,0.55160000,1708254.30000000,1721221199999,940000.68290000,5419,1005678.20000000,553367.31548000,0
1721221200000,0.55160000,0.55730000,0.54750000,0.55610000,3463434.90000000,1721224799999,1912560.63494000,7217,1889802.50000000,1043981.14692000,0
1721224800000,0.55600000,0.55730000,0.55090000,0.55580000,3129837.10000000,1721228399999,1736280.64037000,7651,1668869.60000000,925760.38586000,0
1721228400000,0.55570000,0.56100000,0.55220000,0.55310000,3676905.60000000,1721231999999,2048465.24819000,8281,2077751.40000000,1158041.74183000,0
1721232000000,0.55320000,0.55420000,0.54290000,0.54740000,5244423.20000000,1721235599999,2874123.50279000,11018,2522733.40000000,1382579.01187000,0
1721235600000,0.54750000,0.54970000,0.54430000,0.54950000,2338225.50000000,1721239199999,1279022.24630000,4694,1165441.90000000,637717.88905000,0
1721239200000,0.54970000,0.55780000,0.54900000,0.55440000,2929847.20000000,1721242799999,1625924.45092000,6895,1261652.80000000,699978.63375000,0
1721242800000,0.55440000,0.55500000,0.55150000,0.55300000,1563861.90000000,1721246399999,865043.01350000,2826,763270.50000000,422237.52513000,0
1721246400000,0.55300000,0.55370000,0.54810000,0.54840000,1400516.80000000,1721249999999,771731.93276000,2622,729902.70000000,402055.75314000,0
1721250000000,0.54850000,0.54850000,0.54350000,0.54520000,2659039.10000000,1721253599999,1450410.38045000,4920,1714259.50000000,934947.19437000,0
1721253600000,0.54520000,0.54630000,0.54200000,0.54210000,1615386.90000000,1721257199999,878214.85477000,5411,803654.30000000,436874.36242000,0
1721257200000,0.54210000,0.54310000,0.53930000,0.53950000,1310001.30000000,1721260799999,708503.22463000,2631,629596.60000000,340589.17574000,0
1721260800000,0.53940000,0.54850000,0.53940000,0.54750000,1895324.20000000,1721264399999,1031577.23645000,3818,1152485.00000000,627280.62560000,0
1721264400000,0.54760000,0.54990000,0.54670000,0.54870000,880916.60000000,1721267999999,483078.18071000,2917,458239.70000000,251278.55016000,0
1721268000000,0.54860000,0.55070000,0.54280000,0.54850000,4929753.60000000,1721271599999,2703279.57989000,7683,2489792.80000000,1364957.01447000,0
1721271600000,0.54850000,0.55050000,0.54700000,0.54990000,1087352.10000000,1721275199999,597033.40496000,2391,579585.70000000,318202.52752000,0
1721275200000,0.54990000,0.55000000,0.54490000,0.54620000,1077555.80000000,1721278799999,589838.26883000,2569,499674.70000000,273453.79024000,0
1721278800000,0.54620000,0.54840000,0.54300000,0.54680000,1325655.90000000,1721282399999,722849.83986000,5713,673416.30000000,367185.59689000,0
1721282400000,0.54670000,0.55190000,0.54460000,0.55110000,1255959.50000000,1721285999999,689605.80067000,5847,764290.40000000,419699.34035000,0
1721286000000,0.55110000,0.55140000,0.54510000,0.54550000,1806023.50000000,1721289599999,989599.32779000,5351,914625.30000000,501088.89019000,0
1721289600000,0.54550000,0.54590000,0.53780000,0.54380000,14688599.00000000,1721293199999,7954955.08913000,16999,8766831.80000000,4748395.22649000,0
1721293200000,0.54370000,0.54370000,0.53270000,0.53340000,8713893.10000000,1721296799999,4673202.50930000,13651,5728091.60000000,3071393.95716000,0
1721296800000,0.53340000,0.53360000,0.52660000,0.52920000,10789267.30000000,1721300399999,5704892.94073000,14283,6244333.50000000,3301003.54701000,0
1721300400000,0.52910000,0.53330000,0.52740000,0.53160000,5749407.20000000,1721303999999,3049737.41740000,6445,2659263.30000000,1410058.14559000,0
1721304000000,0.53150000,0.53220000,0.52980000,0.53210000,3075094.40000000,1721307599999,1633828.27992000,4285,1820617.70000000,967276.42681000,0
1721307600000,0.53200000,0.53510000,0.51850000,0.52880000,9267388.10000000,1721311199999,4897916.89435000,15455,3453271.10000000,1827765.04111000,0
1721311200000,0.52870000,0.53120000,0.52220000,0.52520000,3318179.20000000,1721314799999,1747676.78438000,8315,1846802.10000000,972677.12494000,0
1721314800000,0.52510000,0.52540000,0.51550000,0.51670000,4956033.80000000,1721318399999,2574211.94557000,10313,2552027.00000000,1324544.87133000,0
1721318400000,0.51660000,0.51890000,0.51010000,0.51880000,3979186.80000000,1721321999999,2050931.02373000,8259,2237537.90000000,1153987.63974000,0
1721322000000,0.51890000,0.52020000,0.51600000,0.51650000,1504972.80000000,1721325599999,780022.91385000,4956,823054.30000000,426624.30691000,0
1721325600000,0.51640000,0.51690000,0.51290000,0.51470000,1974510.50000000,1721329199999,1016892.75982000,4563,1116872.60000000,575266.68634000,0
1721329200000,0.51470000,0.51520000,0.51030000,0.51390000,1696388.60000000,1721332799999,869894.49196000,4663,904929.20000000,464024.89378000,0
1721332800000,0.51390000,0.51570000,0.51140000,0.51550000,1835183.60000000,1721336399999,943977.83716000,3006,1279611.70000000,658547.42513000,0
1721336400000,0.51550000,0.51560000,0.51350000,0.51500000,813637.20000000,1721339999999,418699.90709000,1996,427543.10000000,219978.73456000,0
1721340000000,0.51490000,0.51730000,0.51380000,0.51720000,1891436.30000000,1721343599999,975465.44421000,3924,1135607.80000000,585780.91983000,0
1721343600000,0.51710000,0.51760000,0.51560000,0.51670000,1187866.20000000,1721347199999,613672.46272000,2252,719429.20000000,371687.62763000,0
1721347200000,0.51670000,0.51720000,0.51070000,0.51140000,2534535.40000000,1721350799999,1302226.58719000,4086,1263537.60000000,649430.72612000,0
1721350800000,0.51150000,0.51450000,0.50600000,0.51430000,2626538.10000000,1721354399999,1338830.05609000,5841,1083055.10000000,552449.40997000,0
1721354400000,0.51430000,0.51570000,0.51210000,0.51420000,995032.60000000,1721357999999,511766.24037000,2561,479740.40000000,246853.03588000,0
1721358000000,0.51420000,0.52070000,0.51360000,0.52040000,1723447.40000000,1721361599999,892424.01264000,2957,905810.50000000,468854.20580000,0
1721361600000,0.52030000,0.52140000,0.51700000,0.51700000,837135.90000000,1721365199999,435038.73743000,1804,413899.30000000,215137.12203000,0
1721365200000,0.51700000,0.51970000,0.51630000,0.51890000,1230236.30000000,1721368799999,637639.02959000,2358,667867.10000000,346263.42615000,0
1721368800000,0.51880000,0.52220000,0.51840000,0.52070000,1809092.80000000,1721372399999,942235.75151000,2814,984616.00000000,512924.11672000,0
1721372400000,0.52060000,0.52090000,0.51160000,0.51300000,5321985.50000000,1721375999999,2749067.13090000,7209,2524388.50000000,1303146.89823000,0
1721376000000,0.51300000,0.51440000,0.50860000,0.51210000,3803910.90000000,1721379599999,1946847.53857000,6856,1889314.20000000,966794.31383000,0
1721379600000,0.51210000,0.51250000,0.50760000,0.50790000,4205147.90000000,1721383199999,2146060.60928000,6346,1998707.30000000,1020064.35448000,0
1721383200000,0.50800000,0.51100000,0.50680000,0.50990000,2208873.20000000,1721386799999,1125794.92820000,3208,1480629.80000000,754728.51680000,0
1721386800000,0.50980000,0.51290000,0.50960000,0.51270000,1009492.20000000,1721390399999,515725.19033000,2330,639884.30000000,326920.01118000,0
1721390400000,0.51280000,0.51550000,0.51080000,0.51430000,1639209.30000000,1721393999999,841490.52150000,3231,807338.70000000,414437.77304000,0
1721394000000,0.51420000,0.51880000,0.51220000,0.51760000,2473736.10000000,1721397599999,1275543.43303000,5100,1333772.90000000,688203.34962000,0
1721397600000,0.51770000,0.52210000,0.51630000,0.52200000,6661396.00000000,1721401199999,3451538.26789000,10796,3815457.00000000,1976380.33248000,0
1721401200000,0.52200000,0.52320000,0.51760000,0.52180000,3383650.60000000,1721404799999,1763740.92810000,5138,1691272.30000000,881426.63171000,0
1721404800000,0.52190000,0.52840000,0.52170000,0.52750000,4568509.10000000,1721408399999,2401493.79945000,7215,2411876.60000000,1267642.48173000,0
1721408400000,0.52750000,0.52990000,0.52550000,0.52730000,2247008.50000000,1721411999999,1186427.77653000,3948,1181238.60000000,623748.94519000,0
1721412000000,0.52730000,0.52940000,0.52540000,0.52620000,1320680.80000000,1721415599999,696007.33876000,3021,681990.40000000,359522.65751000,0
1721415600000,0.52610000,0.53270000,0.52610000,0.53200000,4032249.50000000,1721419199999,2138640.80364000,6589,2022499.60000000,1072266.95433000,0
1721419200000,0.53210000,0.53290000,0.52900000,0.53010000,2477976.90000000,1721422799999,1315162.93301000,4089,1116769.00000000,592518.10965000,0
1721422800000,0.53000000,0.53270000,0.52970000,0.53170000,1236209.90000000,1721426399999,657004.73132000,1684,753196.10000000,400319.47874000,0
1721426400000,0.53170000,0.53370000,0.53160000,0.53260000,1281942.10000000,1721429999999,682607.14620000,2064,612493.70000000,326169.35265000,0
1721430000000,0.53270000,0.53450000,0.53180000,0.53320000,975336.30000000,1721433599999,520257.83682000,1991,486686.70000000,259626.86348000,0
1721433600000,0.53310000,0.53330000,0.52860000,0.52930000,1973937.40000000,1721437199999,1048171.41097000,3344,853958.30000000,453579.13429000,0
1721437200000,0.52930000,0.53210000,0.52820000,0.52930000,815694.90000000,1721440799999,432287.84389000,1885,377406.70000000,200075.62861000,0
1721440800000,0.52930000,0.53200000,0.52870000,0.53120000,1118426.70000000,1721444399999,593684.15121000,1663,433022.70000000,229853.53919000,0
1721444400000,0.53120000,0.53410000,0.53110000,0.53320000,1087925.50000000,1721447999999,580141.73678000,1744,595400.60000000,317453.91599000,0
1721448000000,0.53320000,0.53840000,0.53310000,0.53840000,1412597.20000000,1721451599999,757359.73071000,2740,815457.70000000,437191.74454000,0
1721451600000,0.53840000,0.53870000,0.53460000,0.53710000,1629386.70000000,1721455199999,873881.10013000,2495,817702.80000000,438546.36060000,0
1721455200000,0.53710000,0.53820000,0.53660000,0.53810000,848750.60000000,1721458799999,456148.11117000,1802,424100.60000000,227987.82171000,0
1721458800000,0.53800000,0.53860000,0.53610000,0.53630000,1341694.80000000,1721462399999,720946.91853000,2246,691264.00000000,371456.00214000,0
1721462400000,0.53620000,0.53720000,0.53360000,0.53500000,1109655.80000000,1721465999999,594295.38947000,2075,554786.90000000,297216.32927000,0
1721466000000,0.53500000,0.53620000,0.53300000,0.53370000,1501246.50000000,1721469599999,802397.50071000,1955,1032047.60000000,551675.97524000,0
1721469600000,0.53360000,0.53500000,0.53250000,0.53390000,925780.50000000,1721473199999,494299.43055000,1953,400488.10000000,213872.35425000,0
1721473200000,0.53390000,0.53410000,0.52970000,0.53030000,1243323.70000000,1721476799999,660552.74024000,2587,477426.40000000,253586.35899000,0
1721476800000,0.53030000,0.53220000,0.53010000,0.53080000,727708.60000000,1721480399999,386418.43659000,1891,426761.20000000,226595.11073000,0
1721480400000,0.53080000,0.53180000,0.52730000,0.53070000,1718831.90000000,1721483999999,910050.30734000,3932,877212.40000000,464452.87050000,0
1721484000000,0.53080000,0.53470000,0.53030000,0.53360000,1683083.70000000,1721487599999,897310.83085000,3124,989347.00000000,527431.26484000,0
1721487600000,0.53350000,0.53830000,0.53350000,0.53680000,1675093.10000000,1721491199999,896938.72278000,3182,876423.30000000,469201.16781000,0
1721491200000,0.53670000,0.54000000,0.53390000,0.53610000,1817162.50000000,1721494799999,976383.50335000,3747,700537.30000000,376445.47706000,0
1721494800000,0.53610000,0.54260000,0.53460000,0.54150000,5264066.90000000,1721498399999,2832239.86475000,6450,2558941.90000000,1376952.13317000,0
1721498400000,0.54150000,0.54200000,0.53910000,0.54090000,1548212.30000000,1721501999999,837228.78991000,2858,860309.00000000,465247.36649000,0
1721502000000,0.54090000,0.54160000,0.53860000,0.53880000,1400805.50000000,1721505599999,756427.87995000,2863,451961.30000000,244050.12693000,0
1721505600000,0.53870000,0.54100000,0.53870000,0.54030000,1053272.60000000,1721509199999,568633.70250000,2159,676359.50000000,365128.86618000,0
1721509200000,0.54040000,0.54060000,0.53760000,0.54060000,1643117.50000000,1721512799999,885882.05685000,2923,736697.10000000,397078.27136000,0
1721512800000,0.54060000,0.54200000,0.53860000,0.54010000,1161568.80000000,1721516399999,627759.48624000,2027,598553.60000000,323480.90007000,0
1721516400000,0.54010000,0.54200000,0.54000000,0.54130000,394071.10000000,1721519999999,213272.64644000,1085,149937.50000000,81126.46784000,0
1721520000000,0.54130000,0.54300000,0.53960000,0.54000000,1145056.00000000,1721523599999,620301.76892000,1871,685290.30000000,371216.08888000,0
1721523600000,0.54000000,0.54420000,0.53870000,0.54250000,855164.80000000,1721527199999,463646.65305000,2018,514030.60000000,278649.60664000,0
1721527200000,0.54250000,0.54250000,0.53920000,0.53920000,3101072.50000000,1721530799999,1676517.27004000,2729,1311720.00000000,709120.52830000,0
1721530800000,0.53920000,0.53960000,0.53720000,0.53840000,1415303.90000000,1721534399999,762460.07220000,1768,787972.30000000,424588.06470000,0
1721534400000,0.53840000,0.53930000,0.53630000,0.53670000,478664.50000000,1721537999999,257482.39752000,1259,209706.10000000,112771.61639000,0
1721538000000,0.53680000,0.53750000,0.53470000,0.53690000,908301.10000000,1721541599999,487055.97660000,2029,421577.20000000,226088.95480000,0
1721541600000,0.53680000,0.53710000,0.53250000,0.53300000,1126033.80000000,1721545199999,601632.65724000,2682,497133.10000000,265686.09131000,0
1721545200000,0.53300000,0.53500000,0.53040000,0.53300000,1145338.40000000,1721548799999,610667.90242000,2662,578860.20000000,308581.76321000,0
1721548800000,0.53300000,0.53520000,0.53290000,0.53350000,768870.00000000,1721552399999,410767.10476000,1584,410875.20000000,219530.01167000,0
1721552400000,0.53340000,0.53710000,0.53280000,0.53620000,841395.90000000,1721555999999,450157.77658000,1606,509779.10000000,272805.37305000,0
1721556000000,0.53610000,0.53670000,0.53450000,0.53460000,593356.50000000,1721559599999,317888.28468000,1553,312622.00000000,167498.92001000,0
1721559600000,0.53460000,0.53530000,0.53190000,0.53420000,910813.40000000,1721563199999,486031.75357000,1890,349979.80000000,186766.35663000,0
1721563200000,0.53420000,0.53550000,0.53310000,0.53480000,736956.20000000,1721566799999,393775.51561000,1758,377606.30000000,201754.73122000,0
1721566800000,0.53480000,0.53590000,0.53100000,0.53250000,1297058.60000000,1721570399999,691852.63746000,2192,625930.60000000,333889.64731000,0
1721570400000,0.53240000,0.53790000,0.52950000,0.53790000,1488152.70000000,1721573999999,794406.18831000,3541,756311.10000000,403959.61088000,0
1721574000000,0.53780000,0.54030000,0.53530000,0.53660000,1968288.50000000,1721577599999,1059089.73238000,4029,1094503.60000000,589046.11373000,0
1721577600000,0.53670000,0.54070000,0.53530000,0.54020000,1844221.00000000,1721581199999,992211.32496000,3668,928460.50000000,499687.13519000,0
1721581200000,0.54030000,0.54210000,0.53090000,0.53380000,3618195.00000000,1721584799999,1944932.58785000,6627,1814279.70000000,976858.76971000,0
1721584800000,0.53380000,0.53550000,0.52150000,0.53070000,7345943.30000000,1721588399999,3880583.00799000,14921,3469676.90000000,1832921.66585000,0
1721588400000,0.53070000,0.53680000,0.52850000,0.53650000,2200673.10000000,1721591999999,1173568.12486000,4647,1083233.90000000,577893.83230000,0
1721592000000,0.53650000,0.54670000,0.53590000,0.54450000,5069893.70000000,1721595599999,2754644.10160000,9055,2422090.40000000,1315686.55818000,0
1721595600000,0.54460000,0.54760000,0.54340000,0.54750000,2060271.50000000,1721599199999,1125169.15538000,3883,1100880.30000000,601356.34915000,0
1721599200000,0.54760000,0.54930000,0.54550000,0.54600000,1828077.00000000,1721602799999,1000626.09153000,3613,916529.20000000,501688.88559000,0
1721602800000,0.54610000,0.54940000,0.54610000,0.54830000,1274415.00000000,1721606399999,698398.59813000,2481,688642.40000000,377416.91354000,0
1721606400000,0.54840000,0.55240000,0.54730000,0.54900000,2573879.30000000,1721609999999,1415869.18268000,4635,1343289.20000000,739028.77255000,0
1721610000000,0.54900000,0.55090000,0.54590000,0.54730000,2736507.50000000,1721613599999,1500797.15001000,4186,1314465.00000000,721196.72105000,0
1721613600000,0.54730000,0.54960000,0.54650000,0.54920000,1136876.60000000,1721617199999,622927.50614000,2203,720068.60000000,394527.50014000,0
1721617200000,0.54920000,0.54950000,0.54380000,0.54410000,1414794.20000000,1721620799999,772789.43058000,2384,570289.00000000,311442.95854000,0
1721620800000,0.54410000,0.54510000,0.54200000,0.54260000,735593.60000000,1721624399999,399630.18385000,1605,397604.90000000,216006.74762000,0
1721624400000,0.54260000,0.54320000,0.53420000,0.53770000,3164950.00000000,1721627999999,1705007.17341000,5231,1552452.70000000,836034.09930000,0
1721628000000,0.53760000,0.53980000,0.53190000,0.53520000,2581160.90000000,1721631599999,1379904.70736000,4184,1112709.60000000,595017.30718000,0
1721631600000,0.53510000,0.53650000,0.53260000,0.53480000,1985367.70000000,1721635199999,1061534.75388000,3316,1127593.40000000,603006.15852000,0
1721635200000,0.53490000,0.53710000,0.53270000,0.53450000,1155695.10000000,1721638799999,618235.67177000,2354,572594.20000000,306353.30346000,0
1721638800000,0.53450000,0.53980000,0.53320000,0.53970000,1879408.30000000,1721642399999,1009251.63650000,3277,997436.50000000,535616.49515000,0
1721642400000,0.53980000,0.54310000,0.53940000,0.54180000,1495744.60000000,1721645999999,809618.77766000,2975,789574.30000000,427249.89921000,0
1721646000000,0.54190000,0.54360000,0.54030000,0.54230000,1268784.60000000,1721649599999,687725.80405000,2392,549589.40000000,297878.09012000,0
1721649600000,0.54220000,0.54490000,0.54040000,0.54260000,1290756.10000000,1721653199999,700580.35334000,2874,739341.20000000,401268.86548000,0
1721653200000,0.54270000,0.54490000,0.53570000,0.53620000,2309625.10000000,1721656799999,1248244.98926000,4847,1226290.50000000,662923.44586000,0
1721656800000,0.53630000,0.53820000,0.53140000,0.53430000,3128990.60000000,1721660399999,1673431.81064000,5835,1390118.60000000,743924.13805000,0
1721660400000,0.53440000,0.53820000,0.53260000,0.53650000,2153667.90000000,1721663999999,1151372.81692000,3680,972550.80000000,520130.34039000,0
1721664000000,0.53640000,0.54010000,0.53450000,0.53670000,1804196.50000000,1721667599999,968568.04018000,3582,907431.80000000,487159.84662000,0
1721667600000,0.53670000,0.53980000,0.53490000,0.53920000,1174054.20000000,1721671199999,631499.55267000,2558,608086.00000000,327153.41242000,0
1721671200000,0.53920000,0.54070000,0.53790000,0.53910000,1186845.50000000,1721674799999,640262.37029000,2877,546220.90000000,294650.66103000,0
1721674800000,0.53890000,0.54120000,0.53810000,0.54100000,958456.40000000,1721678399999,517317.86557000,2157,486804.20000000,262742.56290000,0
1721678400000,0.54100000,0.54160000,0.53890000,0.53970000,1093483.10000000,1721681999999,591072.06495000,2483,558502.00000000,301970.64883000,0
1721682000000,0.53960000,0.53960000,0.53490000,0.53620000,1553971.30000000,1721685599999,835067.96307000,3337,614613.50000000,330299.95729000,0
1721685600000,0.53630000,0.53630000,0.52940000,0.53170000,2315997.40000000,1721689199999,1231974.47502000,4749,1127338.90000000,599344.43755000,0
1721689200000,0.53160000,0.53170000,0.52690000,0.53050000,1603222.30000000,1721692799999,848292.50397000,3401,624107.20000000,330186.52253000,0
1721692800000,0.53050000,0.53540000,0.52980000,0.53400000,1226704.40000000,1721696399999,653119.17595000,2468,645872.70000000,343891.31075000,0
1721696400000,0.53400000,0.54220000,0.53310000,0.53730000,2643022.50000000,1721699999999,1423305.63359000,5191,1226598.00000000,660196.73470000,0
1721700000000,0.53730000,0.53900000,0.53470000,0.53820000,1119948.90000000,1721703599999,601348.70026000,2488,606216.70000000,325447.47054000,0
1721703600000,0.53810000,0.53850000,0.53410000,0.53460000,519808.10000000,1721707199999,278391.15742000,1504,149939.20000000,80364.42790000,0
1721707200000,0.53470000,0.53640000,0.52850000,0.52920000,2292398.10000000,1721710799999,1218438.25214000,3878,1474127.40000000,783442.37739000,0
1721710800000,0.52920000,0.53150000,0.52330000,0.52550000,4890217.70000000,1721714399999,2576256.87676000,7962,2821063.90000000,1486914.96634000,0
1721714400000,0.52560000,0.52830000,0.52280000,0.52620000,1915914.00000000,1721717999999,1006786.21890000,4294,952669.00000000,500501.95331000,0
1721718000000,0.52620000,0.52800000,0.52460000,0.52730000,1704098.60000000,1721721599999,897403.77720000,5876,940342.40000000,495287.83067000,0
1721721600000,0.52730000,0.53890000,0.52660000,0.53800000,2899507.30000000,1721725199999,1547759.33501000,5531,1386131.20000000,739806.25556000,0
1721725200000,0.53800000,0.54420000,0.53580000,0.54280000,3723783.50000000,1721728799999,2015629.61131000,7314,1752778.20000000,948923.88366000,0
1721728800000,0.54280000,0.55810000,0.54110000,0.54900000,8863073.50000000,1721732399999,4878803.23740000,14776,4532753.20000000,2492778.21146000,0
1721732400000,0.54900000,0.55250000,0.54240000,0.55070000,4931286.80000000,1721735999999,2700117.62840000,9444,2543561.30000000,1392936.86681000,0
1721736000000,0.55080000,0.55260000,0.54310000,0.54900000,3022331.00000000,1721739599999,1654276.90265000,6084,1261942.80000000,690461.97922000,0
1721739600000,0.54900000,0.55150000,0.54120000,0.54370000,5521947.30000000,1721743199999,3015708.03135000,12134,2585146.30000000,1412263.07707000,0
1721743200000,0.54380000,0.55440000,0.54250000,0.54500000,7849114.10000000,1721746799999,4303744.93478000,13555,4019990.90000000,2201741.21954000,0
1721746800000,0.54490000,0.54520000,0.53480000,0.53630000,6891505.00000000,1721750399999,3714889.50871000,11580,4014526.70000000,2163852.59731000,0
1721750400000,0.53630000,0.53660000,0.52200000,0.52240000,6198893.00000000,1721753999999,3285122.44326000,11226,3083431.70000000,1635189.62945000,0
1721754000000,0.52240000,0.52550000,0.51910000,0.52480000,5317890.10000000,1721757599999,2780021.73282000,9717,2888773.00000000,1510301.69987000,0
1721757600000,0.52470000,0.53360000,0.52240000,0.53280000,4238471.80000000,1721761199999,2239951.65562000,7091,2202517.10000000,1163163.63720000,0
1721761200000,0.53280000,0.54150000,0.53200000,0.53820000,3993897.50000000,1721764799999,2145131.77766000,7925,1769678.20000000,950621.29385000,0
1721764800000,0.53810000,0.53880000,0.53310000,0.53490000,2661025.40000000,1721768399999,1425506.86762000,4848,1471415.10000000,787939.43813000,0
1721768400000,0.53490000,0.53930000,0.53370000,0.53390000,1463055.40000000,1721771999999,784862.34379000,2777,733078.40000000,393224.26212000,0
1721772000000,0.53380000,0.53570000,0.52990000,0.53460000,3570043.00000000,1721775599999,1901156.47210000,4555,1904164.10000000,1013936.67127000,0
1721775600000,0.53460000,0.53630000,0.53100000,0.53270000,1717212.80000000,1721779199999,916639.59108000,3044,822105.10000000,438967.77159000,0
1721779200000,0.53260000,0.53590000,0.52910000,0.52910000,1455287.50000000,1721782799999,774683.87112000,3251,644723.40000000,343417.92366000,0
1721782800000,0.52900000,0.53370000,0.52880000,0.53000000,1113150.20000000,1721786399999,590802.99928000,2981,645608.80000000,342653.73344000,0
1721786400000,0.53000000,0.53500000,0.52880000,0.53500000,988548.00000000,1721789999999,525585.80358000,2396,479857.50000000,255294.92399000,0
1721790000000,0.53500000,0.53840000,0.53390000,0.53710000,1503421.60000000,1721793599999,806231.89107000,3484,754172.40000000,404369.92074000,0
1721793600000,0.53710000,0.53770000,0.53190000,0.53300000,838299.40000000,1721797199999,448282.72757000,2145,350669.60000000,187460.72847000,0
1721797200000,0.53290000,0.53330000,0.52770000,0.52980000,1323378.70000000,1721800799999,701185.88901000,3080,783125.70000000,414922.83742000,0
1721800800000,0.52970000,0.53090000,0.52720000,0.52890000,1912192.10000000,1721804399999,1011892.10988000,3859,1079261.30000000,571275.31520000,0
1721804400000,0.52890000,0.53450000,0.52820000,0.53420000,2110082.50000000,1721807999999,1122645.74319000,4690,1082929.70000000,576384.27544000,0
1721808000000,0.53420000,0.54040000,0.53410000,0.53690000,5458440.50000000,1721811599999,2936850.94593000,9272,3173165.10000000,1707126.90953000,0
1721811600000,0.53700000,0.53700000,0.53370000,0.53530000,1235601.10000000,1721815199999,661299.80681000,2599,731740.50000000,391735.37001000,0
1721815200000,0.53530000,0.53800000,0.53360000,0.53780000,743010.70000000,1721818799999,398106.90512000,2187,378311.60000000,202771.11104000,0
1721818800000,0.53790000,0.53840000,0.53600000,0.53690000,990600.50000000,1721822399999,531980.02597000,2578,413785.30000000,222175.40057000,0
1721822400000,0.53700000,0.53800000,0.53410000,0.53410000,873030.30000000,1721825999999,468006.77639000,2355,327707.50000000,175711.20939000,0
1721826000000,0.53410000,0.53870000,0.53380000,0.53410000,1245082.50000000,1721829599999,668053.40973000,3855,717753.40000000,385165.26474000,0
1721829600000,0.53410000,0.53950000,0.53320000,0.53930000,1683956.40000000,1721833199999,904399.62343000,4430,886553.60000000,476281.24367000,0
1721833200000,0.53910000,0.54000000,0.53360000,0.53380000,1182983.20000000,1721836799999,635040.53962000,4170,537544.70000000,288591.46801000,0
1721836800000,0.53380000,0.53580000,0.53060000,0.53460000,1205812.70000000,1721840399999,643275.16791000,3765,569100.90000000,303545.40648000,0
1721840400000,0.53460000,0.53580000,0.53310000,0.53330000,773773.80000000,1721843999999,413548.28604000,2159,339834.00000000,181645.75728000,0
1721844000000,0.53330000,0.53340000,0.52610000,0.52670000,1787383.90000000,1721847599999,945869.25854000,4311,1029717.20000000,544713.96876000,0
1721847600000,0.52670000,0.52960000,0.52460000,0.52630000,1880630.70000000,1721851199999,989765.86273000,4290,933170.50000000,491112.86726000,0
1721851200000,0.52640000,0.52910000,0.52590000,0.52850000,744222.10000000,1721854799999,392741.12240000,1762,290304.40000000,153148.43492000,0
1721854800000,0.52840000,0.52850000,0.51520000,0.52110000,4748580.60000000,1721858399999,2473041.26143000,9617,2310881.30000000,1202523.49972000,0
1721858400000,0.52110000,0.52110000,0.51690000,0.51780000,1478198.40000000,1721861999999,767201.53979000,3527,663368.80000000,344352.00112000,0
1721862000000,0.51780000,0.51810000,0.51350000,0.51700000,2571577.40000000,1721865599999,1324914.57567000,4798,1244708.90000000,641432.96510000,0
1721865600000,0.51700000,0.52010000,0.51640000,0.51890000,1210378.30000000,1721869199999,626707.67712000,2630,688270.50000000,356395.25249000,0
1721869200000,0.51890000,0.51910000,0.49770000,0.50430000,14707204.00000000,1721872799999,7428809.52355000,27560,7074716.90000000,3572437.04337000,0
1721872800000,0.50430000,0.50430000,0.49630000,0.50220000,4664067.30000000,1721876399999,2335572.57630000,8459,2349970.70000000,1176851.86694000,0
1721876400000,0.50210000,0.50270000,0.49880000,0.50010000,1947678.30000000,1721879999999,974483.18188000,3601,832402.20000000,416478.73716000,0
1721880000000,0.50010000,0.50350000,0.49670000,0.50320000,2037501.30000000,1721883599999,1019005.29467000,3573,1139770.20000000,570270.96675000,0
1721883600000,0.50320000,0.50600000,0.50280000,0.50480000,1089842.70000000,1721887199999,549723.57725000,2260,564601.50000000,284814.80417000,0
1721887200000,0.50480000,0.50710000,0.50170000,0.50500000,1603167.60000000,1721890799999,808317.57271000,3135,724238.30000000,365198.72423000,0
1721890800000,0.50490000,0.50610000,0.50040000,0.50150000,1391203.10000000,1721894399999,699938.82661000,2507,667191.90000000,335740.26211000,0
1721894400000,0.50140000,0.50540000,0.50010000,0.50480000,1664930.70000000,1721897999999,837216.06177000,2705,999166.30000000,502515.53384000,0
1721898000000,0.50480000,0.50530000,0.50330000,0.50440000,759904.30000000,1721901599999,383313.05295000,1703,360943.80000000,182098.57671000,0
1721901600000,0.50440000,0.50440000,0.49950000,0.50340000,1454276.40000000,1721905199999,729246.06927000,3437,501389.70000000,251389.67972000,0
1721905200000,0.50330000,0.50550000,0.50250000,0.50380000,758734.20000000,1721908799999,382632.88748000,1862,339490.40000000,171260.51586000,0
1721908800000,0.50380000,0.50530000,0.49750000,0.49920000,1692499.60000000,1721912399999,848083.60284000,3943,805866.10000000,403523.97683000,0
1721912400000,0.49920000,0.49930000,0.49530000,0.49740000,2498615.10000000,1721915999999,1242319.79112000,5126,1499379.60000000,745572.81773000,0
1721916000000,0.49730000,0.50270000,0.49250000,0.50170000,3445175.50000000,1721919599999,1712753.25634000,6705,1936379.60000000,962698.44817000,0
1721919600000,0.50180000,0.50300000,0.49670000,0.49820000,1220880.50000000,1721923199999,610420.71318000,3098,604103.60000000,301877.35445000,0
1721923200000,0.49830000,0.50220000,0.49560000,0.49840000,1369481.90000000,1721926799999,683758.17992000,3736,731730.00000000,365343.66464000,0
1721926800000,0.49850000,0.50080000,0.49610000,0.49760000,1136810.10000000,1721930399999,566103.64133000,2957,507868.00000000,252990.95812000,0
1721930400000,0.49780000,0.49830000,0.48740000,0.48920000,2521842.60000000,1721933999999,1243304.41420000,5714,1306290.40000000,644287.61235000,0
1721934000000,0.48920000,0.49250000,0.48460000,0.48900000,2081800.00000000,1721937599999,1017281.09618000,5359,1023674.40000000,500143.72674000,0
1721937600000,0.48900000,0.49230000,0.48130000,0.49190000,3262856.60000000,1721941199999,1584467.24197000,7072,1985224.10000000,964040.31783000,0
1721941200000,0.49200000,0.49670000,0.49160000,0.49580000,2543211.00000000,1721944799999,1255709.46675000,3823,1285313.50000000,634785.69209000,0
1721944800000,0.49580000,0.49700000,0.49370000,0.49520000,918104.30000000,1721948399999,454899.81618000,2159,482827.60000000,239198.75227000,0
1721948400000,0.49520000,0.49750000,0.49500000,0.49730000,741381.90000000,1721951999999,367952.26908000,1557,396165.80000000,196596.57927000,0
1721952000000,0.49720000,0.50060000,0.49650000,0.49980000,1953981.00000000,1721955599999,973397.05894000,3306,791492.50000000,394322.35420000,0
1721955600000,0.49960000,0.50200000,0.49830000,0.49910000,1232309.70000000,1721959199999,616145.90571000,2597,567793.50000000,283942.88135000,0
1721959200000,0.49910000,0.50510000,0.49890000,0.50470000,1442013.50000000,1721962799999,725224.71867000,3287,704407.00000000,354211.84029000,0
1721962800000,0.50470000,0.50720000,0.50370000,0.50470000,1361207.70000000,1721966399999,688018.72107000,2946,688454.50000000,347985.75869000,0
1721966400000,0.50470000,0.50750000,0.50430000,0.50700000,1127244.30000000,1721969999999,570721.72778000,2247,486538.50000000,246279.28068000,0
1721970000000,0.50710000,0.51040000,0.50690000,0.50980000,924928.60000000,1721973599999,470644.70048000,1809,485996.80000000,247206.19245000,0
1721973600000,0.50980000,0.51440000,0.50910000,0.51390000,1504295.60000000,1721977199999,770136.55441000,3108,677063.60000000,346641.28437000,0
1721977200000,0.51390000,0.51490000,0.51200000,0.51210000,2223293.10000000,1721980799999,1141131.49441000,3799,1156360.50000000,593550.33216000,0
1721980800000,0.51210000,0.51280000,0.51060000,0.51250000,969777.50000000,1721984399999,496454.62007000,2230,509544.10000000,260881.13226000,0
1721984400000,0.51240000,0.51400000,0.51180000,0.51210000,930480.70000000,1721987999999,477209.36003000,1813,402763.10000000,206550.64152000,0
1721988000000,0.51200000,0.51260000,0.50780000,0.50860000,1173096.20000000,1721991599999,597864.74879000,2163,491484.90000000,250435.21301000,0
1721991600000,0.50850000,0.50930000,0.50740000,0.50890000,744506.80000000,1721995199999,378610.05147000,1682,379503.50000000,193025.55356000,0
1721995200000,0.50880000,0.51000000,0.50690000,0.50790000,1213480.10000000,1721998799999,617057.16640000,2557,637111.60000000,324073.51003000,0
1721998800000,0.50780000,0.51140000,0.50600000,0.51100000,1793451.50000000,1722002399999,911016.75938000,4504,1110886.70000000,564339.92533000,0
1722002400000,0.51090000,0.51260000,0.50670000,0.50970000,1970877.30000000,1722005999999,1004353.52569000,3957,933495.40000000,475708.28095000,0
1722006000000,0.50970000,0.51270000,0.50950000,0.51060000,1103036.10000000,1722009599999,563639.26380000,2167,632601.10000000,323258.40068000,0
1722009600000,0.51060000,0.51320000,0.50940000,0.51180000,1178057.00000000,1722013199999,602691.71949000,2159,686868.70000000,351422.35998000,0
1722013200000,0.51180000,0.51220000,0.50990000,0.51090000,805279.30000000,1722016799999,411550.18363000,1697,304713.20000000,155703.29709000,0
1722016800000,0.51080000,0.51270000,0.51050000,0.51210000,703123.70000000,1722020399999,359771.56035000,1807,413707.80000000,211666.55281000,0
1722020400000,0.51210000,0.51440000,0.51200000,0.51230000,1048806.50000000,1722023999999,538053.81964000,2135,431265.90000000,221334.76930000,0
1722024000000,0.51230000,0.51250000,0.50970000,0.51110000,805925.40000000,1722027599999,411840.67724000,1774,327854.10000000,167615.15740000,0
1722027600000,0.51110000,0.51450000,0.51040000,0.51360000,1565198.60000000,1722031199999,802869.53212000,1831,837265.60000000,429823.49243000,0
1722031200000,0.51350000,0.51490000,0.51350000,0.51430000,594629.00000000,1722034799999,305856.77661000,1278,343738.80000000,176807.29118000,0
1722034800000,0.51430000,0.51520000,0.51360000,0.51470000,504340.40000000,1722038399999,259545.97428000,1013,234090.40000000,120472.82768000,0
1722038400000,0.51470000,0.51470000,0.51260000,0.51290000,702759.30000000,1722041999999,360937.47853000,1476,275246.30000000,141359.00048000,0
1722042000000,0.51280000,0.51290000,0.51070000,0.51090000,609841.90000000,1722045599999,312186.33719000,1479,279181.40000000,142923.52970000,0
1722045600000,0.51080000,0.51430000,0.51020000,0.51390000,454804.20000000,1722049199999,232991.27407000,1207,251723.20000000,128939.30577000,0
1722049200000,0.51400000,0.51450000,0.51170000,0.51200000,486104.90000000,1722052799999,249334.95330000,1126,243496.40000000,124891.31764000,0
1722052800000,0.51190000,0.51350000,0.51190000,0.51340000,310904.80000000,1722056399999,159412.41512000,818,107679.30000000,55210.23062000,0
1722056400000,0.51350000,0.51470000,0.51320000,0.51340000,655949.60000000,1722059999999,337119.82443000,1440,348062.70000000,178892.24493000,0
1722060000000,0.51340000,0.51530000,0.51330000,0.51530000,739666.40000000,1722063599999,380576.75941000,1389,374579.60000000,192712.74362000,0
1722063600000,0.51530000,0.51770000,0.51490000,0.51610000,931909.10000000,1722067199999,481126.85038000,2231,351883.50000000,181704.79294000,0
1722067200000,0.51600000,0.51780000,0.51370000,0.51490000,677934.50000000,1722070799999,349709.18074000,1637,338696.00000000,174673.14307000,0
1722070800000,0.51480000,0.51580000,0.51320000,0.51450000,541665.80000000,1722074399999,278777.62670000,1498,278419.60000000,143283.05148000,0
1722074400000,0.51440000,0.51490000,0.51360000,0.51400000,815396.20000000,1722077999999,419418.61630000,1351,517417.50000000,266156.17105000,0
1722078000000,0.51400000,0.51560000,0.51250000,0.51530000,449834.60000000,1722081599999,231346.38406000,1324,244878.90000000,125891.09313000,0
1722081600000,0.51530000,0.51700000,0.51520000,0.51690000,802180.90000000,1722085199999,414129.54561000,1834,405389.00000000,209277.96754000,0
1722085200000,0.51690000,0.52380000,0.51680000,0.52140000,2491894.70000000,1722088799999,1297891.95256000,5063,1233929.20000000,642547.34280000,0
1722088800000,0.52140000,0.52270000,0.51750000,0.51980000,2193180.40000000,1722092399999,1139880.61944000,4049,759592.80000000,395082.27128000,0
1722092400000,0.51990000,0.52090000,0.51360000,0.51610000,1256942.50000000,1722095999999,649587.07688000,3353,567191.90000000,293052.18673000,0
1722096000000,0.51600000,0.51800000,0.51400000,0.51480000,907363.40000000,1722099599999,468311.55264000,2694,552823.00000000,285354.40538000,0
1722099600000,0.51480000,0.51700000,0.51350000,0.51490000,1127710.90000000,1722103199999,581038.07110000,2586,539927.20000000,278173.21892000,0
1722103200000,0.51480000,0.51740000,0.51250000,0.51360000,885865.20000000,1722106799999,455961.78001000,2185,445683.70000000,229429.99843000,0
1722106800000,0.51360000,0.51750000,0.51050000,0.51700000,2125202.40000000,1722110399999,1092015.11731000,5752,888792.40000000,456633.05998000,0
1722110400000,0.51700000,0.51720000,0.50800000,0.51580000,6052403.40000000,1722113999999,3110696.03973000,11169,2860731.20000000,1470063.83689000,0
1722114000000,0.51590000,0.52350000,0.51460000,0.52050000,3190826.10000000,1722117599999,1661605.42480000,5460,1844730.80000000,960863.59362000,0
1722117600000,0.52040000,0.52130000,0.51870000,0.52080000,607617.70000000,1722121199999,316200.44286000,1490,284452.20000000,148029.66961000,0
1722121200000,0.52080000,0.52130000,0.51660000,0.51710000,1117733.70000000,1722124799999,580139.17274000,1908,488091.30000000,253368.79465000,0
1722124800000,0.51700000,0.51770000,0.51320000,0.51760000,1065058.00000000,1722128399999,548995.39492000,2641,563405.20000000,290250.91549000,0
1722128400000,0.51760000,0.52050000,0.51720000,0.51810000,667501.40000000,1722131999999,346474.49008000,1806,279309.20000000,144966.79220000,0
1722132000000,0.51810000,0.51880000,0.51640000,0.51720000,371699.10000000,1722135599999,192372.56403000,1090,179398.10000000,92835.57836000,0
1722135600000,0.51710000,0.51760000,0.51440000,0.51440000,440604.40000000,1722139199999,227403.33458000,1229,195266.20000000,100819.11772000,0
1722139200000,0.51450000,0.51470000,0.51040000,0.51040000,693720.80000000,1722142799999,355497.19797000,1958,335999.90000000,172182.75502000,0
1722142800000,0.51050000,0.51130000,0.50770000,0.51130000,1015192.30000000,1722146399999,516870.61048000,2609,604386.40000000,307784.66593000,0
1722146400000,0.51120000,0.51310000,0.51110000,0.51280000,799252.20000000,1722149999999,409546.75158000,1353,541368.40000000,277437.85654000,0
1722150000000,0.51270000,0.51530000,0.51170000,0.51510000,601247.70000000,1722153599999,308542.86057000,1435,291632.90000000,149694.40167000,0
1722153600000,0.51510000,0.51580000,0.51360000,0.51470000,560718.40000000,1722157199999,288675.15642000,1504,220951.00000000,113738.79128000,0
1722157200000,0.51480000,0.51600000,0.51390000,0.51510000,675647.10000000,1722160799999,348020.14764000,1572,295304.20000000,152077.22283000,0
1722160800000,0.51520000,0.51790000,0.51500000,0.51650000,723713.00000000,1722164399999,374124.86501000,1704,355823.40000000,183894.32133000,0
1722164400000,0.51660000,0.51810000,0.51550000,0.51560000,646896.80000000,1722167999999,334301.58996000,1761,330776.90000000,170959.96405000,0
1722168000000,0.51570000,0.51590000,0.51290000,0.51300000,1162784.50000000,1722171599999,598103.12641000,2773,487057.80000000,250498.67913000,0
1722171600000,0.51310000,0.51350000,0.51180000,0.51260000,509640.50000000,1722175199999,261287.84759000,1848,220887.90000000,113254.73242000,0
1722175200000,0.51260000,0.51280000,0.50780000,0.50800000,1589311.70000000,1722178799999,809813.04985000,3466,938945.90000000,478360.78258000,0
1722178800000,0.50810000,0.50930000,0.50690000,0.50790000,771225.00000000,1722182399999,391667.34048000,2354,410820.60000000,208626.35269000,0
1722182400000,0.50790000,0.50880000,0.50610000,0.50640000,779782.00000000,1722185999999,395713.69161000,1942,445298.20000000,225962.91248000,0
1722186000000,0.50640000,0.50890000,0.50630000,0.50860000,698242.80000000,1722189599999,354317.61028000,1728,351166.70000000,178226.23860000,0
1722189600000,0.50860000,0.51220000,0.50840000,0.50980000,751321.30000000,1722193199999,383325.72074000,2129,418449.40000000,213430.75705000,0
1722193200000,0.50980000,0.50980000,0.50800000,0.50820000,666332.50000000,1722196799999,339026.04211000,1884,357965.90000000,182125.93542000,0
1722196800000,0.50820000,0.50850000,0.50710000,0.50720000,638405.80000000,1722200399999,324122.98108000,1563,306546.70000000,155634.82991000,0
1722200400000,0.50710000,0.50840000,0.50490000,0.50750000,1099110.80000000,1722203999999,556738.33268000,2085,468529.20000000,237263.01727000,0
1722204000000,0.50760000,0.50860000,0.50460000,0.50640000,936558.20000000,1722207599999,474168.09789000,2149,523692.40000000,265147.92651000,0
1722207600000,0.50640000,0.50900000,0.50600000,0.50860000,487002.40000000,1722211199999,247211.52341000,1406,288249.80000000,146330.03795000,0
1722211200000,0.50870000,0.51480000,0.50860000,0.51240000,2523715.30000000,1722214799999,1293027.25369000,4803,1105417.90000000,566152.17547000,0
1722214800000,0.51240000,0.51420000,0.51050000,0.51060000,862806.90000000,1722218399999,441995.45132000,2251,417127.60000000,213676.35514000,0
1722218400000,0.51060000,0.52030000,0.50970000,0.52010000,2624369.60000000,1722221999999,1355311.15877000,4696,1416801.00000000,732060.57531000,0
1722222000000,0.52000000,0.52240000,0.51630000,0.51710000,2019059.60000000,1722225599999,1049701.74450000,4505,1127063.30000000,585909.09503000,0
1722225600000,0.51710000,0.51890000,0.51510000,0.51740000,1103973.80000000,1722229199999,570266.77588000,2465,556303.40000000,287382.83349000,0
1722229200000,0.51740000,0.51830000,0.51590000,0.51730000,812806.10000000,1722232799999,420227.59940000,1980,504571.40000000,260858.65614000,0
1722232800000,0.51720000,0.51990000,0.51650000,0.51860000,1179491.70000000,1722236399999,611646.63306000,2647,729581.80000000,378367.19183000,0
1722236400000,0.51870000,0.52050000,0.51730000,0.52010000,1144394.50000000,1722239999999,593977.18284000,2101,460888.00000000,239318.72280000,0
1722240000000,0.52020000,0.52090000,0.51760000,0.51970000,955213.10000000,1722243599999,496203.11493000,1994,441297.70000000,229365.67991000,0
1722243600000,0.51970000,0.52380000,0.51970000,0.52280000,1593852.50000000,1722247199999,831969.08277000,2832,724538.10000000,378122.99127000,0
1722247200000,0.52270000,0.52450000,0.52130000,0.52130000,1163864.70000000,1722250799999,608745.28070000,2321,510413.50000000,267056.46963000,0
1722250800000,0.52130000,0.52230000,0.52040000,0.52120000,971427.20000000,1722254399999,506437.97775000,1735,489597.40000000,255240.28064000,0
1722254400000,0.52110000,0.52430000,0.52080000,0.52300000,2144675.40000000,1722257999999,1120353.92401000,3043,1265313.50000000,660968.34772000,0
1722258000000,0.52310000,0.52470000,0.52120000,0.52280000,2670331.90000000,1722261599999,1397839.39062000,4482,1167366.90000000,611171.90756000,0
1722261600000,0.52290000,0.52370000,0.51790000,0.51900000,2783480.30000000,1722265199999,1449893.15375000,5618,1238607.80000000,645215.79369000,0
1722265200000,0.51890000,0.52020000,0.51250000,0.51480000,2665392.80000000,1722268799999,1374085.65340000,5669,1140562.00000000,587861.63356000,0
1722268800000,0.51470000,0.51620000,0.51000000,0.51010000,3963607.00000000,1722272399999,2032123.39249000,6833,1848485.10000000,947584.48122000,0
1722272400000,0.51010000,0.51610000,0.50890000,0.51350000,3088406.80000000,1722275999999,1582857.24786000,4773,1342679.20000000,688160.52744000,0
1722276000000,0.51350000,0.51780000,0.51180000,0.51710000,2792236.30000000,1722279599999,1438022.16083000,3688,1845085.10000000,950775.05506000,0
1722279600000,0.51710000,0.51930000,0.51500000,0.51790000,1441387.10000000,1722283199999,745486.48896000,2465,676486.50000000,349850.69753000,0
1722283200000,0.51790000,0.51840000,0.51350000,0.51560000,826110.00000000,1722286799999,426272.17953000,2071,409582.30000000,211208.04086000,0
1722286800000,0.51560000,0.51580000,0.51020000,0.51340000,1639396.70000000,1722290399999,839116.52939000,2831,750673.90000000,384136.23931000,0
1722290400000,0.51330000,0.51480000,0.51040000,0.51060000,819606.50000000,1722293999999,419871.32538000,1933,332248.10000000,170156.19043000,0
1722294000000,0.51070000,0.51270000,0.50890000,0.51020000,1307988.50000000,1722297599999,667818.74410000,2751,636950.90000000,325147.22415000,0
1722297600000,0.51020000,0.51570000,0.50660000,0.51550000,2482291.00000000,1722301199999,1268363.25204000,4859,930627.90000000,474893.67865000,0
1722301200000,0.51560000,0.52020000,0.51160000,0.51200000,1799713.30000000,1722304799999,929604.46243000,3985,974805.80000000,504069.58484000,0
1722304800000,0.51200000,0.51380000,0.50870000,0.51300000,1083704.30000000,1722308399999,553904.73523000,2699,568760.80000000,290634.32804000,0
1722308400000,0.51290000,0.51690000,0.51250000,0.51630000,647853.50000000,1722311999999,333456.37292000,1696,332523.80000000,171123.29326000,0
1722312000000,0.51630000,0.51670000,0.51450000,0.51660000,471095.50000000,1722315599999,242876.83362000,1074,231881.80000000,119560.17370000,0
1722315600000,0.51660000,0.53000000,0.51450000,0.51990000,3339504.00000000,1722319199999,1733395.28048000,5244,2205166.40000000,1145871.67637000,0
1722319200000,0.51990000,0.52270000,0.51890000,0.52050000,2043415.00000000,1722322799999,1064968.22670000,3387,810174.40000000,422297.16703000,0
1722322800000,0.52050000,0.52540000,0.51970000,0.52390000,2509848.30000000,1722326399999,1311825.85091000,4086,1258504.50000000,657600.94094000,0
1722326400000,0.52380000,0.52470000,0.51780000,0.51790000,1856266.20000000,1722329999999,966630.50409000,3394,689946.10000000,359405.47078000,0
1722330000000,0.51790000,0.51990000,0.51680000,0.51780000,918369.50000000,1722333599999,475794.96738000,2400,397329.30000000,205890.93562000,0
1722333600000,0.51780000,0.51930000,0.51580000,0.51680000,1203762.80000000,1722337199999,622673.77774000,2945,466195.20000000,241081.80686000,0
1722337200000,0.51670000,0.51870000,0.51550000,0.51750000,764608.30000000,1722340799999,395121.57665000,2048,461555.20000000,238501.15317000,0
1722340800000,0.51750000,0.52190000,0.51650000,0.51990000,1422744.40000000,1722344399999,738425.67126000,3358,651611.30000000,338189.13618000,0
1722344400000,0.51990000,0.52120000,0.51630000,0.51710000,770559.40000000,1722347999999,399874.15679000,2688,386390.10000000,200573.40687000,0
1722348000000,0.51700000,0.52050000,0.51550000,0.51620000,1851707.90000000,1722351599999,958497.04893000,4199,703688.30000000,364356.83318000,0
1722351600000,0.51620000,0.52180000,0.51490000,0.52100000,1420093.20000000,1722355199999,737723.59823000,4174,595779.10000000,309465.90751000,0
1722355200000,0.52100000,0.52230000,0.51850000,0.51850000,1178263.70000000,1722358799999,613355.28102000,2465,480933.20000000,250431.56053000,0
1722358800000,0.51850000,0.51880000,0.51200000,0.51250000,1631651.00000000,1722362399999,839573.14876000,4082,864880.50000000,444874.49320000,0
1722362400000,0.51240000,0.51290000,0.50800000,0.50990000,1861396.70000000,1722365999999,949885.71909000,4016,999067.80000000,509849.25936000,0
1722366000000,0.50980000,0.50980000,0.50260000,0.50490000,3043747.20000000,1722369599999,1537788.67192000,6273,1681032.30000000,849371.65837000,0
1722369600000,0.50500000,0.50810000,0.49950000,0.50470000,3355217.40000000,1722373199999,1688899.02658000,6209,1707530.90000000,859661.85836000,0
1722373200000,0.50460000,0.50530000,0.50070000,0.50480000,1471849.80000000,1722376799999,740196.22540000,2503,855471.90000000,430108.75407000,0
1722376800000,0.50490000,0.50710000,0.50350000,0.50700000,1671610.80000000,1722380399999,845061.24005000,2260,929658.80000000,469888.50180000,0
1722380400000,0.50690000,0.50780000,0.50390000,0.50530000,936228.90000000,1722383999999,473181.59643000,1693,464274.80000000,234522.24194000,0
1722384000000,0.50540000,0.50890000,0.50310000,0.50790000,1596865.60000000,1722387599999,807730.53834000,3115,721031.40000000,364753.96511000,0
1722387600000,0.50800000,0.51100000,0.50640000,0.51090000,1245934.90000000,1722391199999,634270.57823000,3012,627644.80000000,319466.21535000,0
1722391200000,0.51090000,0.51350000,0.50960000,0.51060000,1043542.20000000,1722394799999,533843.67182000,2375,357977.50000000,183078.91034000,0
1722394800000,0.51050000,0.51270000,0.50930000,0.51150000,710781.00000000,1722398399999,363254.03861000,1745,389455.60000000,199100.99323000,0
1722398400000,0.51140000,0.51140000,0.50570000,0.50830000,858591.20000000,1722401999999,436377.49550000,2186,393298.00000000,199835.74950000,0
1722402000000,0.50850000,0.51480000,0.50570000,0.51340000,1794414.50000000,1722405599999,914713.19022000,3277,972666.20000000,495292.22360000,0
1722405600000,0.51340000,0.51870000,0.51300000,0.51730000,1778156.30000000,1722409199999,917904.54836000,3883,830302.50000000,428401.42767000,0
1722409200000,0.51720000,0.51940000,0.51660000,0.51690000,1711291.40000000,1722412799999,886245.43821000,2789,902472.40000000,467404.08147000,0
1722412800000,0.51680000,0.51830000,0.51490000,0.51530000,1199058.40000000,1722416399999,619092.42703000,2425,363022.50000000,187486.90946000,0
1722416400000,0.51520000,0.51570000,0.51280000,0.51280000,928198.10000000,1722419999999,477476.23748000,1904,409276.90000000,210575.76797000,0
1722420000000,0.51270000,0.51400000,0.51030000,0.51110000,1000246.90000000,1722423599999,512151.39891000,2220,418108.80000000,214050.58417000,0
1722423600000,0.51110000,0.51330000,0.51050000,0.51310000,772686.20000000,1722427199999,395450.69299000,2615,519834.40000000,266025.33653000,0
1722427200000,0.51300000,0.51580000,0.51300000,0.51420000,740193.90000000,1722430799999,380606.53883000,4411,367306.20000000,188878.52815000,0
1722430800000,0.51420000,0.52070000,0.51420000,0.51470000,3097185.30000000,1722434399999,1603277.25309000,5144,1850851.40000000,958792.37965000,0
1722434400000,0.51460000,0.51610000,0.51070000,0.51440000,2009983.90000000,1722437999999,1033390.95179000,4552,901780.00000000,463710.92640000,0
1722438000000,0.51440000,0.51570000,0.51300000,0.51330000,986872.20000000,1722441599999,507748.22227000,2606,517482.90000000,266258.29368000,0
1722441600000,0.51330000,0.51770000,0.51200000,0.51290000,3678625.60000000,1722445199999,1893953.05323000,4900,2263584.10000000,1165383.77810000,0
1722445200000,0.51270000,0.51640000,0.51140000,0.51370000,2934871.50000000,1722448799999,1507580.12728000,4292,1723816.20000000,885556.18820000,0
1722448800000,0.51370000,0.51410000,0.50860000,0.51180000,4480599.50000000,1722452399999,2292154.69583000,8197,2438837.20000000,1247774.73707000,0
1722452400000,0.51190000,0.51270000,0.49800000,0.50040000,6871588.80000000,1722455999999,3463839.08647000,11135,4068218.30000000,2049562.99265000,0
1722456000000,0.50040000,0.50300000,0.49290000,0.49350000,9790506.30000000,1722459599999,4871702.95238000,12455,5871013.10000000,2921999.24465000,0
1722459600000,0.49350000,0.49820000,0.49110000,0.49680000,4302217.70000000,1722463199999,2127077.34651000,6829,2476519.10000000,1224332.31726000,0
1722463200000,0.49660000,0.49810000,0.49330000,0.49740000,1143199.50000000,1722466799999,566534.78756000,3147,608822.30000000,301616.53529000,0
1722466800000,0.49740000,0.49760000,0.49390000,0.49570000,1195145.00000000,1722470399999,592180.10443000,2234,509732.90000000,252636.76655000,0
