1706745600000,0.78730000,0.79260000,0.78480000,0.78830000,2573465.40000000,1706749199999,2030498.04397000,5132,1179172.60000000,930348.38005000,0
1706749200000,0.78840000,0.78840000,0.76540000,0.76680000,7926195.50000000,1706752799999,6137064.80830000,17825,3363420.60000000,2604352.07591000,0
1706752800000,0.76670000,0.77660000,0.76570000,0.77630000,2701015.60000000,1706756399999,2082761.55651000,5978,1131573.50000000,872929.46425000,0
1706756400000,0.77640000,0.77870000,0.77180000,0.77210000,2326319.60000000,1706759999999,1803376.71794000,4836,987731.70000000,765658.31747000,0
1706760000000,0.77210000,0.77600000,0.76850000,0.77290000,2421687.70000000,1706763599999,1871502.78590000,5430,1237248.20000000,955776.94302000,0
1706763600000,0.77280000,0.77550000,0.76980000,0.77350000,2004147.30000000,1706767199999,1548634.47898000,3897,1212730.70000000,937075.33705000,0
1706767200000,0.77350000,0.77690000,0.77050000,0.77670000,1670899.40000000,1706770799999,1292747.13774000,3603,937790.40000000,725505.22538000,0
1706770800000,0.77670000,0.78240000,0.77460000,0.77990000,2197832.60000000,1706774399999,1712108.17304000,4573,1177666.60000000,917114.28619000,0
1706774400000,0.77980000,0.78330000,0.77850000,0.78240000,1966471.20000000,1706777999999,1535421.34421000,3759,968073.90000000,755952.32912000,0
1706778000000,0.78240000,0.78500000,0.78050000,0.78470000,1550518.80000000,1706781599999,1213924.23584000,4553,830011.00000000,649781.32187000,0
1706781600000,0.78470000,0.78710000,0.78190000,0.78390000,1505928.20000000,1706785199999,1181256.69569000,4128,777517.30000000,609871.77831000,0
1706785200000,0.78400000,0.78560000,0.78050000,0.78130000,1327108.40000000,1706788799999,1039249.69756000,3317,684738.50000000,536193.11523000,0
1706788800000,0.78120000,0.78550000,0.78110000,0.78420000,1553498.90000000,1706792399999,1216712.37099000,3911,755124.60000000,591454.94991000,0
1706792400000,0.78420000,0.78900000,0.78010000,0.78590000,1835826.50000000,1706795999999,1440687.29160000,4640,943419.60000000,740327.68043000,0
1706796000000,0.78580000,0.79710000,0.78570000,0.79640000,3644782.50000000,1706799599999,2888643.00067000,7898,1844015.30000000,1461622.90943000,0
1706799600000,0.79630000,0.80070000,0.79250000,0.79330000,3695304.70000000,1706803199999,2947039.72438000,7942,1907411.30000000,1521277.36432000,0
1706803200000,0.79330000,0.79620000,0.78740000,0.79550000,2906381.80000000,1706806799999,2304538.03531000,6330,1428955.40000000,1133195.59498000,0
1706806800000,0.79560000,0.80960000,0.79500000,0.80900000,5016887.90000000,1706810399999,4034533.79490000,9767,2642563.10000000,2124711.54853000,0
1706810400000,0.80900000,0.81150000,0.80360000,0.80590000,3030848.80000000,1706813999999,2448943.95867000,6594,1519920.00000000,1228235.99867000,0
1706814000000,0.80590000,0.81500000,0.80460000,0.81150000,2570120.10000000,1706817599999,2080070.49371000,5491,1306654.10000000,1057890.02513000,0
1706817600000,0.81160000,0.81290000,0.80820000,0.81000000,2559196.00000000,1706821199999,2074032.29588000,4905,1259550.50000000,1020774.65727000,0
1706821200000,0.81000000,0.81710000,0.81000000,0.81170000,3779689.90000000,1706824799999,3073815.76408000,5727,1734810.60000000,1411127.58072000,0
1706824800000,0.81160000,0.81170000,0.80420000,0.80770000,2024944.90000000,1706828399999,1635175.18125000,3979,920181.70000000,742884.57141000,0
1706828400000,0.80770000,0.81180000,0.80680000,0.81130000,1685194.70000000,1706831999999,1364090.60512000,3041,764186.00000000,618561.62596000,0
1706832000000,0.81130000,0.81800000,0.80890000,0.81310000,2958745.50000000,1706835599999,2409260.32289000,5515,1460709.00000000,1189377.81927000,0
1706835600000,0.81310000,0.81520000,0.80870000,0.80950000,1870740.40000000,1706839199999,1518293.99444000,3565,1098365.80000000,891421.97913000,0
1706839200000,0.80940000,0.81140000,0.80660000,0.80890000,1777268.50000000,1706842799999,1437341.28452000,3380,896150.50000000,724782.15695000,0
1706842800000,0.80880000,0.80890000,0.80660000,0.80660000,962161.30000000,1706846399999,777170.27413000,1951,445669.30000000,359981.80987000,0
1706846400000,0.80650000,0.81030000,0.80590000,0.80810000,1195429.30000000,1706849999999,966125.16366000,2992,586284.00000000,473878.68600000,0
1706850000000,0.80810000,0.81340000,0.80630000,0.81260000,1383737.10000000,1706853599999,1121203.66181000,2559,860080.10000000,697405.54803000,0
1706853600000,0.81260000,0.81990000,0.81260000,0.81880000,3460796.00000000,1706857199999,2827383.28445000,6275,2268660.20000000,1853560.92451000,0
1706857200000,0.81880000,0.82260000,0.81730000,0.82000000,2942586.60000000,1706860799999,2413579.01165000,5766,1559936.60000000,1279306.75594000,0
1706860800000,0.81990000,0.82020000,0.81300000,0.81610000,2281109.60000000,1706864399999,1860842.23503000,5132,1152850.00000000,940151.31541000,0
1706864400000,0.81610000,0.81640000,0.81040000,0.81210000,1688100.10000000,1706867999999,1372252.88671000,3810,607288.30000000,493547.68792000,0
1706868000000,0.81210000,0.81720000,0.81100000,0.81580000,1515555.40000000,1706871599999,1233767.26959000,3172,721782.30000000,587598.45730000,0
1706871600000,0.81580000,0.81620000,0.81070000,0.81170000,1485283.60000000,1706875199999,1208187.43230000,3615,805130.10000000,655137.85480000,0
1706875200000,0.81170000,0.81320000,0.80760000,0.80780000,1882786.20000000,1706878799999,1525565.02073000,4180,951955.60000000,771535.07424000,0
1706878800000,0.80790000,0.80930000,0.79580000,0.79830000,4371253.80000000,1706882399999,3505593.97564000,11177,1918264.90000000,1537903.96959000,0
1706882400000,0.79820000,0.80350000,0.79610000,0.80090000,1845993.50000000,1706885999999,1476132.50279000,4910,865220.30000000,691821.41591000,0
1706886000000,0.80090000,0.80980000,0.80060000,0.80960000,3341903.70000000,1706889599999,2690602.66853000,6732,1683289.00000000,1355182.09370000,0
1706889600000,0.80960000,0.81280000,0.80270000,0.80410000,2536366.90000000,1706893199999,2047153.43892000,6341,1316136.10000000,1062059.45623000,0
1706893200000,0.80410000,0.80620000,0.79780000,0.79880000,1866198.80000000,1706896799999,1497052.90378000,4800,845660.70000000,678380.35173000,0
1706896800000,0.79880000,0.80000000,0.79500000,0.79880000,1702334.10000000,1706900399999,1358288.15855000,4047,713003.30000000,568856.60089000,0
1706900400000,0.79880000,0.80110000,0.79710000,0.79990000,1096084.50000000,1706903999999,875992.05068000,2404,659915.70000000,527421.60608000,0
1706904000000,0.80010000,0.80140000,0.79640000,0.79730000,1082459.30000000,1706907599999,864841.01368000,2567,494708.60000000,395328.37662000,0
1706907600000,0.79720000,0.80000000,0.79710000,0.79830000,961164.10000000,1706911199999,767790.93474000,2434,450571.90000000,359888.04233000,0
1706911200000,0.79830000,0.80070000,0.79700000,0.80050000,1403601.80000000,1706914799999,1121857.84933000,2691,663188.10000000,530073.99166000,0
1706914800000,0.80060000,0.80080000,0.79700000,0.79980000,1179806.40000000,1706918399999,942089.10877000,2824,665444.10000000,531390.92160000,0
1706918400000,0.79980000,0.80620000,0.79810000,0.80120000,2032334.40000000,1706921999999,1630304.85962000,4220,883311.80000000,708404.99840000,0
1706922000000,0.80120000,0.80570000,0.80020000,0.80200000,1751473.80000000,1706925599999,1405438.10766000,3549,860308.70000000,690210.13928000,0
1706925600000,0.80200000,0.80250000,0.79790000,0.79910000,1312840.60000000,1706929199999,1050280.89181000,3027,658317.50000000,526571.73724000,0
1706929200000,0.79910000,0.80020000,0.79630000,0.79680000,1180246.00000000,1706932799999,941429.29784000,2624,704679.30000000,562088.82734000,0
1706932800000,0.79680000,0.79870000,0.79630000,0.79710000,1088810.30000000,1706936399999,868183.74443000,2433,563108.00000000,449007.36614000,0
1706936400000,0.79710000,0.80090000,0.79640000,0.79900000,1156131.90000000,1706939999999,922836.67178000,2228,724687.70000000,578341.85837000,0
1706940000000,0.79890000,0.79920000,0.79420000,0.79540000,1430240.90000000,1706943599999,1138315.50102000,3069,660201.10000000,525351.97566000,0
1706943600000,0.79550000,0.79620000,0.79080000,0.79200000,2124728.70000000,1706947199999,1684578.01930000,4282,1054212.10000000,835767.20196000,0
1706947200000,0.79210000,0.79230000,0.78590000,0.78690000,3886369.50000000,1706950799999,3066807.69950000,5957,1332538.70000000,1051288.31135000,0
1706950800000,0.78690000,0.79210000,0.78630000,0.79090000,1779697.10000000,1706954399999,1406321.44079000,3200,1035639.90000000,818336.59810000,0
1706954400000,0.79090000,0.79180000,0.78880000,0.79030000,1246536.70000000,1706957999999,985279.09522000,2628,503030.70000000,397641.26428000,0
1706958000000,0.79040000,0.79050000,0.78760000,0.78810000,1180774.90000000,1706961599999,931657.75966000,2787,521350.60000000,411312.89018000,0
1706961600000,0.78810000,0.79080000,0.78770000,0.78890000,962516.40000000,1706965199999,759671.17024000,2226,447973.00000000,353541.48953000,0
1706965200000,0.78880000,0.78980000,0.78740000,0.78770000,1070849.70000000,1706968799999,844479.94815000,2598,452802.00000000,357098.10322000,0
1706968800000,0.78780000,0.78810000,0.78280000,0.78500000,4083328.70000000,1706972399999,3206322.02299000,6226,2680530.30000000,2104465.65255000,0
1706972400000,0.78490000,0.79020000,0.78030000,0.78850000,2702591.00000000,1706975999999,2121245.60255000,5697,1569455.00000000,1231831.36113000,0
1706976000000,0.78850000,0.79130000,0.78710000,0.78880000,1467559.40000000,1706979599999,1158572.22175000,3111,730581.60000000,576738.14679000,0
1706979600000,0.78890000,0.79330000,0.78860000,0.79210000,2159000.80000000,1706983199999,1708633.99206000,3654,1178327.90000000,932565.67324000,0
1706983200000,0.79210000,0.79240000,0.78650000,0.78680000,1547073.50000000,1706986799999,1221580.66001000,3530,701114.90000000,553509.68255000,0
1706986800000,0.78690000,0.79060000,0.78630000,0.79060000,956454.10000000,1706990399999,754649.00116000,2318,520534.90000000,410760.21858000,0
1706990400000,0.79060000,0.79070000,0.78710000,0.78820000,1188276.70000000,1706993999999,937166.10038000,2637,540857.10000000,426520.97554000,0
1706994000000,0.78820000,0.78960000,0.78580000,0.78760000,1237041.70000000,1706997599999,974371.93469000,2517,658380.70000000,518594.16402000,0
1706997600000,0.78770000,0.78810000,0.78570000,0.78590000,1236841.30000000,1707001199999,973745.86719000,1928,441838.30000000,347827.66912000,0
1707001200000,0.78600000,0.78830000,0.78360000,0.78490000,1480993.70000000,1707004799999,1163413.64982000,3007,517570.10000000,406493.40927000,0
1707004800000,0.78500000,0.78500000,0.77920000,0.78430000,2489511.60000000,1707008399999,1946486.42804000,5923,1076383.50000000,841665.98156000,0
1707008400000,0.78430000,0.78610000,0.78130000,0.78570000,1163738.00000000,1707011999999,912371.09562000,2256,584430.70000000,458198.70142000,0
1707012000000,0.78560000,0.78600000,0.78210000,0.78220000,822100.00000000,1707015599999,644530.61162000,1868,398167.80000000,312143.46851000,0
1707015600000,0.78210000,0.78380000,0.78040000,0.78060000,1025108.60000000,1707019199999,801707.48394000,2249,523052.10000000,409111.14147000,0
1707019200000,0.78070000,0.78090000,0.77550000,0.77780000,1416787.50000000,1707022799999,1102262.73969000,4000,639063.90000000,497124.33456000,0
1707022800000,0.77780000,0.77950000,0.77700000,0.77760000,1150862.90000000,1707026399999,895696.01734000,2353,528416.30000000,411191.14153000,0
1707026400000,0.77760000,0.77990000,0.77380000,0.77450000,1741862.60000000,1707029999999,1351765.94413000,3504,846942.50000000,657064.21576000,0
1707030000000,0.77460000,0.77590000,0.77090000,0.77280000,1611852.10000000,1707033599999,1245841.22276000,3755,779150.70000000,602287.01090000,0
1707033600000,0.77280000,0.77470000,0.77230000,0.77310000,724568.00000000,1707037199999,560396.08156000,2246,342085.70000000,264575.46219000,0
1707037200000,0.77310000,0.77840000,0.77040000,0.77800000,1211810.00000000,1707040799999,937709.54774000,3281,634162.10000000,490928.86309000,0
1707040800000,0.77800000,0.77880000,0.77560000,0.77690000,1244899.50000000,1707044399999,967493.54787000,2412,732036.10000000,568900.56173000,0
1707044400000,0.77680000,0.78250000,0.77650000,0.78080000,1491382.40000000,1707047999999,1163494.63545000,3118,832301.30000000,649245.28009000,0
1707048000000,0.78080000,0.78390000,0.78050000,0.78140000,1320757.30000000,1707051599999,1033355.68105000,2712,675929.70000000,528844.72998000,0
1707051600000,0.78130000,0.78270000,0.78000000,0.78130000,1444895.70000000,1707055199999,1128568.03978000,2553,598361.60000000,467413.68418000,0
1707055200000,0.78130000,0.78700000,0.78130000,0.78370000,1728892.50000000,1707058799999,1355841.39852000,3528,718630.10000000,563592.33234000,0
1707058800000,0.78360000,0.78850000,0.78270000,0.78670000,2104536.30000000,1707062399999,1655122.00906000,3771,1315279.60000000,1034524.80283000,0
1707062400000,0.78680000,0.78680000,0.78230000,0.78390000,1527260.40000000,1707065999999,1197376.10290000,3094,755029.00000000,591977.68368000,0
1707066000000,0.78390000,0.78480000,0.78140000,0.78440000,1292309.00000000,1707069599999,1012015.34019000,2842,728629.30000000,570570.47181000,0
1707069600000,0.78440000,0.78520000,0.77960000,0.78040000,1268483.00000000,1707073199999,991834.66930000,3130,581502.40000000,454722.26405000,0
1707073200000,0.78040000,0.78120000,0.77430000,0.77800000,2390478.70000000,1707076799999,1857538.25471000,5037,897924.50000000,697784.65785000,0
1707076800000,0.77790000,0.78410000,0.77460000,0.78240000,1922940.80000000,1707080399999,1497462.58173000,3761,1082223.60000000,842640.17936000,0
1707080400000,0.78240000,0.78560000,0.78100000,0.78140000,802638.40000000,1707083999999,628802.31145000,2146,422730.60000000,331112.31769000,0
1707084000000,0.78130000,0.78290000,0.77120000,0.77500000,1548568.80000000,1707087599999,1202197.77060000,4324,757124.90000000,587725.84662000,0
1707087600000,0.77510000,0.77660000,0.77170000,0.77350000,1063441.50000000,1707091199999,822886.95068000,2539,559153.40000000,432717.34575000,0
1707091200000,0.77350000,0.77660000,0.76890000,0.76970000,2267086.90000000,1707094799999,1750254.73909000,4897,1056430.20000000,815523.58699000,0
1707094800000,0.76970000,0.77090000,0.76250000,0.77000000,3846931.30000000,1707098399999,2948842.13004000,7994,1703797.90000000,1306229.80672000,0
1707098400000,0.77010000,0.77150000,0.76680000,0.76770000,2378465.60000000,1707101999999,1828197.02341000,3509,823864.40000000,633344.28847000,0
1707102000000,0.76770000,0.77460000,0.76770000,0.77440000,1798943.70000000,1707105599999,1385435.29513000,2719,1210310.80000000,931711.57391000,0
1707105600000,0.77430000,0.77540000,0.77250000,0.77340000,1595042.50000000,1707109199999,1234541.05321000,2492,723459.10000000,559722.96872000,0
1707109200000,0.77330000,0.77550000,0.77160000,0.77490000,649005.20000000,1707112799999,501896.17877000,1652,350657.50000000,271144.23441000,0
1707112800000,0.77490000,0.77970000,0.77380000,0.77950000,1406029.90000000,1707116399999,1091727.60031000,2918,816924.00000000,634048.37828000,0
1707116400000,0.77940000,0.78430000,0.77810000,0.78320000,1777260.10000000,1707119999999,1389417.40615000,3981,1055674.90000000,825538.70119000,0
1707120000000,0.78320000,0.78520000,0.78150000,0.78350000,1649419.00000000,1707123599999,1292633.87046000,3602,884642.40000000,693287.04073000,0
1707123600000,0.78360000,0.78420000,0.78120000,0.78330000,1155767.90000000,1707127199999,904422.35875000,2501,657085.00000000,514268.30789000,0
1707127200000,0.78340000,0.78750000,0.78320000,0.78550000,2835700.30000000,1707130799999,2227160.24571000,4520,1348949.10000000,1059511.63019000,0
1707130800000,0.78550000,0.79070000,0.78550000,0.79010000,1815393.60000000,1707134399999,1430577.84286000,3859,971500.70000000,765659.03331000,0
1707134400000,0.79010000,0.79140000,0.78550000,0.78850000,1677024.90000000,1707137999999,1321635.42495000,3798,737927.50000000,581349.99055000,0
1707138000000,0.78850000,0.79510000,0.78770000,0.79300000,3046992.40000000,1707141599999,2413729.90833000,5605,1613383.00000000,1278454.30599000,0
1707141600000,0.79290000,0.79490000,0.78900000,0.78930000,2040549.60000000,1707145199999,1616619.18855000,4482,1046210.40000000,829073.59646000,0
1707145200000,0.78930000,0.78940000,0.78000000,0.78090000,3656587.00000000,1707148799999,2867464.60566000,7365,1731052.00000000,1357203.05793000,0
1707148800000,0.78090000,0.78380000,0.77780000,0.78310000,2719634.30000000,1707152399999,2124190.87534000,5352,1357396.80000000,1060481.56047000,0
1707152400000,0.78320000,0.78750000,0.78270000,0.78460000,1354991.40000000,1707155999999,1063117.56401000,3158,576324.50000000,452151.22353000,0
1707156000000,0.78450000,0.78680000,0.78150000,0.78470000,1137678.10000000,1707159599999,891072.22694000,3008,517933.60000000,405659.21037000,0
1707159600000,0.78470000,0.78860000,0.78280000,0.78310000,1285659.10000000,1707163199999,1009432.38264000,2932,589198.70000000,462683.37537000,0
1707163200000,0.78320000,0.78350000,0.77470000,0.78070000,1755899.30000000,1707166799999,1367403.83859000,4782,815917.60000000,635280.86079000,0
1707166800000,0.78060000,0.78080000,0.77640000,0.77770000,1141321.30000000,1707170399999,888175.72225000,2533,352076.40000000,274014.29961000,0
1707170400000,0.77770000,0.77980000,0.77350000,0.77790000,1347359.40000000,1707173999999,1046608.55932000,2870,745898.00000000,579425.51608000,0
1707174000000,0.77790000,0.78070000,0.77500000,0.78040000,997777.10000000,1707177599999,776908.62459000,2376,449933.00000000,350297.51605000,0
1707177600000,0.78040000,0.78110000,0.77760000,0.78040000,886637.50000000,1707181199999,691403.65311000,2142,489380.80000000,381651.37641000,0
1707181200000,0.78030000,0.78420000,0.77830000,0.78230000,1221737.70000000,1707184799999,955245.38968000,2581,605308.90000000,473266.35740000,0
1707184800000,0.78220000,0.79160000,0.78120000,0.79120000,2089366.90000000,1707188399999,1644790.72174000,4125,1260175.00000000,991703.14881000,0
1707188400000,0.79120000,0.79380000,0.78960000,0.79230000,1589140.30000000,1707191999999,1258741.51599000,3439,594894.70000000,471294.06232000,0
1707192000000,0.79230000,0.79250000,0.78720000,0.78730000,1444749.50000000,1707195599999,1140432.12543000,2774,780642.00000000,616288.53720000,0
1707195600000,0.78730000,0.78970000,0.78550000,0.78870000,908197.30000000,1707199199999,715310.81754000,2182,365221.30000000,287579.05409000,0
1707199200000,0.78870000,0.79000000,0.78630000,0.78720000,1155057.50000000,1707202799999,909746.33643000,2634,387917.50000000,305539.94068000,0
1707202800000,0.78730000,0.79140000,0.78510000,0.79090000,1116081.60000000,1707206399999,879595.85209000,2516,512094.80000000,403455.61426000,0
1707206400000,0.79090000,0.79520000,0.79090000,0.79500000,2150088.00000000,1707209999999,1705559.81867000,3809,1149609.00000000,912056.20923000,0
1707210000000,0.79510000,0.79650000,0.79040000,0.79230000,1908778.40000000,1707213599999,1514376.22684000,3908,994735.90000000,789210.93365000,0
1707213600000,0.79240000,0.79520000,0.78470000,0.78770000,4442871.90000000,1707217199999,3509350.80361000,6271,2112425.60000000,1668236.21809000,0
1707217200000,0.78770000,0.78980000,0.78510000,0.78700000,1978267.60000000,1707220799999,1558360.94059000,3535,928707.40000000,731604.93112000,0
1707220800000,0.78700000,0.79000000,0.78350000,0.78920000,2198132.70000000,1707224399999,1729733.75467000,4398,924732.90000000,727632.32799000,0
1707224400000,0.78920000,0.79710000,0.78640000,0.79190000,3662276.70000000,1707227999999,2902795.14676000,6282,1820343.30000000,1442477.68188000,0
1707228000000,0.79210000,0.79820000,0.79180000,0.79500000,2366152.40000000,1707231599999,1882103.08771000,5043,1124034.60000000,893984.23545000,0
1707231600000,0.79510000,0.80200000,0.79320000,0.79810000,3979706.30000000,1707235199999,3177664.75499000,7212,2227576.70000000,1778849.51383000,0
1707235200000,0.79810000,0.80020000,0.79480000,0.79700000,2890605.60000000,1707238799999,2305917.50929000,4935,1426157.70000000,1137780.00326000,0
1707238800000,0.79700000,0.80040000,0.79580000,0.79700000,1372084.10000000,1707242399999,1094559.95375000,3101,581148.70000000,463486.53382000,0
1707242400000,0.79710000,0.79890000,0.79300000,0.79870000,1673048.90000000,1707245999999,1331508.09952000,3912,830169.90000000,660708.67079000,0
1707246000000,0.79870000,0.80980000,0.79710000,0.80840000,3823978.20000000,1707249599999,3072084.40005000,7436,2164228.60000000,1738956.50942000,0
1707249600000,0.80850000,0.81770000,0.80830000,0.81060000,6733945.30000000,1707253199999,5470587.56608000,11739,3650252.20000000,2966056.59129000,0
1707253200000,0.81060000,0.81230000,0.80690000,0.80840000,2564857.60000000,1707256799999,2075262.44823000,4802,1128808.60000000,913419.46409000,0
1707256800000,0.80840000,0.81020000,0.80630000,0.80790000,1294409.10000000,1707260399999,1046220.27992000,2815,595102.50000000,480912.66432000,0
1707260400000,0.80790000,0.80910000,0.80520000,0.80540000,1331973.30000000,1707263999999,1074926.45448000,2819,612794.00000000,494599.36951000,0
1707264000000,0.80540000,0.81050000,0.80540000,0.80580000,1816858.00000000,1707267599999,1467414.94960000,3231,867174.40000000,700264.57391000,0
1707267600000,0.80570000,0.80880000,0.80510000,0.80540000,956269.70000000,1707271199999,771380.70172000,2475,375409.60000000,302803.44843000,0
1707271200000,0.80550000,0.80700000,0.80310000,0.80340000,1194297.70000000,1707274799999,961236.65440000,2512,489517.40000000,393978.64275000,0
1707274800000,0.80340000,0.80370000,0.79760000,0.79790000,1564727.60000000,1707278399999,1252905.77631000,3645,738057.70000000,591033.23988000,0
1707278400000,0.79780000,0.80040000,0.79350000,0.79520000,2002638.10000000,1707281999999,1594720.99590000,4534,786412.40000000,626050.52475000,0
1707282000000,0.79520000,0.79670000,0.79140000,0.79540000,1760101.40000000,1707285599999,1398308.62174000,3807,723261.50000000,574536.94323000,0
1707285600000,0.79540000,0.79550000,0.79010000,0.79210000,1428115.00000000,1707289199999,1130689.11760000,2920,637042.00000000,504328.80543000,0
1707289200000,0.79200000,0.79460000,0.78920000,0.79070000,1699818.10000000,1707292799999,1345021.77448000,3009,600821.40000000,475484.49415000,0
1707292800000,0.79080000,0.79350000,0.78720000,0.79340000,1351992.80000000,1707296399999,1068342.94828000,3168,692797.40000000,547417.87875000,0
1707296400000,0.79350000,0.80000000,0.79300000,0.79980000,2248225.10000000,1707299999999,1792620.10542000,3933,1285870.10000000,1025899.29790000,0
1707300000000,0.79980000,0.80000000,0.79270000,0.79380000,1171599.60000000,1707303599999,932711.86999000,2673,410088.20000000,326671.72393000,0
1707303600000,0.79380000,0.79680000,0.79330000,0.79390000,1157739.30000000,1707307199999,920186.69398000,2626,415287.30000000,330129.77792000,0
1707307200000,0.79400000,0.79820000,0.79300000,0.79800000,1224732.00000000,1707310799999,973796.28048000,2737,585324.10000000,465388.07881000,0
1707310800000,0.79800000,0.79950000,0.79540000,0.79870000,1098925.80000000,1707314399999,877045.96094000,2706,448922.60000000,358303.00135000,0
1707314400000,0.79870000,0.80570000,0.79790000,0.79980000,2259940.80000000,1707317999999,1811141.00157000,6611,1199464.00000000,961085.98301000,0
1707318000000,0.79980000,0.80700000,0.79750000,0.80420000,3149800.70000000,1707321599999,2527686.98800000,7833,1895323.60000000,1520967.12438000,0
1707321600000,0.80410000,0.81940000,0.80300000,0.81940000,5384604.90000000,1707325199999,4366249.67534000,12238,3041488.50000000,2467995.13577000,0
1707325200000,0.81940000,0.83090000,0.81940000,0.82440000,8304536.00000000,1707328799999,6856863.60451000,20237,5353162.50000000,4419543.61047000,0
1707328800000,0.82450000,0.82780000,0.82200000,0.82540000,2798312.40000000,1707332399999,2308068.33246000,6592,1694692.20000000,1397672.40544000,0
1707332400000,0.82550000,0.82950000,0.82420000,0.82850000,1880436.40000000,1707335999999,1555007.56811000,5108,989805.70000000,818525.37941000,0
1707336000000,0.82850000,0.83630000,0.82800000,0.83600000,4682466.30000000,1707339599999,3896695.99556000,10375,2732000.20000000,2273249.63669000,0
1707339600000,0.83600000,0.83680000,0.83050000,0.83280000,3053057.90000000,1707343199999,2541920.47803000,6425,1486721.30000000,1238162.82487000,0
1707343200000,0.83290000,0.83710000,0.83280000,0.83410000,2590081.60000000,1707346799999,2162614.05834000,4756,1520109.50000000,1269350.96062000,0
1707346800000,0.83390000,0.83800000,0.83310000,0.83430000,1519189.60000000,1707350399999,1268815.17664000,3807,754436.40000000,630095.49799000,0
1707350400000,0.83440000,0.84210000,0.83420000,0.84050000,3180391.40000000,1707353999999,2665181.95620000,7002,1609441.50000000,1348701.95502000,0
1707354000000,0.84050000,0.84330000,0.83610000,0.84050000,2814110.00000000,1707357599999,2364060.38249000,7075,1375271.70000000,1155325.68557000,0
1707357600000,0.84040000,0.84070000,0.83650000,0.83710000,1722500.90000000,1707361199999,1445224.27058000,3560,950312.90000000,797362.14632000,0
1707361200000,0.83710000,0.83970000,0.83660000,0.83720000,1193798.30000000,1707364799999,1000452.92686000,2892,536002.80000000,449200.58383000,0
1707364800000,0.83720000,0.84030000,0.83670000,0.83750000,1549883.80000000,1707368399999,1299957.29312000,3205,822956.50000000,690326.52846000,0
1707368400000,0.83750000,0.83780000,0.83270000,0.83270000,2097600.90000000,1707371999999,1751723.17970000,3500,1073252.30000000,896288.07165000,0
1707372000000,0.83270000,0.83490000,0.83120000,0.83120000,1694754.50000000,1707375599999,1411646.99427000,3403,873665.20000000,727775.58408000,0
1707375600000,0.83130000,0.83350000,0.82900000,0.83090000,2070371.20000000,1707379199999,1721074.62061000,4187,901468.80000000,749317.80836000,0
1707379200000,0.83090000,0.83600000,0.83020000,0.83530000,1763576.20000000,1707382799999,1467627.00773000,3486,867932.50000000,722331.39449000,0
1707382800000,0.83540000,0.83550000,0.83170000,0.83400000,1354859.90000000,1707386399999,1128897.15568000,2930,681314.90000000,567613.29492000,0
1707386400000,0.83400000,0.83550000,0.83080000,0.83350000,1878246.70000000,1707389999999,1565230.96842000,3201,1012392.20000000,843594.10545000,0
1707390000000,0.83350000,0.83710000,0.82790000,0.83110000,4560193.10000000,1707393599999,3798141.27540000,6861,2145341.40000000,1787594.12731000,0
1707393600000,0.83110000,0.83390000,0.82690000,0.82810000,2216825.10000000,1707397199999,1839826.17182000,3932,858407.00000000,712204.83047000,0
1707397200000,0.82810000,0.82990000,0.82520000,0.82990000,2322417.40000000,1707400799999,1921915.54168000,4316,1298496.30000000,1074659.66442000,0
1707400800000,0.82990000,0.83800000,0.82940000,0.83580000,5548217.20000000,1707404399999,4629356.13525000,8307,3015937.40000000,2515839.45399000,0
1707404400000,0.83590000,0.84460000,0.83520000,0.83990000,4680604.10000000,1707407999999,3932986.92825000,9991,2488379.80000000,2090624.75634000,0
1707408000000,0.83980000,0.84040000,0.82230000,0.82760000,4277875.40000000,1707411599999,3556635.37319000,9521,2313297.10000000,1923986.74210000,0
1707411600000,0.82750000,0.84690000,0.82660000,0.83540000,9020246.60000000,1707415199999,7551414.84747000,17232,4653301.10000000,3890812.18036000,0
1707415200000,0.83540000,0.84220000,0.83520000,0.84110000,2618230.90000000,1707418799999,2198963.97334000,5071,1251428.40000000,1050942.23358000,0
1707418800000,0.84120000,0.84710000,0.84050000,0.84080000,2690405.90000000,1707422399999,2270030.50214000,5884,1280354.40000000,1080185.03047000,0
1707422400000,0.84090000,0.84850000,0.84030000,0.84540000,2746716.40000000,1707425999999,2321691.35666000,5878,1448314.70000000,1224058.77903000,0
1707426000000,0.84540000,0.84560000,0.84090000,0.84220000,1822740.90000000,1707429599999,1536704.01240000,3718,919886.20000000,775483.23070000,0
1707429600000,0.84230000,0.84680000,0.84150000,0.84270000,1901444.40000000,1707433199999,1605379.86649000,3597,885826.70000000,747966.92136000,0
1707433200000,0.84270000,0.84660000,0.83200000,0.83370000,5096531.00000000,1707436799999,4275890.45882000,7780,2252175.00000000,1889103.16421000,0
1707436800000,0.83370000,0.83740000,0.83200000,0.83420000,2299047.80000000,1707440399999,1920015.62928000,5062,1272192.20000000,1062569.53747000,0
1707440400000,0.83420000,0.83560000,0.83140000,0.83560000,2034638.20000000,1707443999999,1695539.89325000,3695,936870.60000000,780604.55981000,0
1707444000000,0.83570000,0.84610000,0.83540000,0.84560000,2993164.40000000,1707447599999,2516994.54048000,6715,1627001.20000000,1368486.90148000,0
1707447600000,0.84570000,0.84700000,0.83840000,0.83860000,2750421.50000000,1707451199999,2318209.41139000,5497,1292791.10000000,1089840.16987000,0
1707451200000,0.83860000,0.84050000,0.83640000,0.83900000,1354547.60000000,1707454799999,1135905.57177000,3159,603387.90000000,506062.10816000,0
1707454800000,0.83900000,0.84580000,0.83770000,0.84430000,2074769.50000000,1707458399999,1745204.22905000,3648,1053438.20000000,886185.07709000,0
1707458400000,0.84420000,0.84480000,0.84100000,0.84170000,1240857.80000000,1707461999999,1045724.15915000,2770,553660.40000000,466423.72375000,0
1707462000000,0.84160000,0.84630000,0.84080000,0.84310000,1334643.70000000,1707465599999,1125574.27978000,3230,766739.50000000,646625.87914000,0
1707465600000,0.84310000,0.84980000,0.84000000,0.84930000,3263235.20000000,1707469199999,2758015.76675000,6765,1530291.80000000,1293981.64155000,0
1707469200000,0.84920000,0.84980000,0.84390000,0.84420000,1706311.90000000,1707472799999,1444598.52446000,4453,817165.50000000,691813.10582000,0
1707472800000,0.84420000,0.84680000,0.84200000,0.84440000,1367340.00000000,1707476399999,1154124.14225000,3402,857081.70000000,723431.37553000,0
1707476400000,0.84450000,0.84880000,0.84150000,0.84820000,2711119.60000000,1707479999999,2290649.29408000,4864,1322988.90000000,1117888.03737000,0
1707480000000,0.84820000,0.85200000,0.84470000,0.84620000,4508752.60000000,1707483599999,3825282.53656000,9137,2447291.80000000,2076668.77291000,0
1707483600000,0.84620000,0.85290000,0.84570000,0.85130000,2784336.30000000,1707487199999,2365690.46124000,5987,1427192.00000000,1212479.66872000,0
1707487200000,0.85130000,0.85370000,0.83700000,0.84220000,5596429.10000000,1707490799999,4723990.48765000,12963,2672355.80000000,2255182.81696000,0
1707490800000,0.84200000,0.84600000,0.83750000,0.84500000,3038613.60000000,1707494399999,2558581.60102000,6145,1407224.80000000,1184650.43606000,0
1707494400000,0.84510000,0.84640000,0.83850000,0.83950000,2363616.10000000,1707497999999,1989848.41930000,4753,1157787.00000000,974446.63349000,0
1707498000000,0.83940000,0.84390000,0.83860000,0.84390000,1845665.80000000,1707501599999,1553754.63050000,4039,1122065.50000000,944630.30855000,0
1707501600000,0.84370000,0.85160000,0.84290000,0.84520000,3831854.80000000,1707505199999,3248097.81744000,7779,1902884.20000000,1613116.03128000,0
1707505200000,0.84520000,0.84560000,0.83980000,0.84280000,1903762.80000000,1707508799999,1603254.09112000,4992,930491.20000000,783520.13259000,0
1707508800000,0.84270000,0.85000000,0.84270000,0.84780000,1748590.90000000,1707512399999,1481627.96500000,4176,790569.00000000,669657.64350000,0
1707512400000,0.84780000,0.85150000,0.84460000,0.85140000,2353648.40000000,1707515999999,1995926.96491000,4748,1173327.90000000,995043.95590000,0
1707516000000,0.85140000,0.86000000,0.84970000,0.85650000,5614484.90000000,1707519599999,4796069.99860000,9645,3395685.70000000,2900312.87783000,0
1707519600000,0.85640000,0.85870000,0.85200000,0.85260000,2255929.90000000,1707523199999,1929707.59024000,5052,916849.40000000,784325.44941000,0
1707523200000,0.85290000,0.86000000,0.85250000,0.85470000,1868181.40000000,1707526799999,1599806.13321000,5004,907209.60000000,776687.46356000,0
1707526800000,0.85480000,0.86430000,0.85270000,0.85980000,2596000.20000000,1707530399999,2231283.68004000,7516,1409754.60000000,1211811.58640000,0
1707530400000,0.85970000,0.86110000,0.85680000,0.86080000,1614753.30000000,1707533999999,1387403.26081000,3476,729320.10000000,626682.11455000,0
1707534000000,0.86090000,0.86850000,0.86070000,0.86220000,2363901.50000000,1707537599999,2044882.98730000,6697,1179041.40000000,1020025.57200000,0
1707537600000,0.86240000,0.86540000,0.86110000,0.86140000,1205117.90000000,1707541199999,1039738.40293000,3086,596757.60000000,514845.50480000,0
1707541200000,0.86130000,0.86270000,0.85870000,0.85910000,1090351.80000000,1707544799999,938599.47443000,2836,535407.60000000,460946.55283000,0
1707544800000,0.85900000,0.85980000,0.85500000,0.85560000,1357603.60000000,1707548399999,1164184.67499000,3323,536060.70000000,459640.31413000,0
1707548400000,0.85570000,0.85580000,0.84800000,0.85010000,2412729.50000000,1707551999999,2056415.55456000,5389,955511.80000000,814441.20095000,0
1707552000000,0.85020000,0.85360000,0.84750000,0.84780000,1362350.80000000,1707555599999,1159344.25828000,3614,606085.00000000,515783.94335000,0
1707555600000,0.84780000,0.85050000,0.83970000,0.84430000,4876091.80000000,1707559199999,4129215.89091000,9190,1694963.80000000,1435432.49690000,0
1707559200000,0.84420000,0.84570000,0.83720000,0.83980000,3145207.00000000,1707562799999,2647868.75665000,7350,1146205.80000000,965293.01253000,0
1707562800000,0.83980000,0.84760000,0.83910000,0.84480000,3420547.10000000,1707566399999,2887939.29920000,5036,1697954.90000000,1433956.00160000,0
1707566400000,0.84490000,0.84680000,0.84330000,0.84440000,1071996.20000000,1707569999999,905811.53143000,2832,449800.70000000,380084.39600000,0
1707570000000,0.84450000,0.84810000,0.84350000,0.84620000,1712839.00000000,1707573599999,1448897.44200000,3628,845747.50000000,715412.73591000,0
1707573600000,0.84630000,0.84720000,0.84440000,0.84570000,1153139.50000000,1707577199999,975056.83923000,3023,584920.20000000,494553.50681000,0
1707577200000,0.84580000,0.84770000,0.84390000,0.84510000,781004.30000000,1707580799999,660662.93850000,2648,353380.40000000,298892.48984000,0
1707580800000,0.84500000,0.84580000,0.84210000,0.84460000,1846909.90000000,1707584399999,1558358.47758000,3718,820891.30000000,692704.10611000,0
1707584400000,0.84460000,0.84530000,0.84150000,0.84200000,873471.60000000,1707587999999,736237.84498000,2991,489849.30000000,412840.64591000,0
1707588000000,0.84190000,0.84720000,0.84130000,0.84520000,928115.30000000,1707591599999,784335.18570000,2718,506590.60000000,428071.17216000,0
1707591600000,0.84530000,0.84980000,0.84510000,0.84880000,1420117.80000000,1707595199999,1204312.55543000,3070,773982.70000000,656364.34764000,0
1707595200000,0.84890000,0.85320000,0.84680000,0.85060000,1934055.80000000,1707598799999,1643467.74466000,4259,942862.00000000,801289.12913000,0
1707598800000,0.85070000,0.85970000,0.85070000,0.85790000,2509326.60000000,1707602399999,2147604.30054000,5939,1369293.00000000,1171619.50844000,0
1707602400000,0.85780000,0.86500000,0.84240000,0.85230000,5735263.50000000,1707605999999,4897580.62351000,10925,2696070.30000000,2304690.42211000,0
1707606000000,0.85230000,0.85440000,0.84760000,0.84870000,8195449.90000000,1707609599999,6981246.57098000,7784,4122352.70000000,3512145.16462000,0
1707609600000,0.84880000,0.84980000,0.84630000,0.84980000,1224408.40000000,1707613199999,1038675.07630000,2969,564292.90000000,478684.57953000,0
1707613200000,0.84980000,0.85180000,0.84700000,0.85020000,1477812.40000000,1707616799999,1255754.78977000,3280,762354.80000000,647736.35370000,0
1707616800000,0.85020000,0.85180000,0.84800000,0.84870000,1360276.70000000,1707620399999,1156723.44736000,2523,635620.60000000,540495.72363000,0
1707620400000,0.84870000,0.85730000,0.84740000,0.85700000,1752710.10000000,1707623999999,1495662.00285000,4470,1013350.70000000,864692.84205000,0
1707624000000,0.85710000,0.85850000,0.85390000,0.85570000,1822029.10000000,1707627599999,1560471.21266000,4116,1014424.20000000,868864.51900000,0
1707627600000,0.85560000,0.86310000,0.85460000,0.86090000,2510160.80000000,1707631199999,2158980.88598000,5790,1326086.70000000,1140661.75011000,0
1707631200000,0.86080000,0.86510000,0.86020000,0.86060000,1827411.90000000,1707634799999,1576278.93353000,4173,938391.90000000,809596.34040000,0
1707634800000,0.86070000,0.86290000,0.85840000,0.85950000,1366187.00000000,1707638399999,1175476.06090000,3372,569770.50000000,490242.17561000,0
1707638400000,0.85950000,0.86320000,0.85760000,0.85800000,1188585.60000000,1707641999999,1022837.52405000,3485,531323.30000000,457211.04975000,0
1707642000000,0.85800000,0.86070000,0.85440000,0.85500000,1751307.10000000,1707645599999,1501598.40041000,4570,735399.60000000,630731.04630000,0
1707645600000,0.85510000,0.85710000,0.85250000,0.85540000,2520285.90000000,1707649199999,2153479.23292000,5637,1089547.60000000,930922.00179000,0
1707649200000,0.85530000,0.85650000,0.85360000,0.85600000,1305259.50000000,1707652799999,1116236.82754000,3234,475438.00000000,406584.77107000,0
1707652800000,0.85600000,0.85700000,0.85250000,0.85300000,1706378.50000000,1707656399999,1458716.03396000,3648,794086.80000000,678886.15451000,0
1707656400000,0.85300000,0.85390000,0.84770000,0.84900000,2416859.10000000,1707659999999,2056063.54647000,6282,1065118.20000000,906221.99368000,0
1707660000000,0.84900000,0.85000000,0.84450000,0.84880000,2117183.50000000,1707663599999,1794678.24946000,5542,881718.20000000,747330.52279000,0
1707663600000,0.84870000,0.84880000,0.84440000,0.84740000,1819077.20000000,1707667199999,1538986.87805000,3982,812049.80000000,687060.73960000,0
1707667200000,0.84730000,0.84810000,0.84250000,0.84360000,2077224.20000000,1707670799999,1754704.75150000,4710,955884.60000000,807474.02837000,0
1707670800000,0.84360000,0.84850000,0.84310000,0.84850000,2136621.40000000,1707674399999,1808520.91773000,4625,1116063.40000000,944756.29467000,0
1707674400000,0.84860000,0.84880000,0.84050000,0.84740000,3350922.10000000,1707677999999,2829323.04852000,6013,1368898.50000000,1155234.34857000,0
1707678000000,0.84740000,0.84770000,0.84370000,0.84450000,1249320.80000000,1707681599999,1055748.72167000,3073,585444.40000000,494663.40523000,0
1707681600000,0.84450000,0.84630000,0.83110000,0.83510000,3874042.80000000,1707685199999,3248692.64721000,9634,1619706.00000000,1357844.92754000,0
1707685200000,0.83500000,0.83870000,0.83430000,0.83740000,2713385.40000000,1707688799999,2271643.77372000,5165,1383807.70000000,1158331.59418000,0
1707688800000,0.83740000,0.83740000,0.83180000,0.83250000,1753462.60000000,1707692399999,1463873.75610000,3996,726701.30000000,606621.72054000,0
1707692400000,0.83240000,0.83550000,0.83150000,0.83550000,1154657.20000000,1707695999999,962180.09051000,3185,576590.10000000,480513.29280000,0
1707696000000,0.83540000,0.84240000,0.83320000,0.83970000,2917794.20000000,1707699599999,2446404.03992000,6602,1767163.80000000,1481456.39450000,0
1707699600000,0.83980000,0.84160000,0.83520000,0.83790000,1540074.90000000,1707703199999,1290377.85167000,3747,795594.80000000,666534.00956000,0
1707703200000,0.83800000,0.84000000,0.82570000,0.83050000,3643519.10000000,1707706799999,3030600.70210000,10319,1554653.30000000,1293236.52165000,0
1707706800000,0.83060000,0.83430000,0.82800000,0.83210000,1534295.20000000,1707710399999,1276195.60426000,4513,621661.30000000,517194.28117000,0
1707710400000,0.83210000,0.83350000,0.82960000,0.83000000,1492620.70000000,1707713999999,1240490.23121000,4148,606651.20000000,504140.82265000,0
1707714000000,0.83000000,0.83200000,0.82820000,0.82830000,1398193.60000000,1707717599999,1160813.01048000,2979,630419.40000000,523411.19521000,0
1707717600000,0.82830000,0.83060000,0.82140000,0.82630000,2968059.00000000,1707721199999,2449207.96277000,6571,1208705.40000000,997361.07539000,0
1707721200000,0.82630000,0.83180000,0.82600000,0.83010000,1502549.10000000,1707724799999,1246160.21432000,3792,647220.70000000,536770.71829000,0
1707724800000,0.83010000,0.83180000,0.82730000,0.82770000,1888966.00000000,1707728399999,1566619.01282000,3988,929222.00000000,770742.24247000,0
1707728400000,0.82770000,0.82840000,0.82130000,0.82320000,2053242.00000000,1707731999999,1694175.72429000,4861,938627.00000000,774406.51000000,0
1707732000000,0.82320000,0.82510000,0.82010000,0.82150000,2208892.90000000,1707735599999,1817141.90491000,4591,949054.50000000,780658.30769000,0
1707735600000,0.82140000,0.82480000,0.81830000,0.82460000,1800435.10000000,1707739199999,1477817.96680000,5107,808975.10000000,664183.45657000,0
1707739200000,0.82460000,0.82620000,0.81970000,0.82470000,4223198.20000000,1707742799999,3476437.94994000,5213,1743671.80000000,1433772.15207000,0
1707742800000,0.82480000,0.83140000,0.82270000,0.82820000,2088110.10000000,1707746399999,1726510.66408000,5508,1030644.90000000,851607.10213000,0
1707746400000,0.82820000,0.84800000,0.82760000,0.84790000,5968041.20000000,1707749999999,5000666.89382000,12728,2962096.30000000,2480899.36929000,0
1707750000000,0.84790000,0.86070000,0.84280000,0.86030000,9446456.30000000,1707753599999,8047640.73237000,17719,4357376.40000000,3711207.95457000,0
1707753600000,0.86040000,0.86140000,0.85360000,0.86040000,5000468.10000000,1707757199999,4290109.13835000,11580,2117554.50000000,1816348.11940000,0
1707757200000,0.86050000,0.87000000,0.86010000,0.86770000,7387118.80000000,1707760799999,6401196.37426000,17246,3529408.40000000,3058741.55552000,0
1707760800000,0.86780000,0.87610000,0.86780000,0.87250000,5188864.50000000,1707764399999,4525050.04087000,11806,2223251.60000000,1938349.72554000,0
1707764400000,0.87250000,0.87800000,0.86780000,0.86820000,3777790.90000000,1707767999999,3300442.22478000,8459,1536105.90000000,1342457.27544000,0
1707768000000,0.86830000,0.87890000,0.86830000,0.87870000,2866592.10000000,1707771599999,2506527.84932000,6316,1524836.80000000,1333826.78135000,0
1707771600000,0.87870000,0.88560000,0.87750000,0.87900000,4380591.10000000,1707775199999,3859530.81564000,11210,2163322.60000000,1905876.16955000,0
1707775200000,0.87900000,0.88460000,0.87850000,0.88420000,2057587.90000000,1707778799999,1813448.26839000,4798,923617.60000000,813970.27485000,0
1707778800000,0.88420000,0.88470000,0.87930000,0.87950000,2004272.50000000,1707782399999,1766190.91916000,4304,674508.00000000,594605.74459000,0
1707782400000,0.87950000,0.88490000,0.87640000,0.87780000,2493662.10000000,1707785999999,2197052.94586000,5668,1169471.70000000,1030289.11419000,0
1707786000000,0.87770000,0.88160000,0.87580000,0.88030000,2393304.70000000,1707789599999,2100906.45350000,4596,874576.70000000,767963.68392000,0
1707789600000,0.88020000,0.88230000,0.87250000,0.87280000,1997609.90000000,1707793199999,1752117.72327000,5142,769153.40000000,674625.82967000,0
1707793200000,0.87280000,0.87420000,0.86330000,0.86490000,2723279.40000000,1707796799999,2366774.30009000,6509,1134539.60000000,985655.93503000,0
1707796800000,0.86490000,0.87070000,0.86490000,0.87050000,2052221.30000000,1707800399999,1780708.04293000,3698,1274289.50000000,1105566.99514000,0
1707800400000,0.87040000,0.87510000,0.86900000,0.87510000,2016685.20000000,1707803999999,1757723.31080000,3699,1056771.50000000,921032.61137000,0
1707804000000,0.87510000,0.87600000,0.87190000,0.87260000,1355434.40000000,1707807599999,1184936.87353000,3468,625544.80000000,546824.50399000,0
1707807600000,0.87260000,0.87660000,0.87000000,0.87660000,1926706.00000000,1707811199999,1682137.16352000,4601,942421.00000000,822638.54227000,0
1707811200000,0.87660000,0.87970000,0.87530000,0.87960000,1592829.30000000,1707814799999,1397425.29226000,4723,869578.60000000,762976.04379000,0
1707814800000,0.87950000,0.88200000,0.87720000,0.88180000,4094947.00000000,1707818399999,3602761.65179000,5896,2430406.40000000,2138141.32042000,0
1707818400000,0.88180000,0.88180000,0.87200000,0.87260000,2831718.20000000,1707821999999,2483615.09216000,6283,1238823.70000000,1086500.87712000,0
1707822000000,0.87250000,0.87750000,0.87050000,0.87740000,2313829.10000000,1707825599999,2022659.11466000,5449,920378.70000000,804618.82201000,0
1707825600000,0.87740000,0.87760000,0.87320000,0.87420000,1377472.10000000,1707829199999,1205888.59967000,3921,607301.30000000,531733.74495000,0
1707829200000,0.87410000,0.87480000,0.85500000,0.86350000,7601758.90000000,1707832799999,6551808.59258000,17118,2881475.70000000,2485792.18032000,0
1707832800000,0.86360000,0.86610000,0.84360000,0.85670000,9650514.90000000,1707836399999,8248008.13194000,20958,4439547.00000000,3794066.85551000,0
1707836400000,0.85680000,0.86740000,0.85150000,0.86200000,4600245.60000000,1707839999999,3953228.85104000,9920,1926867.20000000,1655815.17025000,0
1707840000000,0.86190000,0.86560000,0.85350000,0.85420000,3244558.70000000,1707843599999,2788178.70962000,6693,1349132.00000000,1159445.41966000,0
1707843600000,0.85420000,0.86130000,0.85330000,0.85970000,2691949.80000000,1707847199999,2311260.42085000,5640,1143708.00000000,982002.86070000,0
1707847200000,0.85970000,0.86300000,0.85690000,0.85750000,2205299.90000000,1707850799999,1895908.20082000,4662,1201168.90000000,1032800.44283000,0
1707850800000,0.85750000,0.85980000,0.85320000,0.85380000,1362352.50000000,1707854399999,1167067.13659000,4103,671335.70000000,575053.19729000,0
1707854400000,0.85370000,0.86130000,0.85350000,0.85930000,1820290.10000000,1707857999999,1561482.13580000,4009,924174.90000000,792472.82445000,0
1707858000000,0.85940000,0.86320000,0.85850000,0.85870000,1438927.50000000,1707861599999,1239006.83491000,3451,716944.70000000,617346.08947000,0
1707861600000,0.85880000,0.86070000,0.84500000,0.85030000,3804518.10000000,1707865199999,3240685.11969000,8864,2056165.50000000,1750989.78108000,0
1707865200000,0.85030000,0.85520000,0.84320000,0.85380000,3014426.40000000,1707868799999,2557299.10168000,7113,1615702.30000000,1370496.21965000,0
1707868800000,0.85380000,0.85440000,0.84380000,0.84580000,2334732.70000000,1707872399999,1980267.77263000,5535,1181854.20000000,1002236.10965000,0
1707872400000,0.84600000,0.85200000,0.84420000,0.84930000,3258305.60000000,1707875999999,2766638.42255000,5008,1491121.70000000,1266249.36051000,0
1707876000000,0.84930000,0.85130000,0.84640000,0.85080000,1060366.50000000,1707879599999,900115.97529000,2388,532128.10000000,451640.60229000,0
1707879600000,0.85080000,0.85430000,0.85060000,0.85210000,944062.40000000,1707883199999,805197.87462000,2404,438227.80000000,373755.48441000,0
1707883200000,0.85210000,0.85410000,0.84950000,0.85110000,916658.90000000,1707886799999,780361.11950000,2549,428457.80000000,364733.45421000,0
1707886800000,0.85120000,0.85770000,0.85070000,0.85760000,1445790.50000000,1707890399999,1236380.13008000,3192,525763.60000000,449517.49234000,0
1707890400000,0.85760000,0.86000000,0.85760000,0.85860000,1361512.90000000,1707893999999,1169608.27988000,3127,663942.90000000,570351.16604000,0
1707894000000,0.85860000,0.86240000,0.85760000,0.86240000,1261420.80000000,1707897599999,1085017.57268000,3071,565658.80000000,486518.39666000,0
1707897600000,0.86240000,0.87560000,0.86140000,0.87510000,6481918.00000000,1707901199999,5632114.67956000,11763,3511438.20000000,3052781.27360000,0
1707901200000,0.87500000,0.88740000,0.87460000,0.88650000,8220488.70000000,1707904799999,7245528.73228000,16316,4152340.00000000,3659752.05564000,0
1707904800000,0.88640000,0.89000000,0.88340000,0.88930000,4761592.20000000,1707908399999,4222990.20612000,9105,2279893.00000000,2021422.66276000,0
1707908400000,0.88930000,0.88970000,0.88390000,0.88840000,4236136.60000000,1707911999999,3758133.55582000,7962,1935592.00000000,1716816.83912000,0
1707912000000,0.88840000,0.89050000,0.88320000,0.88360000,3219741.60000000,1707915599999,2856792.49198000,6607,1376647.00000000,1221203.57458000,0
1707915600000,0.88370000,0.89130000,0.88360000,0.88970000,3673807.30000000,1707919199999,3262121.09333000,6307,1881457.90000000,1670135.18623000,0
1707919200000,0.88970000,0.89020000,0.88290000,0.88410000,2882564.20000000,1707922799999,2554515.22012000,6876,1424244.70000000,1262261.47093000,0
1707922800000,0.88410000,0.88640000,0.87580000,0.88640000,4891453.40000000,1707926399999,4312434.78979000,9630,2297068.70000000,2025197.05994000,0
1707926400000,0.88640000,0.88670000,0.87650000,0.87710000,3145041.00000000,1707929999999,2770086.90124000,7446,1251847.40000000,1102173.64225000,0
1707930000000,0.87710000,0.87990000,0.87000000,0.87470000,3374612.40000000,1707933599999,2953166.10902000,8083,1653599.10000000,1447294.08055000,0
1707933600000,0.87480000,0.88360000,0.87290000,0.88090000,2647501.20000000,1707937199999,2325236.72339000,5789,1200445.60000000,1054236.80047000,0
1707937200000,0.88080000,0.88870000,0.88040000,0.88580000,3473520.10000000,1707940799999,3072097.76055000,6806,1306485.40000000,1155747.39015000,0
1707940800000,0.88590000,0.89190000,0.88480000,0.89060000,2881971.90000000,1707944399999,2561372.26247000,5688,1502989.00000000,1335542.46179000,0
1707944400000,0.89060000,0.89380000,0.88830000,0.89190000,2326404.70000000,1707947999999,2073116.91334000,5405,1168663.20000000,1041459.37615000,0
1707948000000,0.89180000,0.89190000,0.88840000,0.89180000,1767591.60000000,1707951599999,1572499.71416000,3399,718557.10000000,639183.27859000,0
1707951600000,0.89180000,0.89240000,0.88960000,0.88990000,2225209.60000000,1707955199999,1982377.67456000,4026,1117180.70000000,995268.96521000,0
1707955200000,0.89000000,0.89600000,0.88900000,0.89510000,3498608.50000000,1707958799999,3125742.48948000,7882,1785578.10000000,1595558.93870000,0
1707958800000,0.89500000,0.89540000,0.88330000,0.88600000,3083769.90000000,1707962399999,2741787.30619000,7395,1332039.20000000,1183829.35133000,0
1707962400000,0.88600000,0.88970000,0.88520000,0.88660000,1490336.00000000,1707965999999,1322025.84540000,3848,767326.70000000,680712.39333000,0
1707966000000,0.88670000,0.89240000,0.88530000,0.89230000,1250507.10000000,1707969599999,1111008.46577000,3389,590996.80000000,525118.29152000,0
1707969600000,0.89240000,0.89240000,0.88400000,0.88500000,1886061.20000000,1707973199999,1673252.39726000,4255,766180.80000000,679492.43364000,0
1707973200000,0.88490000,0.88500000,0.87130000,0.87400000,3049658.90000000,1707976799999,2677994.40638000,7357,1263815.50000000,1109917.11597000,0
1707976800000,0.87400000,0.87700000,0.87260000,0.87560000,3167174.90000000,1707980399999,2771566.66180000,5618,1054564.80000000,922691.54563000,0
1707980400000,0.87550000,0.88120000,0.87470000,0.88100000,2668789.40000000,1707983999999,2342357.48777000,4967,1300538.60000000,1141493.46963000,0
1707984000000,0.88090000,0.88400000,0.87630000,0.88210000,2374661.00000000,1707987599999,2091616.11403000,4597,1218106.40000000,1072769.72971000,0
1707987600000,0.88210000,0.89000000,0.88050000,0.88940000,1859397.90000000,1707991199999,1648419.39215000,4910,956547.50000000,848070.87412000,0
1707991200000,0.88930000,0.89480000,0.88760000,0.89330000,4162729.40000000,1707994799999,3713218.02691000,8310,2118075.20000000,1888546.08022000,0
1707994800000,0.89330000,0.89760000,0.88830000,0.89050000,3321994.70000000,1707998399999,2969680.67876000,8345,1760194.30000000,1573611.72809000,0
1707998400000,0.89040000,0.89470000,0.88620000,0.89090000,3095890.00000000,1708001999999,2758704.10211000,6974,1114890.20000000,993531.65583000,0
1708002000000,0.89090000,0.90160000,0.88580000,0.90080000,4954314.10000000,1708005599999,4429962.60017000,11058,2551693.80000000,2284254.31338000,0
1708005600000,0.90070000,0.90870000,0.89740000,0.90710000,6071366.40000000,1708009199999,5488774.27780000,14716,3118741.80000000,2819684.89804000,0
1708009200000,0.90710000,0.91020000,0.88680000,0.89220000,8701383.60000000,1708012799999,7816541.77479000,21146,4114550.70000000,3695667.94937000,0
1708012800000,0.89210000,0.90030000,0.88450000,0.89270000,5957927.10000000,1708016399999,5318409.22256000,14347,3160289.40000000,2821374.97101000,0
1708016400000,0.89260000,0.89860000,0.88800000,0.89100000,3265596.80000000,1708019999999,2915414.08967000,7607,1675872.90000000,1495421.53094000,0
1708020000000,0.89090000,0.89960000,0.88910000,0.89830000,2361488.80000000,1708023599999,2116199.52239000,5698,1064406.50000000,953880.20572000,0
1708023600000,0.89830000,0.90100000,0.89260000,0.89950000,2727348.70000000,1708027199999,2445826.42283000,5783,1351420.70000000,1212092.40788000,0
1708027200000,0.89940000,0.90040000,0.89080000,0.89270000,3301843.80000000,1708030799999,2956959.01537000,6614,1711205.70000000,1532317.94672000,0
1708030800000,0.89260000,0.90000000,0.87700000,0.88030000,5330468.50000000,1708034399999,4737206.98185000,11413,2608478.70000000,2320313.74569000,0
1708034400000,0.88040000,0.88540000,0.87800000,0.88120000,2635409.40000000,1708037999999,2324399.09016000,5826,1607213.90000000,1417205.47537000,0
1708038000000,0.88120000,0.88980000,0.87980000,0.88960000,1730462.70000000,1708041599999,1533833.51951000,3484,938273.00000000,831419.59114000,0
1708041600000,0.88960000,0.89350000,0.88590000,0.89290000,1667659.80000000,1708045199999,1484116.53740000,3800,962267.30000000,856363.34900000,0
1708045200000,0.89280000,0.90320000,0.89180000,0.90240000,2550693.70000000,1708048799999,2289846.08780000,6004,1396676.20000000,1253994.23119000,0
1708048800000,0.90220000,0.91850000,0.90050000,0.91110000,7530851.80000000,1708052399999,6862240.06768000,16993,3918580.30000000,3570575.98098000,0
1708052400000,0.91110000,0.91110000,0.90330000,0.90380000,2763494.80000000,1708055999999,2503824.07588000,5606,1421837.50000000,1288277.75288000,0
1708056000000,0.90380000,0.91130000,0.90370000,0.90910000,2735585.30000000,1708059599999,2484849.69222000,4595,1345888.40000000,1222282.48341000,0
1708059600000,0.90900000,0.92450000,0.90720000,0.92340000,7055097.90000000,1708063199999,6466037.66370000,11426,3822409.80000000,3504617.83170000,0
1708063200000,0.92340000,0.93640000,0.92040000,0.92570000,13142652.90000000,1708066799999,12211937.59729000,22230,6690926.10000000,6218896.53795000,0
1708066800000,0.92570000,0.93410000,0.91520000,0.91550000,8686845.60000000,1708070399999,8035101.47200000,14301,4291565.40000000,3970770.12677000,0
1708070400000,0.91540000,0.92370000,0.91450000,0.91730000,4092680.00000000,1708073999999,3763098.35110000,8542,2092646.10000000,1924190.25349000,0
1708074000000,0.91730000,0.92690000,0.90870000,0.92240000,5455824.90000000,1708077599999,5012709.35299000,11699,2639034.20000000,2424418.88446000,0
1708077600000,0.92240000,0.93430000,0.92050000,0.93140000,6519155.40000000,1708081199999,6061214.68826000,10896,3176794.80000000,2953210.54325000,0
1708081200000,0.93130000,0.93360000,0.92720000,0.92800000,3572508.20000000,1708084799999,3324522.28861000,6915,1512512.00000000,1407613.27184000,0
1708084800000,0.92790000,0.93650000,0.92760000,0.93470000,4573832.20000000,1708088399999,4262964.15850000,8537,2369164.40000000,2207884.58423000,0
1708088400000,0.93470000,0.93930000,0.92790000,0.93080000,5083834.10000000,1708091999999,4745842.34934000,11276,2339397.30000000,2183625.50615000,0
1708092000000,0.93080000,0.93500000,0.90270000,0.91120000,10383417.30000000,1708095599999,9545678.80729000,20034,5141704.50000000,4730143.95293000,0
1708095600000,0.91110000,0.91730000,0.90010000,0.91650000,8874517.30000000,1708099199999,8075173.78486000,16235,4046708.30000000,3683760.97699000,0
1708099200000,0.91650000,0.93860000,0.91510000,0.92840000,9495389.60000000,1708102799999,8840180.05048000,24013,4870758.30000000,4534343.83440000,0
1708102800000,0.92840000,0.92930000,0.91780000,0.92900000,5754087.70000000,1708106399999,5308398.43797000,12394,2583676.50000000,2383085.76776000,0
1708106400000,0.92910000,0.93480000,0.92290000,0.93160000,5524664.50000000,1708109999999,5136755.27527000,11566,2218681.30000000,2062654.05138000,0
1708110000000,0.93160000,0.93280000,0.92410000,0.92540000,4695565.60000000,1708113599999,4358604.13006000,9452,1766749.00000000,1640083.44674000,0
1708113600000,0.92540000,0.93690000,0.92360000,0.93350000,4284458.00000000,1708117199999,3991921.51335000,8886,1844519.00000000,1718422.01451000,0
1708117200000,0.93340000,0.94470000,0.92990000,0.94380000,5192230.60000000,1708120799999,4868113.21236000,11106,2805423.30000000,2630559.73170000,0
1708120800000,0.94370000,0.95040000,0.94160000,0.94720000,7363475.00000000,1708124399999,6973948.10710000,14968,3822274.50000000,3620488.31060000,0
1708124400000,0.94720000,0.95660000,0.94280000,0.95120000,5885714.20000000,1708127999999,5593638.59350000,10950,2979079.40000000,2830600.70508000,0
1708128000000,0.95130000,0.95870000,0.94870000,0.95350000,5160233.20000000,1708131599999,4925002.54606000,10285,2222660.80000000,2122013.70767000,0
1708131600000,0.95350000,0.95550000,0.93700000,0.94050000,7536824.60000000,1708135199999,7132656.38910000,13036,3106504.40000000,2942530.52484000,0
1708135200000,0.94050000,0.94280000,0.93350000,0.93730000,2837608.30000000,1708138799999,2660316.74544000,6285,1394863.30000000,1307731.96914000,0
1708138800000,0.93720000,0.94020000,0.93570000,0.93900000,2096403.50000000,1708142399999,1967566.84027000,4097,1090053.90000000,1023126.00432000,0
1708142400000,0.93910000,0.94520000,0.93700000,0.94380000,1894065.50000000,1708145999999,1783361.20239000,4224,1013397.70000000,953939.44123000,0
1708146000000,0.94390000,0.94580000,0.93610000,0.94580000,3178103.40000000,1708149599999,2991932.65513000,6474,1440574.90000000,1355942.05245000,0
1708149600000,0.94570000,0.95380000,0.94440000,0.94990000,3171111.10000000,1708153199999,3010157.77347000,6567,1379517.30000000,1309547.80205000,0
1708153200000,0.94990000,0.95180000,0.94240000,0.94760000,4318471.20000000,1708156799999,4088811.68961000,6963,2116058.90000000,2003262.15084000,0
1708156800000,0.94770000,0.94910000,0.93520000,0.93670000,4002795.10000000,1708160399999,3768650.29609000,7531,2094482.40000000,1971673.37887000,0
1708160400000,0.93660000,0.93790000,0.92830000,0.92960000,4424377.50000000,1708163999999,4125155.51481000,8669,1718267.20000000,1602826.61696000,0
1708164000000,0.92950000,0.93250000,0.92630000,0.92760000,3665773.60000000,1708167599999,3404210.10992000,8000,1586163.60000000,1472883.07418000,0
1708167600000,0.92770000,0.93550000,0.92590000,0.93330000,2972721.00000000,1708171199999,2767982.98341000,5908,1513840.20000000,1409282.63472000,0
1708171200000,0.93330000,0.93370000,0.92600000,0.92750000,3683078.30000000,1708174799999,3421773.30281000,6945,1474441.70000000,1369946.69188000,0
1708174800000,0.92760000,0.92760000,0.91500000,0.91630000,7499611.40000000,1708178399999,6907850.41080000,14890,3176805.50000000,2925363.07137000,0
1708178400000,0.91640000,0.92880000,0.90410000,0.91220000,8191663.30000000,1708181999999,7479042.45950000,18663,4410679.90000000,4030777.63515000,0
1708182000000,0.91230000,0.92610000,0.90700000,0.92560000,4501936.20000000,1708185599999,4125391.11332000,10217,2294009.50000000,2100917.85962000,0
1708185600000,0.92560000,0.92900000,0.91880000,0.92860000,3059210.40000000,1708189199999,2824815.45967000,6466,1463412.00000000,1351620.35713000,0
1708189200000,0.92870000,0.93280000,0.92680000,0.92950000,2589987.70000000,1708192799999,2408676.64334000,6637,1110551.10000000,1032648.36387000,0
1708192800000,0.92950000,0.93010000,0.92010000,0.92240000,2243255.30000000,1708196399999,2073241.38946000,5362,1262939.20000000,1167386.64327000,0
1708196400000,0.92250000,0.92640000,0.91500000,0.91950000,2538755.00000000,1708199999999,2338909.68089000,5752,1190667.20000000,1096885.00073000,0
1708200000000,0.91950000,0.92390000,0.91720000,0.92290000,1357089.50000000,1708203599999,1249378.73757000,3790,706590.70000000,650508.56510000,0
1708203600000,0.92290000,0.93220000,0.92200000,0.92830000,2142032.20000000,1708207199999,1986618.25700000,5956,889404.10000000,824602.48291000,0
1708207200000,0.92840000,0.93110000,0.92570000,0.92970000,1270863.80000000,1708210799999,1178782.22188000,3486,683938.60000000,634345.67429000,0
1708210800000,0.92960000,0.93000000,0.92600000,0.92810000,1072046.60000000,1708214399999,994700.23719000,2829,486608.60000000,451440.09390000,0
1708214400000,0.92800000,0.93260000,0.92320000,0.92550000,2454658.40000000,1708217999999,2277167.22312000,5353,1182864.90000000,1097445.19603000,0
1708218000000,0.92550000,0.93200000,0.92100000,0.92400000,2546369.60000000,1708221599999,2360403.90925000,6166,1266337.10000000,1173710.56870000,0
1708221600000,0.92410000,0.92610000,0.91900000,0.92240000,2416116.90000000,1708225199999,2226847.75403000,4740,1141421.30000000,1051911.33973000,0
1708225200000,0.92230000,0.92720000,0.91810000,0.92670000,2079079.80000000,1708228799999,1919076.27637000,4277,999966.90000000,922787.52860000,0
1708228800000,0.92680000,0.93570000,0.92670000,0.93470000,2910936.70000000,1708232399999,2712376.30884000,5972,1531744.80000000,1427203.47818000,0
1708232400000,0.93460000,0.94420000,0.93270000,0.94380000,2777582.00000000,1708235999999,2610307.30538000,6695,1349256.00000000,1267801.82596000,0
1708236000000,0.94380000,0.94490000,0.93510000,0.93970000,3227013.20000000,1708239599999,3029271.41596000,6858,1321359.60000000,1240113.37455000,0
1708239600000,0.93980000,0.94810000,0.93590000,0.94410000,2884097.50000000,1708243199999,2721735.86078000,6852,1536938.90000000,1450107.26098000,0
1708243200000,0.94400000,0.94550000,0.94090000,0.94330000,2357535.80000000,1708246799999,2222608.32515000,4664,1227610.80000000,1157467.32289000,0
1708246800000,0.94330000,0.94730000,0.94320000,0.94610000,3263646.90000000,1708250399999,3084450.00782000,5041,2080928.90000000,1966579.33485000,0
1708250400000,0.94610000,0.94810000,0.94060000,0.94500000,2181349.90000000,1708253999999,2058522.06711000,4750,994133.00000000,938566.36596000,0
1708254000000,0.94490000,0.94890000,0.93720000,0.94630000,3351983.00000000,1708257599999,3166748.32970000,6658,1206794.00000000,1140528.48963000,0
1708257600000,0.94630000,0.95000000,0.94260000,0.94310000,2600946.30000000,1708261199999,2462252.03168000,6064,1049586.90000000,993276.63078000,0
1708261200000,0.94300000,0.94600000,0.93950000,0.93990000,1833131.00000000,1708264799999,1726897.26617000,4493,779130.20000000,734021.35418000,0
1708264800000,0.93990000,0.94850000,0.93980000,0.94780000,1792477.20000000,1708268399999,1693523.72046000,4847,923684.50000000,872292.38309000,0
1708268400000,0.94790000,0.95850000,0.94580000,0.95520000,4232665.10000000,1708271999999,4031213.03457000,10946,2204524.80000000,2099860.67092000,0
1708272000000,0.95520000,0.96980000,0.95420000,0.96960000,9300855.80000000,1708275599999,8959301.05226000,19550,5491228.00000000,5289747.74249000,0
1708275600000,0.96950000,0.97330000,0.96540000,0.97120000,4202769.60000000,1708279199999,4076347.37375000,11094,2147226.60000000,2082760.84438000,0
1708279200000,0.97140000,0.97860000,0.96910000,0.97510000,4596324.40000000,1708282799999,4477296.58857000,11381,2521432.50000000,2456157.36983000,0
1708282800000,0.97540000,0.97880000,0.97150000,0.97290000,2988047.70000000,1708286399999,2914583.71352000,7831,1392630.40000000,1358464.95471000,0
1708286400000,0.97290000,0.98610000,0.96770000,0.98280000,7044087.70000000,1708289999999,6889185.01231000,17241,3447031.20000000,3371102.92446000,0
1708290000000,0.98270000,0.98890000,0.97870000,0.98810000,4721984.00000000,1708293599999,4647364.47564000,9629,2241635.50000000,2206575.36666000,0
1708293600000,0.98800000,0.99840000,0.98570000,0.99790000,6935934.40000000,1708297199999,6883757.44624000,15669,3470209.60000000,3443775.52733000,0
1708297200000,0.99790000,1.00000000,0.99180000,0.99920000,5622126.90000000,1708300799999,5603140.31493000,12700,3104303.70000000,3093971.01523000,0
1708300800000,0.99930000,1.00120000,0.98800000,0.99260000,5288520.90000000,1708304399999,5256202.73167000,13228,2709610.90000000,2694210.74687000,0
1708304400000,0.99260000,0.99490000,0.98910000,0.99460000,2347793.10000000,1708307999999,2329639.87025000,5928,877704.20000000,870955.12456000,0
1708308000000,0.99450000,0.99860000,0.98800000,0.99730000,3750615.50000000,1708311599999,3722909.29016000,8401,1449935.80000000,1439369.74325000,0
1708311600000,0.99730000,0.99850000,0.99020000,0.99030000,2734998.10000000,1708315199999,2719985.41660000,5898,1090618.10000000,1084984.37684000,0
1708315200000,0.99020000,1.00000000,0.98970000,0.99990000,3385080.30000000,1708318799999,3364117.56571000,6677,2021914.70000000,2009950.10796000,0
1708318800000,1.00000000,1.00950000,0.99440000,1.00200000,7670095.50000000,1708322399999,7683229.23317000,18603,4042059.30000000,4048445.43676000,0
1708322400000,1.00190000,1.00530000,0.99250000,0.99440000,5688606.20000000,1708325999999,5683730.23814000,10886,2813739.60000000,2810390.88764000,0
1708326000000,0.99450000,0.99930000,0.99080000,0.99910000,4360888.40000000,1708329599999,4335224.15784000,8087,2432567.20000000,2418732.43143000,0
1708329600000,0.99910000,1.00460000,0.98960000,0.99170000,6842739.10000000,1708333199999,6835455.01624000,13033,3607549.00000000,3604455.70556000,0
1708333200000,0.99170000,1.01050000,0.99170000,1.00990000,7856454.70000000,1708336799999,7890203.87263000,15405,4717691.80000000,4735739.61192000,0
1708336800000,1.00990000,1.01120000,0.99770000,1.00690000,5529679.70000000,1708340399999,5563595.28178000,13177,2624480.70000000,2639664.63464000,0
1708340400000,1.00680000,1.00990000,1.00080000,1.00520000,5663882.50000000,1708343999999,5690603.92876000,9831,3041872.20000000,3055452.30154000,0
1708344000000,1.00520000,1.00570000,0.99840000,1.00040000,4754328.10000000,1708347599999,4761775.60266000,9155,2203910.00000000,2207319.35435000,0
1708347600000,1.00050000,1.00690000,0.99140000,0.99200000,5949876.40000000,1708351199999,5941351.10478000,11881,2982072.80000000,2978214.97217000,0
1708351200000,0.99210000,0.99310000,0.97960000,0.98220000,8324930.60000000,1708354799999,8202669.05707000,15381,4689266.30000000,4619732.23457000,0
1708354800000,0.98220000,0.99070000,0.98110000,0.98720000,4832698.10000000,1708358399999,4768852.00591000,8647,2230037.90000000,2200217.61037000,0
1708358400000,0.98720000,0.99260000,0.97600000,0.97790000,6839517.10000000,1708361999999,6735734.59266000,11206,3039992.20000000,2994219.41229000,0
1708362000000,0.97790000,0.98930000,0.97430000,0.98440000,4600420.20000000,1708365599999,4515034.32041000,11207,2459593.90000000,2414149.42463000,0
1708365600000,0.98450000,0.98610000,0.97980000,0.98050000,2742364.60000000,1708369199999,2694911.43836000,6272,1550268.30000000,1523442.07672000,0
1708369200000,0.98050000,0.98750000,0.97730000,0.98540000,2388723.90000000,1708372799999,2348204.24303000,5516,891664.30000000,876364.81148000,0
1708372800000,0.98540000,0.99230000,0.98120000,0.99070000,1874656.00000000,1708376399999,1851311.96198000,5162,937853.70000000,926281.43049000,0
1708376400000,0.99060000,0.99440000,0.98620000,0.99010000,2645436.30000000,1708379999999,2618008.52587000,7024,1252243.80000000,1238962.13684000,0
1708380000000,0.99020000,1.00460000,0.98860000,1.00200000,3988662.70000000,1708383599999,3976449.52463000,10837,2078985.20000000,2072282.92399000,0
1708383600000,1.00200000,1.00330000,0.99310000,0.99690000,2796466.80000000,1708387199999,2793801.14641000,6907,1185589.10000000,1184392.08126000,0
1708387200000,0.99690000,1.00440000,0.98470000,0.98540000,4844217.60000000,1708390799999,4823100.91531000,12413,2083253.70000000,2074540.62596000,0
1708390800000,0.98540000,0.98960000,0.97560000,0.98350000,4146570.90000000,1708394399999,4071325.38162000,13168,1898515.40000000,1864282.67974000,0
1708394400000,0.98360000,0.98520000,0.97900000,0.98000000,2329740.90000000,1708397999999,2285980.27303000,5382,1351453.30000000,1326009.97475000,0
1708398000000,0.98000000,0.98130000,0.97070000,0.97100000,2728625.40000000,1708401599999,2662875.25574000,7448,1449323.50000000,1414695.56446000,0
1708401600000,0.97090000,0.98190000,0.96870000,0.98180000,3342364.40000000,1708405199999,3257146.09631000,9042,1399614.10000000,1364529.36283000,0
1708405200000,0.98190000,0.98860000,0.98140000,0.98850000,2122917.60000000,1708408799999,2093092.55942000,5959,1015099.00000000,1000852.60174000,0
1708408800000,0.98860000,0.99060000,0.98520000,0.98630000,1809636.80000000,1708412399999,1788989.24364000,4879,877915.00000000,867986.88518000,0
1708412400000,0.98630000,0.99110000,0.98490000,0.98740000,1969043.20000000,1708415999999,1944913.25819000,4997,1025859.00000000,1013483.56091000,0
1708416000000,0.98740000,0.98880000,0.97510000,0.98000000,2584279.70000000,1708419599999,2533952.81962000,7296,1337188.10000000,1310947.64142000,0
1708419600000,0.98000000,0.98120000,0.96020000,0.97220000,6874462.00000000,1708423199999,6666010.19959000,16920,2803246.50000000,2718189.21541000,0
1708423200000,0.97230000,0.98950000,0.97200000,0.98880000,4910085.90000000,1708426799999,4826715.40212000,11784,2306846.20000000,2267115.24415000,0
1708426800000,0.98890000,0.99280000,0.98610000,0.98640000,2818163.20000000,1708430399999,2787094.28482000,7754,1331859.20000000,1317143.68267000,0
1708430400000,0.98630000,0.98810000,0.97640000,0.97690000,3582571.80000000,1708433999999,3523133.39976000,7803,1816494.10000000,1787028.18992000,0
1708434000000,0.97700000,1.00840000,0.97440000,1.00600000,11241441.90000000,1708437599999,11152038.57629000,25596,6040722.90000000,5987241.43037000,0
1708437600000,1.00590000,1.00790000,0.96260000,0.97610000,15293001.80000000,1708441199999,15027428.98881000,34717,6993883.80000000,6872102.79149000,0
1708441200000,0.97610000,0.97610000,0.94200000,0.96460000,14552007.40000000,1708444799999,13945783.93366000,36181,6950666.80000000,6663038.06220000,0
1708444800000,0.96460000,0.97560000,0.95310000,0.95460000,7164058.00000000,1708448399999,6922101.99000000,18885,3173555.00000000,3065451.65559000,0
1708448400000,0.95470000,0.95940000,0.94550000,0.95490000,6467273.20000000,1708451999999,6161337.97585000,17532,3375938.70000000,3216453.04784000,0
1708452000000,0.95480000,0.96410000,0.95030000,0.96350000,4690197.10000000,1708455599999,4489621.87548000,10931,2046228.30000000,1958047.10637000,0
1708455600000,0.96360000,1.00470000,0.96030000,1.00470000,10836944.20000000,1708459199999,10684184.87198000,24848,5357393.50000000,5286070.33046000,0
1708459200000,1.00470000,1.01320000,0.99740000,1.00170000,13113207.00000000,1708462799999,13178359.78064000,25934,6844152.50000000,6880831.05581000,0
1708462800000,1.00170000,1.02670000,0.99540000,1.02430000,11992718.60000000,1708466399999,12148840.99022000,26578,6442979.10000000,6529401.33626000,0
1708466400000,1.02420000,1.03050000,1.02180000,1.02970000,6959706.20000000,1708469999999,7147366.94870000,15769,3836352.70000000,3939872.15037000,0
1708470000000,1.02980000,1.03340000,1.02250000,1.02260000,5639082.90000000,1708473599999,5794142.28079000,13074,2622780.10000000,2695375.32924000,0
1708473600000,1.02260000,1.03590000,1.02150000,1.02440000,6479129.40000000,1708477199999,6667842.83184000,15366,2997332.20000000,3085518.98431000,0
1708477200000,1.02430000,1.02920000,1.01600000,1.01740000,5938038.40000000,1708480799999,6064236.12146000,13026,2694213.50000000,2751737.71531000,0
1708480800000,1.01750000,1.02180000,1.01140000,1.01270000,3340770.70000000,1708484399999,3392686.03456000,8421,1551110.70000000,1575149.15407000,0
1708484400000,1.01260000,1.01800000,1.01060000,1.01680000,2280671.80000000,1708487999999,2314503.98569000,5617,1187667.70000000,1205340.30338000,0
1708488000000,1.01710000,1.01830000,0.99600000,1.00030000,5050927.80000000,1708491599999,5081137.11992000,13589,2277777.70000000,2290790.57150000,0
1708491600000,1.00040000,1.00470000,0.99160000,0.99190000,3271826.90000000,1708495199999,3264905.67882000,8480,1614709.60000000,1611321.04848000,0
1708495200000,0.99170000,0.99400000,0.98080000,0.98080000,5350979.50000000,1708498799999,5276371.84237000,12197,2298578.80000000,2266646.52722000,0
1708498800000,0.98080000,0.98190000,0.97160000,0.98160000,4894548.00000000,1708502399999,4779251.17894000,12952,2390735.50000000,2334398.05213000,0
1708502400000,0.98160000,0.98280000,0.97310000,0.97550000,3916707.60000000,1708505999999,3833191.82573000,11106,1654437.60000000,1618379.02166000,0
1708506000000,0.97550000,0.97570000,0.94710000,0.95150000,9973946.90000000,1708509599999,9565143.71546000,27193,4864894.30000000,4665254.34156000,0
1708509600000,0.95140000,0.95760000,0.94200000,0.95240000,7933593.10000000,1708513199999,7550131.20008000,17919,3968923.70000000,3777084.53496000,0
1708513200000,0.95260000,0.95840000,0.94240000,0.94670000,4731794.30000000,1708516799999,4499602.93945000,12749,2010449.20000000,1911251.05408000,0
1708516800000,0.94660000,0.95760000,0.93610000,0.95380000,9614360.30000000,1708520399999,9117699.84546000,21703,4811756.80000000,4567560.72235000,0
1708520400000,0.95380000,0.95570000,0.93710000,0.94230000,5527499.40000000,1708523999999,5226446.47340000,14116,2806207.00000000,2654162.04432000,0
1708524000000,0.94230000,0.94280000,0.91860000,0.92650000,11606617.60000000,1708527599999,10790475.95264000,27473,5449470.80000000,5065672.70070000,0
1708527600000,0.92650000,0.94710000,0.92100000,0.94280000,9435921.80000000,1708531199999,8852622.34894000,18814,4487481.90000000,4208161.40103000,0
1708531200000,0.94270000,0.94780000,0.92810000,0.94290000,5694155.30000000,1708534799999,5343342.07443000,14609,2917322.90000000,2736940.46150000,0
1708534800000,0.94280000,0.94510000,0.91790000,0.92050000,7724452.60000000,1708538399999,7171484.01673000,17163,3890506.60000000,3610085.20951000,0
1708538400000,0.92050000,0.92130000,0.90730000,0.91700000,7349543.90000000,1708541999999,6722314.21279000,14809,3674002.70000000,3360455.37755000,0
1708542000000,0.91700000,0.92550000,0.91390000,0.92210000,4590520.30000000,1708545599999,4223735.10853000,9400,2349625.10000000,2162389.81975000,0
1708545600000,0.92190000,0.92450000,0.91690000,0.92000000,4608198.50000000,1708549199999,4243258.90590000,8313,2397996.20000000,2207811.20733000,0
1708549200000,0.91990000,0.93750000,0.91810000,0.93600000,7444891.10000000,1708552799999,6913759.65387000,15109,4016118.10000000,3727911.77372000,0
1708552800000,0.93620000,0.94200000,0.92990000,0.94160000,5565759.60000000,1708556399999,5211068.50596000,12204,2819945.30000000,2639987.00561000,0
1708556400000,0.94150000,0.95160000,0.94150000,0.95110000,4530631.10000000,1708559999999,4286538.01546000,9986,2641464.70000000,2499087.11247000,0
1708560000000,0.95110000,0.95160000,0.93530000,0.93800000,4838665.50000000,1708563599999,4560282.78606000,9926,2306012.00000000,2173687.88191000,0
1708563600000,0.93800000,0.94020000,0.92000000,0.92190000,5373073.90000000,1708567199999,4992359.85120000,11533,2624560.10000000,2439340.79197000,0
1708567200000,0.92190000,0.93140000,0.92190000,0.92450000,2702528.60000000,1708570799999,2505582.50575000,5894,1542495.30000000,1429812.97780000,0
1708570800000,0.92460000,0.93850000,0.92320000,0.93380000,4935419.30000000,1708574399999,4600208.43521000,9618,3204671.80000000,2987595.10115000,0
1708574400000,0.93380000,0.94050000,0.93180000,0.93790000,3502728.00000000,1708577999999,3283889.88370000,6776,1796790.40000000,1684307.36780000,0
1708578000000,0.93780000,0.94900000,0.93750000,0.94320000,5329257.20000000,1708581599999,5033733.74470000,8275,2762535.70000000,2609513.23539000,0
1708581600000,0.94330000,0.96030000,0.94330000,0.95820000,5304734.10000000,1708585199999,5050430.91946000,8951,2831273.50000000,2695255.48275000,0
1708585200000,0.95800000,0.96560000,0.95300000,0.96460000,4484997.30000000,1708588799999,4306408.45409000,9477,2296102.30000000,2204459.97493000,0
1708588800000,0.96470000,0.98280000,0.96130000,0.98190000,9955770.30000000,1708592399999,9674635.25805000,18756,5226958.10000000,5080463.09100000,0
1708592400000,0.98200000,0.98840000,0.97600000,0.98110000,9414930.20000000,1708595999999,9244401.87440000,17197,4291908.50000000,4214234.09772000,0
1708596000000,0.98110000,0.98300000,0.96730000,0.97390000,6082831.80000000,1708599599999,5928498.73678000,10648,2985287.90000000,2909810.79650000,0
1708599600000,0.97400000,0.97700000,0.96680000,0.97630000,5774180.40000000,1708603199999,5612663.57332000,9289,2713331.70000000,2637851.73702000,0
1708603200000,0.97630000,0.98360000,0.97060000,0.97190000,5510862.90000000,1708606799999,5386441.30993000,10946,2561541.90000000,2503349.31872000,0
1708606800000,0.97190000,0.97240000,0.94480000,0.95400000,9401894.20000000,1708610399999,9002907.27075000,20698,4516836.10000000,4324521.84573000,0
1708610400000,0.95410000,0.97070000,0.95310000,0.96950000,6283213.80000000,1708613999999,6051368.40219000,14690,3026169.10000000,2914054.31162000,0
1708614000000,0.96960000,0.97500000,0.96090000,0.97490000,4923543.00000000,1708617599999,4770656.26772000,12968,2462656.40000000,2386586.08916000,0
1708617600000,0.97480000,0.97530000,0.95490000,0.95970000,5176573.80000000,1708621199999,4990984.09439000,11659,2430602.40000000,2342438.97929000,0
1708621200000,0.95970000,0.98150000,0.95970000,0.97980000,5529085.00000000,1708624799999,5386104.38775000,13233,2634193.30000000,2563780.42167000,0
1708624800000,0.97960000,0.98430000,0.97010000,0.98340000,4691467.80000000,1708628399999,4581359.88047000,10427,2593720.60000000,2533475.60155000,0
1708628400000,0.98340000,0.98340000,0.96880000,0.97400000,3098205.90000000,1708631999999,3019273.07109000,8558,1405986.00000000,1369839.46739000,0
1708632000000,0.97390000,1.06070000,0.97300000,1.02410000,41877724.50000000,1708635599999,42931580.29307000,143904,23015882.90000000,23594899.31633000,0
1708635600000,1.02420000,1.03490000,0.98720000,1.00240000,17321954.90000000,1708639199999,17436758.48703000,46074,8136147.80000000,8188833.97160000,0
1708639200000,1.00230000,1.01000000,0.98510000,1.00700000,8809794.60000000,1708642799999,8812035.48508000,22239,4346490.10000000,4347133.74793000,0
1708642800000,1.00680000,1.01050000,0.98670000,0.99260000,6286418.00000000,1708646399999,6259179.08609000,16260,2595659.60000000,2584239.53212000,0
1708646400000,0.99270000,1.00310000,0.98780000,1.00130000,4858483.20000000,1708649999999,4840633.10949000,11607,2490815.90000000,2482723.25362000,0
1708650000000,1.00130000,1.00370000,0.98490000,0.98540000,4945200.00000000,1708653599999,4918544.69599000,10779,2205144.30000000,2191218.48900000,0
1708653600000,0.98540000,0.99960000,0.97760000,0.98210000,5108463.70000000,1708657199999,5056039.36757000,13400,2454503.50000000,2430304.31698000,0
1708657200000,0.98210000,0.98500000,0.97440000,0.98260000,3447458.00000000,1708660799999,3377496.90832000,9685,1557416.40000000,1525562.73816000,0
1708660800000,0.98260000,0.98990000,0.97120000,0.98740000,4986299.30000000,1708664399999,4893387.44601000,10602,2241423.60000000,2198555.76594000,0
1708664400000,0.98730000,0.99030000,0.98290000,0.98610000,2040047.10000000,1708667999999,2012670.63949000,4734,976469.30000000,963306.12914000,0
1708668000000,0.98600000,0.99630000,0.98540000,0.99560000,3162714.60000000,1708671599999,3134323.72449000,7490,1703478.10000000,1687931.99908000,0
1708671600000,0.99550000,0.99610000,0.97340000,0.97830000,5157080.60000000,1708675199999,5071391.32501000,11488,2528454.50000000,2484995.34824000,0
1708675200000,0.97840000,0.98210000,0.96210000,0.96530000,6678114.80000000,1708678799999,6491057.97844000,15514,3547317.40000000,3450527.43110000,0
1708678800000,0.96520000,0.97390000,0.96310000,0.97320000,3191709.90000000,1708682399999,3090991.41655000,8109,1667016.30000000,1614890.24386000,0
1708682400000,0.97310000,0.97530000,0.96640000,0.97510000,2942320.80000000,1708685999999,2858160.57613000,6751,1406528.60000000,1366264.32494000,0
1708686000000,0.97510000,0.98030000,0.97010000,0.98020000,2225356.30000000,1708689599999,2170181.59846000,6316,1021883.70000000,996590.74338000,0
1708689600000,0.98020000,0.98060000,0.96600000,0.97150000,3595057.00000000,1708693199999,3492783.94034000,8772,1854836.20000000,1801273.26505000,0
1708693200000,0.97150000,0.97950000,0.96990000,0.97940000,4298870.50000000,1708696799999,4191294.31149000,9988,2170336.40000000,2115867.69424000,0
1708696800000,0.97950000,0.99150000,0.97260000,0.98480000,9098066.80000000,1708700399999,8930086.52070000,22732,4578986.70000000,4493077.18308000,0
1708700400000,0.98470000,0.98620000,0.95670000,0.95840000,11687061.40000000,1708703999999,11323775.84234000,28834,5944694.70000000,5758864.52429000,0
1708704000000,0.95880000,0.97280000,0.94230000,0.97210000,12027939.30000000,1708707599999,11473209.91811000,30924,5901516.20000000,5629670.07624000,0
1708707600000,0.97210000,0.98340000,0.96560000,0.98340000,6961320.40000000,1708711199999,6782440.46697000,13974,3680269.80000000,3587109.77713000,0
1708711200000,0.98350000,1.01020000,0.97520000,0.99630000,13636926.30000000,1708714799999,13541575.01379000,28575,7901118.30000000,7848698.42334000,0
1708714800000,0.99630000,1.00230000,0.99080000,0.99900000,5595422.20000000,1708718399999,5580787.80233000,11213,3162171.90000000,3153339.65441000,0
1708718400000,0.99900000,1.00650000,0.99150000,1.00540000,4246178.50000000,1708721999999,4243313.57313000,9711,1880287.20000000,1879383.25014000,0
1708722000000,1.00540000,1.00640000,0.99320000,0.99500000,3461011.90000000,1708725599999,3459893.06364000,7993,1681161.70000000,1680712.57627000,0
1708725600000,0.99490000,0.99860000,0.98270000,0.98740000,3124329.70000000,1708729199999,3095576.77835000,9082,1500614.50000000,1486171.27490000,0
1708729200000,0.98730000,0.99090000,0.97510000,0.98670000,4060507.30000000,1708732799999,3995550.51962000,9928,2110978.50000000,2076647.19970000,0
1708732800000,0.98680000,0.99760000,0.98320000,0.99750000,4276492.50000000,1708736399999,4240782.29280000,9625,2363457.90000000,2343948.78358000,0
1708736400000,0.99750000,0.99780000,0.97410000,0.97640000,4278175.20000000,1708739999999,4205807.83653000,10695,2148462.20000000,2112309.31605000,0
1708740000000,0.97630000,0.99380000,0.97360000,0.99160000,3568034.10000000,1708743599999,3519627.24007000,9599,1582011.10000000,1559497.99644000,0
1708743600000,0.99160000,0.99320000,0.98360000,0.99260000,1662384.60000000,1708747199999,1643519.03815000,5222,852807.80000000,843334.68887000,0
1708747200000,0.99250000,0.99850000,0.98900000,0.99720000,2116967.30000000,1708750799999,2105304.28686000,5093,1118569.30000000,1112611.69020000,0
1708750800000,0.99720000,1.00190000,0.99240000,1.00070000,2206201.50000000,1708754399999,2200187.19097000,5234,1101852.60000000,1099109.14503000,0
1708754400000,1.00080000,1.01190000,0.99730000,1.00990000,4657490.90000000,1708757999999,4677806.57117000,10287,2530508.60000000,2542174.81181000,0
1708758000000,1.01000000,1.02430000,1.00540000,1.02050000,7591498.80000000,1708761599999,7705130.51039000,16881,3960778.20000000,4020195.63386000,0
1708761600000,1.02070000,1.03130000,1.00520000,1.00770000,9174525.40000000,1708765199999,9342766.50793000,19799,4647338.50000000,4733538.51860000,0
1708765200000,1.00770000,1.01490000,1.00690000,1.01140000,3689019.60000000,1708768799999,3733665.54481000,8423,1895685.90000000,1918612.66357000,0
1708768800000,1.01140000,1.01610000,1.00580000,1.00690000,4087089.70000000,1708772399999,4129781.96902000,7995,1959754.90000000,1980088.32990000,0
1708772400000,1.00700000,1.00740000,1.00250000,1.00410000,3202558.30000000,1708775999999,3218465.40090000,7497,1676715.60000000,1684814.18604000,0
1708776000000,1.00400000,1.00630000,0.99880000,0.99920000,3070221.20000000,1708779599999,3075622.99949000,7513,1431783.20000000,1434475.86054000,0
1708779600000,0.99930000,1.00110000,0.99570000,1.00070000,2421731.60000000,1708783199999,2420341.35945000,5900,1313024.70000000,1312447.00157000,0
1708783200000,1.00070000,1.00070000,0.99200000,0.99600000,2761585.80000000,1708786799999,2751669.70714000,7286,1406588.70000000,1401267.10245000,0
1708786800000,0.99600000,0.99670000,0.99140000,0.99580000,1786940.10000000,1708790399999,1776856.19532000,5222,982046.80000000,976467.35061000,0
1708790400000,0.99580000,0.99850000,0.99010000,0.99290000,3516633.40000000,1708793999999,3493564.51594000,6850,1812788.60000000,1801188.56802000,0
1708794000000,0.99290000,1.00430000,0.99220000,0.99890000,3897767.70000000,1708797599999,3893676.98539000,8649,2312281.80000000,2309340.17964000,0
1708797600000,0.99910000,1.00360000,0.99470000,0.99600000,3126944.30000000,1708801199999,3124779.31555000,6825,1672935.70000000,1671845.49111000,0
1708801200000,0.99600000,1.00000000,0.99400000,0.99930000,1607495.90000000,1708804799999,1603196.51602000,4179,880275.90000000,877714.56914000,0
1708804800000,0.99930000,1.00000000,0.99480000,0.99610000,1857760.20000000,1708808399999,1852608.25708000,4331,1043579.20000000,1040286.97814000,0
1708808400000,0.99600000,1.00320000,0.99300000,0.99900000,2507305.80000000,1708811999999,2501922.90010000,6106,1458651.60000000,1455359.13842000,0
1708812000000,0.99890000,0.99990000,0.99400000,0.99410000,1808968.20000000,1708815599999,1802732.53717000,4578,1071601.60000000,1067749.43357000,0
1708815600000,0.99410000,0.99700000,0.99380000,0.99390000,1805763.90000000,1708819199999,1796866.92190000,4284,790455.80000000,786536.26479000,0
1708819200000,0.99400000,0.99430000,0.98610000,0.99170000,2794414.60000000,1708822799999,2765097.47127000,8327,1712882.50000000,1694921.77750000,0
1708822800000,0.99170000,0.99570000,0.98710000,0.99560000,2407966.40000000,1708826399999,2385321.98253000,6373,1572230.50000000,1557246.65947000,0
1708826400000,0.99570000,1.00430000,0.99170000,0.99310000,3571206.50000000,1708829999999,3564044.63689000,9782,1962937.90000000,1958697.49267000,0
1708830000000,0.99310000,0.99310000,0.98020000,0.98420000,3884433.10000000,1708833599999,3825292.84364000,11783,2501786.90000000,2463560.24157000,0
1708833600000,0.98420000,0.98580000,0.97630000,0.97910000,3653108.70000000,1708837199999,3578995.88059000,9474,2299309.10000000,2252522.68487000,0
1708837200000,0.97900000,0.97960000,0.97580000,0.97930000,2505128.80000000,1708840799999,2449183.98445000,5933,1452610.50000000,1420038.00927000,0
1708840800000,0.97940000,0.98560000,0.97700000,0.98070000,2446978.50000000,1708844399999,2400836.32824000,6043,1562992.40000000,1533242.50430000,0
1708844400000,0.98070000,0.98130000,0.97700000,0.97990000,2660016.20000000,1708847999999,2602735.34234000,4951,1530523.40000000,1497651.71330000,0
1708848000000,0.98000000,0.98180000,0.97250000,0.97310000,2821147.60000000,1708851599999,2754887.71967000,6722,1653013.90000000,1614323.31496000,0
1708851600000,0.97310000,0.97480000,0.97010000,0.97470000,2591771.00000000,1708855199999,2519607.21144000,5746,1551932.40000000,1508686.24341000,0
1708855200000,0.97470000,0.97600000,0.97050000,0.97250000,1901434.50000000,1708858799999,1849637.53522000,4468,1117836.40000000,1087476.77297000,0
1708858800000,0.97250000,0.97560000,0.97020000,0.97520000,2048476.70000000,1708862399999,1991596.60529000,4865,1369973.60000000,1331986.09872000,0
1708862400000,0.97520000,0.97840000,0.97230000,0.97800000,2286819.30000000,1708865999999,2229016.88066000,4650,1538509.20000000,1499884.53618000,0
1708866000000,0.97800000,0.98050000,0.97110000,0.97210000,3048548.50000000,1708869599999,2973967.01352000,6667,1913186.00000000,1866313.04575000,0
1708869600000,0.97210000,0.98570000,0.97100000,0.98430000,4928430.10000000,1708873199999,4831149.59784000,8912,2776085.40000000,2721229.39489000,0
1708873200000,0.98420000,0.98480000,0.97050000,0.97250000,4785059.20000000,1708876799999,4676586.64384000,8577,2543871.10000000,2485119.36997000,0
1708876800000,0.97260000,0.97570000,0.96350000,0.96660000,4936920.80000000,1708880399999,4779449.62714000,11156,2737850.60000000,2650511.62597000,0
1708880400000,0.96670000,0.97630000,0.96600000,0.97600000,2495691.30000000,1708883999999,2424279.89964000,5751,1337469.80000000,1298910.47226000,0
1708884000000,0.97590000,0.97630000,0.96730000,0.97560000,2596140.20000000,1708887599999,2524728.31810000,5747,1415399.10000000,1376722.35226000,0
1708887600000,0.97550000,0.98200000,0.97300000,0.97850000,3389180.10000000,1708891199999,3314808.23418000,6093,1860698.90000000,1819153.30987000,0
1708891200000,0.97840000,0.98780000,0.97810000,0.98210000,5169167.10000000,1708894799999,5084246.21129000,9939,2245922.60000000,2208899.95532000,0
1708894800000,0.98220000,0.98470000,0.98010000,0.98210000,1998344.40000000,1708898399999,1963756.60644000,4225,920776.20000000,904713.14136000,0
1708898400000,0.98210000,0.98820000,0.98050000,0.98560000,1395518.10000000,1708901999999,1374390.98444000,3839,651002.90000000,640842.40874000,0
1708902000000,0.98570000,0.99880000,0.98570000,0.99870000,3825159.40000000,1708905599999,3798473.55168000,9150,1831633.10000000,1818536.88128000,0
1708905600000,0.99870000,0.99900000,0.98780000,0.99270000,3030880.00000000,1708909199999,3009603.76226000,7837,1277645.00000000,1268525.66045000,0
1708909200000,0.99270000,0.99960000,0.98670000,0.99390000,3908314.90000000,1708912799999,3890248.38959000,7778,1815687.00000000,1807096.14099000,0
1708912800000,0.99390000,0.99560000,0.98900000,0.98990000,1689735.50000000,1708916399999,1677955.18361000,4763,714136.50000000,709050.10496000,0
1708916400000,0.98980000,0.99940000,0.98710000,0.99940000,1472270.80000000,1708919999999,1462360.49395000,4568,681574.10000000,676773.32111000,0
1708920000000,0.99940000,0.99970000,0.99240000,0.99340000,1451514.00000000,1708923599999,1445812.86006000,3816,633019.80000000,630519.89283000,0
1708923600000,0.99350000,1.00000000,0.98860000,0.99900000,2495093.00000000,1708927199999,2482404.26156000,6360,989923.90000000,984872.60306000,0
1708927200000,0.99890000,1.00770000,0.99670000,1.00630000,3381326.00000000,1708930799999,3388425.37887000,8816,1529386.60000000,1532405.75714000,0
1708930800000,1.00640000,1.00850000,0.98620000,0.98730000,5257199.40000000,1708934399999,5233530.67624000,13695,2567445.90000000,2556790.49516000,0
1708934400000,0.98720000,0.99780000,0.98700000,0.99590000,3983153.40000000,1708937999999,3956693.74065000,7502,1826516.80000000,1813534.61642000,0
1708938000000,0.99590000,0.99850000,0.97170000,0.97520000,9422872.00000000,1708941599999,9260134.10116000,19673,4478343.00000000,4398986.39915000,0
1708941600000,0.97530000,0.99590000,0.97420000,0.98840000,6152395.00000000,1708945199999,6081485.01348000,12887,3071463.70000000,3034752.53752000,0
1708945200000,0.98800000,0.99460000,0.97950000,0.99460000,5301892.50000000,1708948799999,5243056.20463000,10428,2182616.70000000,2157695.51212000,0
1708948800000,0.99460000,1.02190000,0.98920000,1.01510000,15464029.50000000,1708952399999,15554813.73684000,31220,7500808.40000000,7547569.49168000,0
1708952400000,1.01500000,1.02400000,1.01190000,1.01720000,11353917.00000000,1708955999999,11555777.42994000,21374,5455627.40000000,5552479.95579000,0
1708956000000,1.01710000,1.04000000,1.01700000,1.03970000,15751036.60000000,1708959599999,16218425.58270000,29168,8631861.70000000,8888379.61984000,0
1708959600000,1.03970000,1.05530000,1.03620000,1.05160000,25086181.00000000,1708963199999,26222530.66628000,57293,13023989.70000000,13612225.74222000,0
1708963200000,1.05150000,1.05510000,1.04490000,1.04970000,11657515.50000000,1708966799999,12243955.05958000,24980,5954008.60000000,6253721.49467000,0
1708966800000,1.04970000,1.06730000,1.04860000,1.06690000,9773190.10000000,1708970399999,10345314.70470000,24197,4865153.60000000,5151034.03887000,0
1708970400000,1.06700000,1.06740000,1.04930000,1.05240000,9936503.30000000,1708973999999,10493675.08428000,23316,4413740.50000000,4660715.29885000,0
1708974000000,1.05230000,1.06310000,1.03960000,1.06310000,9783105.10000000,1708977599999,10303960.77305000,25265,4626651.70000000,4872094.58135000,0
1708977600000,1.06310000,1.06880000,1.05980000,1.06480000,8056616.70000000,1708981199999,8568090.24046000,17639,3634044.00000000,3866299.24847000,0
1708981200000,1.06480000,1.07160000,1.06360000,1.06710000,6239254.70000000,1708984799999,6665098.98266000,14332,2996889.10000000,3201136.48749000,0
1708984800000,1.06700000,1.06750000,1.05680000,1.06320000,4562315.00000000,1708988399999,4844937.18822000,9748,1498361.80000000,1590278.69064000,0
1708988400000,1.06310000,1.06320000,1.05590000,1.05900000,2397605.10000000,1708991999999,2540243.93757000,6634,1068605.60000000,1132036.85409000,0
1708992000000,1.05900000,1.06500000,1.05230000,1.05400000,5469314.70000000,1708995599999,5792984.18350000,12968,2825684.00000000,2992943.39926000,0
1708995600000,1.05400000,1.07770000,1.05300000,1.06830000,7665395.30000000,1708999199999,8196152.35110000,21505,4248239.50000000,4542817.90758000,0
1708999200000,1.06830000,1.07870000,1.06160000,1.06920000,7352668.90000000,1709002799999,7865451.85803000,22802,3762150.00000000,4024594.17920000,0
1709002800000,1.06940000,1.07540000,1.05460000,1.05630000,4507399.80000000,1709006399999,4809225.16968000,13379,2209954.80000000,2358737.68908000,0
1709006400000,1.05630000,1.06350000,1.04780000,1.05070000,3756777.60000000,1709009999999,3968573.37300000,11667,1798166.50000000,1899193.11724000,0
1709010000000,1.05070000,1.06070000,1.04810000,1.05920000,3390093.70000000,1709013599999,3571708.34104000,8307,1869583.10000000,1970800.72230000,0
1709013600000,1.05930000,1.06220000,1.05410000,1.05590000,3412636.80000000,1709017199999,3608167.63707000,7776,1693189.10000000,1789885.83515000,0
1709017200000,1.05590000,1.05600000,1.04070000,1.04150000,5605559.80000000,1709020799999,5864624.92303000,13947,2694436.90000000,2818570.97124000,0
1709020800000,1.04150000,1.04640000,1.04110000,1.04450000,4066116.10000000,1709024399999,4244391.65240000,8784,2081117.20000000,2172382.61882000,0
1709024400000,1.04460000,1.05200000,1.03970000,1.04880000,4466625.60000000,1709027999999,4670219.55523000,9944,2216837.70000000,2318333.35419000,0
1709028000000,1.04860000,1.05170000,1.04500000,1.05060000,6145635.40000000,1709031599999,6448877.86684000,10299,3370693.30000000,3536790.19195000,0
1709031600000,1.05070000,1.05070000,1.04020000,1.04760000,3352641.60000000,1709035199999,3505218.43024000,8341,1734976.50000000,1813694.49972000,0
1709035200000,1.04760000,1.05620000,1.03960000,1.04150000,7812433.60000000,1709038799999,8187438.19714000,14817,4234079.90000000,4431577.52996000,0
1709038800000,1.04140000,1.04740000,1.03000000,1.04490000,8482935.10000000,1709042399999,8827294.45839000,22049,3683644.30000000,3834008.80414000,0
1709042400000,1.04490000,1.04490000,1.02650000,1.03300000,6639753.90000000,1709045999999,6881911.16807000,16799,3063988.10000000,3176614.15041000,0
1709046000000,1.03300000,1.03510000,1.01640000,1.02170000,8485784.70000000,1709049599999,8720103.39790000,20965,3601267.60000000,3699453.93023000,0
1709049600000,1.02170000,1.03300000,1.01490000,1.02980000,5647013.40000000,1709053199999,5796295.64568000,16795,2918436.40000000,2996350.67531000,0
1709053200000,1.02980000,1.03550000,1.02420000,1.02760000,4451588.20000000,1709056799999,4580656.26988000,10319,2300819.60000000,2366369.46548000,0
1709056800000,1.02760000,1.03520000,1.02740000,1.02900000,3021561.30000000,1709060399999,3116800.06106000,7133,1733241.80000000,1787584.79787000,0
1709060400000,1.02900000,1.03350000,1.02200000,1.03340000,4303005.50000000,1709063999999,4424192.23685000,10579,2453745.50000000,2522969.32356000,0
1709064000000,1.03340000,1.03790000,1.02590000,1.03730000,4109981.30000000,1709067599999,4240103.90378000,10223,2306892.60000000,2379891.48370000,0
1709067600000,1.03720000,1.03730000,1.02790000,1.03360000,2575937.20000000,1709071199999,2658102.57148000,6851,1483622.50000000,1530578.81411000,0
1709071200000,1.03360000,1.03610000,1.02720000,1.03040000,2016865.90000000,1709074799999,2081135.75322000,5958,1208139.60000000,1246368.17310000,0
1709074800000,1.03040000,1.03270000,1.02620000,1.02840000,2477177.00000000,1709078399999,2550346.20592000,5365,1323082.90000000,1362056.24911000,0
1709078400000,1.02850000,1.03770000,1.02570000,1.03050000,2562254.10000000,1709081999999,2642835.59322000,6854,1400641.00000000,1444384.98028000,0
1709082000000,1.03060000,1.03090000,1.02290000,1.02540000,2305540.70000000,1709085599999,2365548.63546000,6079,1193628.40000000,1224548.92126000,0
1709085600000,1.02550000,1.03060000,1.02320000,1.02810000,1819137.90000000,1709089199999,1869674.42323000,5880,1007682.50000000,1035714.44000000,0
1709089200000,1.02810000,1.02940000,1.02020000,1.02850000,2695978.80000000,1709092799999,2763556.18132000,8089,1648507.30000000,1689875.91492000,0
1709092800000,1.02850000,1.03750000,1.02800000,1.03390000,2871706.20000000,1709096399999,2966535.82084000,6509,1570054.90000000,1622048.53115000,0
1709096400000,1.03390000,1.03670000,1.03060000,1.03090000,1728359.50000000,1709099999999,1787376.08147000,4400,863701.70000000,892998.02258000,0
1709100000000,1.03110000,1.03500000,1.02850000,1.03300000,1647384.00000000,1709103599999,1698999.70071000,4417,773137.90000000,797343.07692000,0
1709103600000,1.03290000,1.04380000,1.03180000,1.04250000,3506806.40000000,1709107199999,3639249.98033000,8405,2064088.80000000,2142148.59501000,0
1709107200000,1.04250000,1.04850000,1.03590000,1.04720000,7221730.50000000,1709110799999,7527177.87487000,15114,3773523.50000000,3933652.86277000,0
1709110800000,1.04710000,1.04740000,1.03630000,1.04460000,7300027.40000000,1709114399999,7604303.21573000,15598,3350996.10000000,3490593.40700000,0
1709114400000,1.04470000,1.04800000,1.03980000,1.04570000,6689307.10000000,1709117999999,6980971.22604000,12207,3546535.40000000,3700527.40158000,0
1709118000000,1.04560000,1.05470000,1.02110000,1.02810000,10872697.80000000,1709121599999,11329007.75308000,24825,5836776.20000000,6082803.72227000,0
1709121600000,1.02800000,1.03890000,1.02800000,1.03650000,5902598.10000000,1709125199999,6104177.22176000,13988,2934564.80000000,3034505.13348000,0
1709125200000,1.03640000,1.05220000,1.03510000,1.05100000,8384579.60000000,1709128799999,8769087.73110000,20942,4104396.30000000,4291918.51701000,0
1709128800000,1.05110000,1.05710000,1.03630000,1.04720000,9031067.10000000,1709132399999,9460481.51226000,22461,4312394.60000000,4517834.16359000,0
1709132400000,1.04720000,1.05000000,1.04170000,1.04540000,5687773.90000000,1709135999999,5952897.95043000,13051,2904160.40000000,3039683.32364000,0
1709136000000,1.04540000,1.06300000,1.04480000,1.06030000,8840139.70000000,1709139599999,9318848.60061000,20508,4643433.90000000,4895472.90348000,0
1709139600000,1.06020000,1.06860000,0.95870000,1.00760000,44935481.80000000,1709143199999,45515252.61368000,130341,20965959.00000000,21202183.78712000,0
1709143200000,1.00770000,1.01000000,0.96060000,0.99000000,27343320.50000000,1709146799999,26948283.93042000,72318,12924725.40000000,12740476.95006000,0
1709146800000,0.98990000,0.99290000,0.97670000,0.98220000,8014816.70000000,1709150399999,7894262.20865000,22902,3726845.20000000,3671293.09454000,0
1709150400000,0.98230000,0.98830000,0.97130000,0.98740000,7159265.20000000,1709153999999,7006135.93278000,17914,3901376.10000000,3819514.98922000,0
1709154000000,0.98730000,1.00380000,0.98060000,1.00160000,6700173.30000000,1709157599999,6659150.99336000,16814,3826469.00000000,3802579.56400000,0
1709157600000,1.00160000,1.01240000,1.00050000,1.00780000,6171181.60000000,1709161199999,6213185.66977000,14108,3438878.80000000,3462505.92193000,0
1709161200000,1.00780000,1.01300000,1.00520000,1.00900000,3641131.50000000,1709164799999,3675454.75820000,9832,1926519.00000000,1944649.52248000,0
1709164800000,1.00900000,1.03160000,1.00060000,1.02620000,10591121.40000000,1709168399999,10772168.60066000,31970,5268246.90000000,5356488.58487000,0
1709168400000,1.02610000,1.03100000,1.01870000,1.03090000,6083417.60000000,1709171999999,6245355.62659000,15760,2790894.00000000,2865032.38850000,0
1709172000000,1.03080000,1.03190000,1.01920000,1.01930000,3889482.70000000,1709175599999,3984128.34279000,9608,2102910.20000000,2154434.63098000,0
1709175600000,1.01920000,1.02490000,1.01270000,1.02350000,4720999.40000000,1709179199999,4811779.56275000,11150,2623068.80000000,2674246.56666000,0
1709179200000,1.02350000,1.03150000,1.02020000,1.02890000,4530599.70000000,1709182799999,4654330.76569000,11429,2387411.80000000,2452318.92123000,0
1709182800000,1.02880000,1.03850000,1.02750000,1.03560000,5002468.90000000,1709186399999,5173343.17345000,12562,2750061.90000000,2844080.08792000,0
1709186400000,1.03560000,1.04090000,1.03340000,1.03910000,4913324.60000000,1709189999999,5097996.41881000,12972,2568022.70000000,2664747.35011000,0
1709190000000,1.03920000,1.03920000,1.02870000,1.03820000,4345525.40000000,1709193599999,4491351.47598000,12178,2283702.40000000,2360344.14896000,0
1709193600000,1.03830000,1.04800000,1.03740000,1.04800000,8491995.30000000,1709197199999,8858896.62276000,24529,4674317.20000000,4876035.51305000,0
1709197200000,1.04800000,1.06250000,1.04440000,1.04950000,12018792.30000000,1709200799999,12653021.82308000,34338,7033167.30000000,7405062.98249000,0
1709200800000,1.04950000,1.05090000,1.03920000,1.04510000,8502932.80000000,1709204399999,8877920.84375000,20437,4223707.60000000,4409734.45235000,0
1709204400000,1.04490000,1.05410000,1.03840000,1.04920000,6554490.60000000,1709207999999,6861213.08071000,18295,3035021.50000000,3176822.82900000,0
1709208000000,1.04910000,1.05040000,1.03720000,1.04080000,6964448.60000000,1709211599999,7259345.55197000,18808,3428904.60000000,3573990.03818000,0
1709211600000,1.04070000,1.05840000,1.03760000,1.05340000,6682106.10000000,1709215199999,7009463.03145000,19843,3538793.70000000,3713324.68193000,0
1709215200000,1.05350000,1.06070000,1.04200000,1.04880000,7854147.90000000,1709218799999,8269271.55010000,20532,3749991.50000000,3950517.79623000,0
1709218800000,1.04890000,1.05220000,1.04330000,1.04460000,5019380.50000000,1709222399999,5256133.09904000,12302,2625932.80000000,2749925.74276000,0
1709222400000,1.04460000,1.04740000,1.01780000,1.03330000,11638938.40000000,1709225999999,12018454.13054000,33994,5550310.10000000,5731042.33623000,0
1709226000000,1.03340000,1.03630000,1.00420000,1.01360000,12051139.40000000,1709229599999,12281044.64849000,33388,5994805.50000000,6109875.14190000,0
1709229600000,1.01350000,1.02310000,1.00840000,1.01570000,5856524.50000000,1709233199999,5948285.34252000,15980,2968562.10000000,3015446.46008000,0
1709233200000,1.01560000,1.03030000,1.01280000,1.02990000,4975956.30000000,1709236799999,5088439.74660000,11452,2524729.10000000,2582104.41108000,0
1709236800000,1.02990000,1.03390000,1.02500000,1.02810000,4047046.90000000,1709240399999,4166139.53422000,8923,1836095.90000000,1889824.49943000,0
1709240400000,1.02820000,1.02840000,0.99720000,1.01190000,8263503.10000000,1709243999999,8347367.21944000,29073,3888879.70000000,3929734.36393000,0
1709244000000,1.01180000,1.01310000,0.98000000,0.99200000,8159816.50000000,1709247599999,8115150.29118000,28062,4267176.30000000,4244136.76846000,0
1709247600000,0.99200000,1.00560000,0.99130000,1.00140000,3458438.40000000,1709251199999,3460538.11820000,10003,1623980.70000000,1624484.12877000,0
