1722470400000,0.49570000,0.49800000,0.49320000,0.49700000,1924231.30000000,1722473999999,954448.03850000,4270,733723.10000000,363889.48776000,0
1722474000000,0.49690000,0.49780000,0.49120000,0.49560000,1676730.10000000,1722477599999,829665.76598000,3776,802764.90000000,397353.61770000,0
1722477600000,0.49560000,0.49590000,0.49100000,0.49190000,2201665.50000000,1722481199999,1085696.25822000,4586,946282.80000000,466674.20285000,0
1722481200000,0.49180000,0.49640000,0.49000000,0.49340000,1386315.90000000,1722484799999,683127.94311000,3310,618371.90000000,304798.87472000,0
1722484800000,0.49320000,0.49450000,0.48510000,0.48670000,2085501.00000000,1722488399999,1019362.28350000,5881,1028844.70000000,502743.89049000,0
1722488400000,0.48670000,0.49190000,0.48420000,0.49180000,2042874.70000000,1722491999999,998291.09192000,4622,1077917.20000000,527088.52897000,0
1722492000000,0.49180000,0.49210000,0.48550000,0.48560000,1757734.50000000,1722495599999,860129.68035000,3048,958216.20000000,468973.96940000,0
1722495600000,0.48550000,0.48890000,0.48370000,0.48470000,1398562.10000000,1722499199999,680141.09654000,3131,832826.20000000,405039.87871000,0
1722499200000,0.48470000,0.48940000,0.48390000,0.48900000,1134325.60000000,1722502799999,552485.40222000,2485,581030.90000000,283061.16481000,0
1722502800000,0.48900000,0.49080000,0.48710000,0.48740000,880185.30000000,1722506399999,430306.45502000,2294,422243.60000000,206453.40933000,0
1722506400000,0.48740000,0.49090000,0.48530000,0.49030000,1550102.20000000,1722509999999,756008.33389000,2747,831042.80000000,405402.85848000,0
1722510000000,0.49020000,0.50500000,0.48970000,0.49830000,5680371.50000000,1722513599999,2816696.75338000,9880,3146648.50000000,1558519.38569000,0
1722513600000,0.49830000,0.50500000,0.49710000,0.50170000,2552924.70000000,1722517199999,1280867.14732000,5305,1205002.20000000,604647.78019000,0
1722517200000,0.50180000,0.50240000,0.49770000,0.49970000,1099435.50000000,1722520799999,549404.85977000,2792,581609.30000000,290659.83662000,0
1722520800000,0.49970000,0.50040000,0.49130000,0.49130000,3053646.10000000,1722524399999,1516619.04369000,8070,1520309.70000000,755158.78187000,0
1722524400000,0.49140000,0.49250000,0.48560000,0.48580000,5994785.30000000,1722527999999,2933613.28061000,14800,2811299.80000000,1375474.43351000,0
1722528000000,0.48590000,0.48600000,0.47180000,0.47490000,10927443.70000000,1722531599999,5221751.38434000,24732,5201032.80000000,2484346.73097000,0
1722531600000,0.47490000,0.47720000,0.47130000,0.47600000,8478840.00000000,1722535199999,4024465.53004000,13650,5166847.00000000,2452147.34910000,0
1722535200000,0.47600000,0.47620000,0.46600000,0.47000000,7174169.30000000,1722538799999,3375188.41654000,15243,3873450.40000000,1823123.50507000,0
1722538800000,0.47000000,0.47830000,0.46980000,0.47760000,2978568.20000000,1722542399999,1412166.75460000,6327,1509575.20000000,715825.26860000,0
1722542400000,0.47760000,0.48570000,0.47640000,0.48540000,3943832.50000000,1722545999999,1894348.80952000,8992,2268962.70000000,1089378.94092000,0
1722546000000,0.48540000,0.48850000,0.48380000,0.48530000,2757540.90000000,1722549599999,1339345.22355000,6352,1373033.40000000,666887.38203000,0
1722549600000,0.48540000,0.49220000,0.48460000,0.49220000,2548921.00000000,1722553199999,1247959.61256000,5649,1368322.90000000,669688.28997000,0
1722553200000,0.49220000,0.49410000,0.49060000,0.49180000,1704114.60000000,1722556799999,838580.06438000,3837,744374.30000000,366283.81278000,0
1722556800000,0.49170000,0.49480000,0.49070000,0.49200000,3680975.70000000,1722560399999,1814068.17889000,5716,2029360.10000000,999949.28990000,0
1722560400000,0.49200000,0.49250000,0.48800000,0.48810000,1742510.60000000,1722563999999,854478.47696000,5594,747706.60000000,366695.47759000,0
1722564000000,0.48820000,0.48870000,0.48050000,0.48310000,2210475.90000000,1722567599999,1070257.70533000,6524,1159645.10000000,561235.22854000,0
1722567600000,0.48310000,0.48630000,0.48120000,0.48560000,1032795.30000000,1722571199999,499601.16840000,3876,530645.00000000,256728.89473000,0
1722571200000,0.48560000,0.48850000,0.48440000,0.48690000,2447747.10000000,1722574799999,1190932.72845000,4592,1335581.20000000,649666.61842000,0
1722574800000,0.48690000,0.48700000,0.48060000,0.48130000,1082627.00000000,1722578399999,523475.85621000,4412,485595.30000000,234931.40422000,0
1722578400000,0.48130000,0.48280000,0.47680000,0.48180000,1861438.90000000,1722581999999,893601.89775000,6598,968570.70000000,464836.76091000,0
1722582000000,0.48180000,0.48480000,0.47850000,0.48310000,1699007.50000000,1722585599999,818600.39155000,4550,679231.60000000,327228.29681000,0
1722585600000,0.48300000,0.48470000,0.48000000,0.48470000,1454442.50000000,1722589199999,701769.96418000,3865,898926.40000000,433686.87295000,0
1722589200000,0.48470000,0.48710000,0.48380000,0.48560000,1414024.10000000,1722592799999,686492.52465000,3857,792076.60000000,384501.80067000,0
1722592800000,0.48560000,0.48630000,0.48270000,0.48470000,1589596.30000000,1722596399999,770190.50330000,3491,721847.00000000,349763.98431000,0
1722596400000,0.48460000,0.48650000,0.48360000,0.48360000,1294978.40000000,1722599999999,627938.58647000,3274,662136.20000000,320989.89984000,0
1722600000000,0.48360000,0.48490000,0.47940000,0.48370000,3310404.20000000,1722603599999,1595312.35583000,8614,1592005.20000000,767069.25055000,0
1722603600000,0.48360000,0.48900000,0.48050000,0.48590000,2468377.80000000,1722607199999,1196580.67336000,7899,1251532.40000000,606650.33513000,0
1722607200000,0.48580000,0.48690000,0.46710000,0.46810000,8495922.00000000,1722610799999,4049329.14103000,16926,4779069.80000000,2278629.55456000,0
1722610800000,0.46810000,0.46920000,0.45650000,0.46720000,12208471.60000000,1722614399999,5652264.56448000,25759,6019627.20000000,2788100.59124000,0
1722614400000,0.46710000,0.46900000,0.46260000,0.46420000,2722678.80000000,1722617999999,1266066.43587000,9000,1650365.20000000,767380.75507000,0
1722618000000,0.46410000,0.47000000,0.46370000,0.46700000,2186420.40000000,1722621599999,1021011.44064000,5591,915170.40000000,427234.01797000,0
1722621600000,0.46710000,0.46840000,0.46460000,0.46520000,1091399.80000000,1722625199999,508806.45346000,4753,561771.00000000,261861.08729000,0
1722625200000,0.46520000,0.46730000,0.46260000,0.46570000,2230150.90000000,1722628799999,1036366.98275000,6819,883611.70000000,410700.50310000,0
1722628800000,0.46560000,0.47090000,0.46380000,0.46970000,3169580.30000000,1722632399999,1482373.09660000,8015,1599350.90000000,748344.86031000,0
1722632400000,0.46970000,0.46980000,0.46180000,0.46860000,3482377.00000000,1722635999999,1621251.16952000,8804,1636725.50000000,762199.94498000,0
1722636000000,0.46860000,0.46950000,0.46560000,0.46710000,1880348.60000000,1722639599999,879019.51096000,5376,703160.40000000,328623.01751000,0
1722639600000,0.46720000,0.46980000,0.46440000,0.46800000,1684821.20000000,1722643199999,787795.92318000,5024,881352.70000000,412167.34878000,0
1722643200000,0.46800000,0.46990000,0.46170000,0.46380000,1921510.40000000,1722646799999,896226.68803000,5730,825940.30000000,385311.95757000,0
1722646800000,0.46390000,0.46620000,0.45430000,0.46320000,6607612.70000000,1722650399999,3042551.82545000,15442,2649941.70000000,1218410.40703000,0
1722650400000,0.46320000,0.46920000,0.46310000,0.46710000,1931864.90000000,1722653999999,901198.89852000,4837,785572.80000000,366400.43685000,0
1722654000000,0.46720000,0.47180000,0.46640000,0.47170000,2424511.00000000,1722657599999,1137239.27982000,5549,1327932.50000000,623074.38992000,0
1722657600000,0.47160000,0.47250000,0.46790000,0.46800000,1405349.70000000,1722661199999,661194.25754000,3335,575430.50000000,270678.26035000,0
1722661200000,0.46800000,0.47140000,0.46770000,0.47110000,1201790.50000000,1722664799999,564259.94801000,2638,659874.20000000,309764.98005000,0
1722664800000,0.47100000,0.47210000,0.46930000,0.47190000,765932.10000000,1722668399999,360515.75588000,2530,408143.10000000,192141.96614000,0
1722668400000,0.47180000,0.47380000,0.47100000,0.47290000,1033474.30000000,1722671999999,488290.38248000,2760,433579.10000000,204871.44545000,0
1722672000000,0.47280000,0.47320000,0.46760000,0.47020000,1364822.40000000,1722675599999,641846.02125000,2991,601379.40000000,282835.45814000,0
1722675600000,0.47010000,0.47200000,0.46850000,0.47190000,954118.90000000,1722679199999,448555.33711000,1796,428327.60000000,201316.54129000,0
1722679200000,0.47180000,0.47330000,0.47060000,0.47160000,681426.80000000,1722682799999,321600.32004000,1815,287802.50000000,135813.11070000,0
1722682800000,0.47160000,0.47260000,0.47050000,0.47180000,806932.30000000,1722686399999,380698.91418000,1877,500397.20000000,236097.03683000,0
1722686400000,0.47180000,0.47330000,0.47040000,0.47070000,1001187.30000000,1722689999999,472508.87322000,2503,525953.40000000,248274.32898000,0
1722690000000,0.47080000,0.47120000,0.46860000,0.46980000,802864.60000000,1722693599999,377285.95347000,2186,411512.00000000,193435.20417000,0
1722693600000,0.46970000,0.47170000,0.46790000,0.46840000,931262.40000000,1722697199999,437488.92997000,2342,395082.90000000,185641.29886000,0
1722697200000,0.46840000,0.46960000,0.45970000,0.46030000,2727723.40000000,1722700799999,1267590.32550000,4538,1082641.00000000,503154.21456000,0
1722700800000,0.46020000,0.46100000,0.45250000,0.45630000,5945704.10000000,1722704399999,2716241.70306000,11414,2885973.80000000,1318546.40520000,0
1722704400000,0.45630000,0.45650000,0.44700000,0.44870000,4150088.70000000,1722707999999,1870283.20226000,9210,2174928.40000000,980425.78137000,0
1722708000000,0.44860000,0.45080000,0.44370000,0.44630000,3944270.60000000,1722711599999,1764328.09649000,8867,2051094.70000000,917666.16591000,0
1722711600000,0.44630000,0.44940000,0.44360000,0.44390000,2308739.30000000,1722715199999,1032096.33054000,4378,1134484.80000000,507367.73641000,0
1722715200000,0.44390000,0.44920000,0.44200000,0.44560000,1818321.10000000,1722718799999,809772.65280000,4189,898840.50000000,400270.37356000,0
1722718800000,0.44560000,0.45220000,0.44250000,0.45190000,3603625.50000000,1722722399999,1610165.27842000,4607,1383135.30000000,618201.91719000,0
1722722400000,0.45200000,0.45430000,0.45020000,0.45230000,1591246.00000000,1722725999999,720063.98998000,2995,665904.10000000,301226.35747000,0
1722726000000,0.45230000,0.45530000,0.45080000,0.45470000,2445793.50000000,1722729599999,1108914.33753000,3235,1074655.70000000,487154.77305000,0
1722729600000,0.45460000,0.45630000,0.45240000,0.45540000,1173996.80000000,1722733199999,533160.37421000,2455,572397.60000000,259892.19658000,0
1722733200000,0.45540000,0.45580000,0.45130000,0.45430000,999735.50000000,1722736799999,453418.68554000,2320,467337.40000000,212012.07128000,0
1722736800000,0.45420000,0.45840000,0.45410000,0.45620000,1217082.90000000,1722740399999,555333.56704000,2476,558957.70000000,255046.09357000,0
1722740400000,0.45630000,0.45780000,0.45570000,0.45640000,698676.10000000,1722743999999,319182.12898000,1831,242976.00000000,111008.51748000,0
1722744000000,0.45640000,0.45750000,0.45390000,0.45420000,572465.30000000,1722747599999,260754.01372000,1733,246906.30000000,112476.46048000,0
1722747600000,0.45420000,0.45730000,0.45400000,0.45540000,746017.10000000,1722751199999,339895.26454000,1845,311433.70000000,141892.71805000,0
1722751200000,0.45530000,0.45630000,0.45450000,0.45520000,460253.90000000,1722754799999,209612.21665000,1613,267204.40000000,121714.46601000,0
1722754800000,0.45520000,0.45530000,0.44960000,0.44980000,964460.90000000,1722758399999,435654.36127000,2344,389671.50000000,176128.09211000,0
1722758400000,0.44970000,0.45430000,0.44830000,0.45220000,1527899.40000000,1722761999999,690045.87931000,3273,699658.80000000,315874.09113000,0
1722762000000,0.45220000,0.45370000,0.45140000,0.45170000,889467.50000000,1722765599999,402394.93487000,1689,396420.30000000,179321.84977000,0
1722765600000,0.45160000,0.45200000,0.44930000,0.45190000,823824.60000000,1722769199999,371321.47685000,1877,365749.00000000,164904.31503000,0
1722769200000,0.45190000,0.45290000,0.45050000,0.45120000,612873.50000000,1722772799999,276752.20767000,1534,234617.50000000,105956.36988000,0
1722772800000,0.45130000,0.45290000,0.45000000,0.45260000,793413.70000000,1722776399999,358098.48403000,1829,400241.30000000,180668.35057000,0
1722776400000,0.45250000,0.45290000,0.44910000,0.44910000,658497.40000000,1722779999999,296767.64370000,1615,316649.10000000,142717.26642000,0
1722780000000,0.44910000,0.44970000,0.43410000,0.43490000,7225117.60000000,1722783599999,3171121.39075000,11205,3667354.00000000,1610744.13374000,0
1722783600000,0.43500000,0.43500000,0.42740000,0.42880000,6428739.60000000,1722787199999,2763493.91636000,10629,3388983.40000000,1456567.13713000,0
1722787200000,0.42880000,0.43030000,0.42090000,0.42160000,7030112.10000000,1722790799999,2989328.93712000,10804,3578385.10000000,1521791.86989000,0
1722790800000,0.42170000,0.42250000,0.40920000,0.41680000,13737119.80000000,1722794399999,5718170.81326000,21302,6105978.30000000,2541542.96882000,0
1722794400000,0.41680000,0.42260000,0.41250000,0.42200000,5256468.60000000,1722797999999,2191120.25220000,9725,2678528.30000000,1116377.96608000,0
1722798000000,0.42200000,0.42970000,0.41900000,0.42770000,3482742.00000000,1722801599999,1480354.34526000,6948,1760379.20000000,748450.54248000,0
1722801600000,0.42750000,0.43240000,0.42560000,0.42940000,2657760.80000000,1722805199999,1141145.83929000,5954,1146931.90000000,492101.71973000,0
1722805200000,0.42940000,0.42970000,0.42540000,0.42650000,1901942.50000000,1722808799999,812763.67427000,2892,706648.80000000,301948.15591000,0
1722808800000,0.42660000,0.43000000,0.42520000,0.42630000,2261341.50000000,1722812399999,967036.88317000,5160,1084216.40000000,463636.60731000,0
1722812400000,0.42620000,0.42690000,0.42030000,0.42160000,2091152.30000000,1722815999999,884352.98918000,4048,973695.20000000,411703.07523000,0
1722816000000,0.42150000,0.42490000,0.39760000,0.40210000,18369775.10000000,1722819599999,7538788.67479000,25910,9179953.50000000,3767443.55539000,0
1722819600000,0.40210000,0.40290000,0.36000000,0.37850000,60602916.70000000,1722823199999,23189137.68003000,87443,30127850.40000000,11530616.30437000,0
1722823200000,0.37860000,0.37910000,0.36710000,0.37720000,19968817.70000000,1722826799999,7458437.92730000,34639,9335440.10000000,3486554.99035000,0
1722826800000,0.37720000,0.37740000,0.36600000,0.36660000,16681043.70000000,1722830399999,6162116.59767000,23476,7549435.00000000,2789223.68996000,0
1722830400000,0.36660000,0.37340000,0.36400000,0.36860000,12277246.20000000,1722833999999,4521428.67337000,17545,6023646.30000000,2218105.91220000,0
1722834000000,0.36860000,0.37190000,0.35410000,0.36310000,27525063.60000000,1722837599999,10026483.13363000,35548,13471430.30000000,4909627.38577000,0
1722837600000,0.36310000,0.36510000,0.33420000,0.35230000,54990208.50000000,1722841199999,19133827.54352000,64236,26649477.00000000,9270792.23874000,0
1722841200000,0.35240000,0.37400000,0.34940000,0.36920000,18930546.60000000,1722844799999,6839364.14348000,24380,9749705.20000000,3520498.45856000,0
1722844800000,0.36930000,0.36950000,0.36000000,0.36420000,11214464.50000000,1722848399999,4089569.25696000,17452,5560815.50000000,2027610.44327000,0
1722848400000,0.36420000,0.36690000,0.35970000,0.36550000,8437521.60000000,1722851999999,3073243.29455000,14348,3697486.90000000,1346797.84935000,0
1722852000000,0.36540000,0.36660000,0.35420000,0.35880000,12915925.20000000,1722855599999,4643628.85654000,23018,5856735.20000000,2105183.81008000,0
1722855600000,0.35880000,0.36070000,0.34650000,0.35980000,18907337.60000000,1722859199999,6685072.47019000,24559,9043117.80000000,3197908.39386000,0
1722859200000,0.35990000,0.36320000,0.35040000,0.35260000,22088537.20000000,1722862799999,7892375.57326000,27074,10226761.10000000,3653405.22975000,0
1722862800000,0.35230000,0.37380000,0.34750000,0.37220000,27846992.60000000,1722866399999,10013308.84224000,34558,13087121.70000000,4700334.52732000,0
1722866400000,0.37220000,0.38270000,0.37200000,0.37680000,32667573.20000000,1722869999999,12347234.21852000,29956,15214655.10000000,5750657.39453000,0
1722870000000,0.37690000,0.38610000,0.37330000,0.38440000,12521041.80000000,1722873599999,4758768.02198000,16649,6173404.50000000,2346388.64420000,0
1722873600000,0.38440000,0.39260000,0.38270000,0.38360000,15278837.80000000,1722877199999,5914811.02619000,20732,7306284.10000000,2829039.88647000,0
1722877200000,0.38360000,0.38990000,0.38100000,0.38700000,8893885.10000000,1722880799999,3428358.10600000,10193,4447820.40000000,1715498.27920000,0
1722880800000,0.38700000,0.38780000,0.37600000,0.37620000,5495462.60000000,1722884399999,2103333.38789000,8026,2550713.60000000,976106.60236000,0
1722884400000,0.37630000,0.38270000,0.37470000,0.38090000,7362251.90000000,1722887999999,2792229.70929000,9457,3611603.80000000,1369462.68554000,0
1722888000000,0.38100000,0.38780000,0.38090000,0.38440000,6071518.80000000,1722891599999,2331571.40696000,6416,2565228.80000000,985425.83506000,0
1722891600000,0.38440000,0.38920000,0.38150000,0.38410000,5158284.00000000,1722895199999,1992425.47403000,5797,2616572.90000000,1010658.28948000,0
1722895200000,0.38410000,0.38970000,0.38360000,0.38840000,3049088.60000000,1722898799999,1180236.02429000,4654,1461073.30000000,565498.20386000,0
1722898800000,0.38840000,0.39040000,0.38410000,0.38440000,3083410.30000000,1722902399999,1191841.13724000,4859,1425966.40000000,551171.95405000,0
1722902400000,0.38440000,0.40250000,0.38380000,0.40250000,6027203.00000000,1722905999999,2387226.40595000,11153,2747537.20000000,1087895.99981000,0
1722906000000,0.40250000,0.40690000,0.39930000,0.40230000,6295241.10000000,1722909599999,2539889.26744000,12295,2726645.00000000,1099886.43235000,0
1722909600000,0.40220000,0.40450000,0.40070000,0.40360000,2210007.00000000,1722913199999,890190.75555000,7248,987224.70000000,397615.12860000,0
1722913200000,0.40360000,0.40440000,0.40110000,0.40280000,1841051.60000000,1722916799999,741706.89492000,6059,693088.80000000,279235.43859000,0
1722916800000,0.40280000,0.40880000,0.40100000,0.40850000,2793831.20000000,1722920399999,1133543.93236000,6519,955627.30000000,387538.21051000,0
1722920400000,0.40850000,0.41190000,0.40660000,0.41140000,3982090.60000000,1722923999999,1630456.09787000,7516,1608013.90000000,658340.79941000,0
1722924000000,0.41140000,0.41500000,0.41010000,0.41290000,2995168.70000000,1722927599999,1236033.45849000,7864,1576753.30000000,650758.43306000,0
1722927600000,0.41290000,0.41540000,0.41150000,0.41430000,2277830.40000000,1722931199999,941422.09539000,7042,956949.90000000,395568.57938000,0
1722931200000,0.41430000,0.41430000,0.40330000,0.40640000,3519486.00000000,1722934799999,1438786.83658000,8368,1501690.10000000,613582.03313000,0
1722934800000,0.40640000,0.40640000,0.40190000,0.40500000,3822382.10000000,1722938399999,1544047.01084000,8259,1904595.30000000,769338.80506000,0
1722938400000,0.40500000,0.40550000,0.40130000,0.40260000,2049318.00000000,1722941999999,826868.05412000,3736,938991.80000000,378993.79391000,0
1722942000000,0.40260000,0.40350000,0.39960000,0.40180000,2518867.70000000,1722945599999,1010897.83173000,3597,1440964.80000000,578268.76433000,0
1722945600000,0.40180000,0.40440000,0.39820000,0.39890000,2385350.10000000,1722949199999,956586.94809000,3325,966579.50000000,387814.41180000,0
1722949200000,0.39880000,0.40260000,0.39500000,0.39950000,4051683.40000000,1722952799999,1614066.41417000,8636,2004483.80000000,798711.41658000,0
1722952800000,0.39930000,0.41540000,0.39900000,0.41070000,8190082.50000000,1722956399999,3356675.11645000,18490,4168468.60000000,1708077.47236000,0
1722956400000,0.41080000,0.41380000,0.40650000,0.41190000,3012812.30000000,1722959999999,1235317.21898000,9451,1463280.60000000,599747.37841000,0
1722960000000,0.41190000,0.41660000,0.40940000,0.41440000,3519787.20000000,1722963599999,1453957.49122000,8524,1713174.20000000,707744.11329000,0
1722963600000,0.41430000,0.41580000,0.40980000,0.40990000,2393984.10000000,1722967199999,989118.06912000,6783,986137.70000000,407751.77744000,0
1722967200000,0.40990000,0.41490000,0.40990000,0.41140000,2263992.20000000,1722970799999,934487.81339000,6294,1237626.30000000,510990.97116000,0
1722970800000,0.41140000,0.41330000,0.40960000,0.41080000,2619052.30000000,1722974399999,1077281.51521000,5532,1429749.10000000,588131.35071000,0
1722974400000,0.41070000,0.41280000,0.40870000,0.41190000,2040521.20000000,1722977999999,837789.97889000,5391,775118.50000000,318222.24663000,0
1722978000000,0.41180000,0.41370000,0.41040000,0.41310000,1239573.50000000,1722981599999,510828.12374000,3270,531755.00000000,219123.03902000,0
1722981600000,0.41310000,0.41760000,0.41030000,0.41110000,2533953.50000000,1722985199999,1046051.54480000,5080,1208320.40000000,498896.38943000,0
1722985200000,0.41120000,0.41140000,0.40670000,0.40790000,2312645.50000000,1722988799999,945242.63699000,3452,887645.90000000,362810.16958000,0
1722988800000,0.40780000,0.41030000,0.40430000,0.40800000,4442312.60000000,1722992399999,1809716.97634000,5863,2794803.00000000,1139023.86585000,0
1722992400000,0.40810000,0.41590000,0.40350000,0.41560000,2550835.60000000,1722995999999,1046748.96112000,6069,1317979.40000000,540448.69796000,0
1722996000000,0.41550000,0.41710000,0.40850000,0.41070000,4704523.00000000,1722999599999,1941415.11790000,6471,2045075.30000000,843461.33643000,0
1722999600000,0.41070000,0.41360000,0.40980000,0.41040000,1750365.50000000,1723003199999,719551.91540000,3396,1200822.30000000,493588.87872000,0
1723003200000,0.41040000,0.41500000,0.40970000,0.41240000,1571717.80000000,1723006799999,649135.08093000,3747,869733.00000000,359298.44628000,0
1723006800000,0.41230000,0.41520000,0.41100000,0.41120000,1325336.40000000,1723010399999,547588.20918000,3145,629515.60000000,260091.81630000,0
1723010400000,0.41120000,0.41230000,0.40900000,0.41080000,846662.60000000,1723013999999,347817.14654000,2574,318477.80000000,130841.72300000,0
1723014000000,0.41070000,0.41280000,0.40880000,0.41030000,1645707.80000000,1723017599999,676160.89101000,3223,702547.20000000,288813.57883000,0
1723017600000,0.41040000,0.41240000,0.40880000,0.41090000,1628586.70000000,1723021199999,668676.97957000,3063,753328.30000000,309348.53977000,0
1723021200000,0.41090000,0.41300000,0.40900000,0.41130000,2370172.40000000,1723024799999,974877.86335000,4871,1190652.90000000,489679.84143000,0
1723024800000,0.41120000,0.41400000,0.40900000,0.40910000,1718372.60000000,1723028399999,707186.88974000,3719,772969.20000000,318248.19984000,0
1723028400000,0.40890000,0.40960000,0.40440000,0.40460000,2662831.00000000,1723031999999,1082234.06270000,5357,1288740.50000000,523824.76800000,0
1723032000000,0.40460000,0.40840000,0.40320000,0.40810000,2593170.30000000,1723035599999,1052308.92307000,4910,1329116.00000000,539430.51969000,0
1723035600000,0.40800000,0.40900000,0.40280000,0.40450000,2339143.70000000,1723039199999,948937.50798000,6489,1090240.50000000,442266.62918000,0
1723039200000,0.40460000,0.40560000,0.39050000,0.39500000,5791123.40000000,1723042799999,2300085.95813000,11019,2959104.00000000,1175529.39252000,0
1723042800000,0.39500000,0.39830000,0.39240000,0.39730000,3068896.90000000,1723046399999,1212374.78627000,6361,1547024.30000000,610916.10053000,0
1723046400000,0.39710000,0.39820000,0.39320000,0.39540000,2462342.70000000,1723049999999,973237.30173000,5326,1156130.50000000,457171.56491000,0
1723050000000,0.39550000,0.39720000,0.39050000,0.39400000,2827785.60000000,1723053599999,1115103.67136000,5132,1039159.30000000,409388.57302000,0
1723053600000,0.39380000,0.39640000,0.38880000,0.39020000,3860131.30000000,1723057199999,1513637.43606000,6969,1842787.80000000,722418.95175000,0
1723057200000,0.39020000,0.39270000,0.38850000,0.39140000,2108528.60000000,1723060799999,823458.59175000,4417,1099774.30000000,429440.38938000,0
1723060800000,0.39150000,0.39650000,0.38740000,0.39340000,5798289.20000000,1723064399999,2276929.13567000,10025,2485523.20000000,976019.64583000,0
1723064400000,0.39350000,0.39640000,0.39160000,0.39460000,2340352.10000000,1723067999999,921881.81360000,4046,1056530.70000000,416228.90992000,0
1723068000000,0.39460000,0.39510000,0.38850000,0.39470000,2491605.10000000,1723071599999,977332.34622000,4491,1209072.20000000,474376.44648000,0
1723071600000,0.39470000,0.39570000,0.39090000,0.39200000,1116022.00000000,1723075199999,438812.65442000,2412,410898.20000000,161658.61773000,0
1723075200000,0.39200000,0.39440000,0.38640000,0.39270000,2186434.60000000,1723078799999,853286.90941000,5536,1062766.60000000,414766.23027000,0
1723078800000,0.39270000,0.40590000,0.39250000,0.40490000,5832204.80000000,1723082399999,2335687.39998000,10067,2906586.80000000,1163052.75328000,0
1723082400000,0.40480000,0.41300000,0.40470000,0.41200000,3110257.20000000,1723085999999,1274638.40659000,7048,1355872.80000000,555456.89043000,0
1723086000000,0.41210000,0.41360000,0.40710000,0.40710000,1607406.20000000,1723089599999,661142.91738000,3789,682699.30000000,280856.62485000,0
1723089600000,0.40710000,0.41140000,0.40610000,0.40630000,1277213.20000000,1723093199999,522193.84270000,4017,627139.70000000,256346.47210000,0
1723093200000,0.40620000,0.40940000,0.40610000,0.40790000,1208342.90000000,1723096799999,492903.11894000,3828,503403.90000000,205369.85359000,0
1723096800000,0.40800000,0.41030000,0.40620000,0.40740000,1176522.20000000,1723100399999,480341.40223000,4283,590325.40000000,240995.17084000,0
1723100400000,0.40740000,0.40790000,0.40310000,0.40340000,1207522.50000000,1723103999999,489310.43179000,4417,564533.20000000,228698.45238000,0
1723104000000,0.40340000,0.40590000,0.40260000,0.40500000,1277204.20000000,1723107599999,516619.49657000,4052,679123.40000000,274731.70098000,0
1723107600000,0.40510000,0.40680000,0.40320000,0.40450000,1253707.10000000,1723111199999,507748.02146000,4085,826080.40000000,334582.90276000,0
1723111200000,0.40440000,0.40490000,0.40250000,0.40280000,1650936.20000000,1723114799999,666369.95516000,3750,1134907.70000000,458028.01671000,0
1723114800000,0.40290000,0.40320000,0.39980000,0.40010000,2627777.70000000,1723118399999,1055442.26276000,4729,1872380.20000000,752175.97494000,0
1723118400000,0.40000000,0.40960000,0.39810000,0.40440000,6277535.20000000,1723121999999,2537511.05458000,12433,3623486.40000000,1463612.05559000,0
1723122000000,0.40430000,0.40660000,0.39740000,0.40140000,3950183.60000000,1723125599999,1591000.38856000,13670,1979065.70000000,797060.90480000,0
1723125600000,0.40150000,0.41080000,0.40090000,0.41040000,4202775.00000000,1723129199999,1708321.47915000,10810,2243206.10000000,911464.65196000,0
1723129200000,0.41040000,0.41360000,0.40900000,0.41320000,4429116.70000000,1723132799999,1821009.69741000,9872,2320024.90000000,953932.05172000,0
1723132800000,0.41330000,0.41900000,0.41260000,0.41700000,5311364.10000000,1723136399999,2214886.80896000,14972,2660948.70000000,1109946.64407000,0
1723136400000,0.41700000,0.41890000,0.41330000,0.41340000,3008875.60000000,1723139999999,1251856.36467000,7000,1493481.10000000,621550.45774000,0
1723140000000,0.41340000,0.41650000,0.41340000,0.41440000,1108062.20000000,1723143599999,459957.81675000,3587,607657.00000000,252272.92208000,0
1723143600000,0.41430000,0.41640000,0.41390000,0.41500000,1018657.20000000,1723147199999,422833.13006000,3889,531866.70000000,220794.48337000,0
1723147200000,0.41510000,0.41690000,0.41480000,0.41530000,927274.60000000,1723150799999,385574.40705000,3307,424058.40000000,176307.40168000,0
1723150800000,0.41540000,0.42560000,0.41540000,0.42500000,3517735.20000000,1723154399999,1481556.84955000,6080,1911982.30000000,805460.34783000,0
1723154400000,0.42500000,0.43300000,0.42250000,0.43110000,6086414.20000000,1723157999999,2595336.47886000,15218,3796789.60000000,1619615.89694000,0
1723158000000,0.43110000,0.43290000,0.42840000,0.43170000,4403116.90000000,1723161599999,1898775.78829000,10357,2008452.60000000,866111.24826000,0
1723161600000,0.43170000,0.43200000,0.42640000,0.42830000,3441380.00000000,1723165199999,1478188.36876000,9074,1744078.50000000,749429.52087000,0
1723165200000,0.42820000,0.42880000,0.42640000,0.42860000,1697883.00000000,1723168799999,726284.96348000,5201,834629.40000000,356998.31258000,0
1723168800000,0.42850000,0.42970000,0.42450000,0.42460000,1533890.80000000,1723172399999,655294.18741000,3897,620938.60000000,265321.84657000,0
1723172400000,0.42450000,0.42760000,0.42440000,0.42630000,961999.50000000,1723175999999,409981.10557000,2863,581093.20000000,247686.65466000,0
1723176000000,0.42630000,0.42700000,0.41970000,0.41970000,2139754.00000000,1723179599999,906073.98393000,4682,1106845.60000000,468680.50706000,0
1723179600000,0.41960000,0.42290000,0.41820000,0.42290000,1522935.50000000,1723183199999,640477.41544000,3638,812270.80000000,341717.81847000,0
1723183200000,0.42290000,0.42540000,0.42230000,0.42530000,1263956.90000000,1723186799999,535572.43995000,3527,638914.10000000,270709.99044000,0
1723186800000,0.42530000,0.42720000,0.42390000,0.42540000,1269288.70000000,1723190399999,539871.31396000,4610,582545.30000000,247771.84941000,0
1723190400000,0.42540000,0.42690000,0.42370000,0.42680000,1146465.50000000,1723193999999,487572.59896000,3191,665646.60000000,283178.26447000,0
1723194000000,0.42680000,0.42780000,0.42330000,0.42430000,1275224.80000000,1723197599999,542519.97490000,4407,577501.80000000,245781.40873000,0
1723197600000,0.42430000,0.42570000,0.42050000,0.42310000,1879040.80000000,1723201199999,794820.72411000,6625,811817.30000000,343298.00504000,0
1723201200000,0.42310000,0.42410000,0.42160000,0.42300000,721901.50000000,1723204799999,305277.41030000,3352,340234.30000000,143891.99178000,0
1723204800000,0.42290000,0.42420000,0.41950000,0.42200000,1624094.00000000,1723208399999,684650.59508000,5994,959086.20000000,404411.16509000,0
1723208400000,0.42190000,0.42300000,0.41660000,0.42110000,2809506.60000000,1723211999999,1178349.99206000,9064,1351809.70000000,566794.28779000,0
1723212000000,0.42120000,0.42630000,0.41380000,0.41960000,4334138.70000000,1723215599999,1820683.22187000,14340,2221026.50000000,932428.89945000,0
1723215600000,0.41950000,0.42110000,0.41450000,0.41480000,1953731.10000000,1723219199999,817250.04606000,5597,817604.10000000,342020.60182000,0
1723219200000,0.41470000,0.41910000,0.41420000,0.41820000,1448211.70000000,1723222799999,603859.38063000,4702,803100.40000000,334878.90431000,0
1723222800000,0.41810000,0.42180000,0.41710000,0.42060000,1201213.90000000,1723226399999,504252.04671000,3416,576483.90000000,242008.81208000,0
1723226400000,0.42070000,0.42130000,0.41810000,0.42070000,1904454.60000000,1723229999999,800324.38957000,4085,767648.10000000,322611.66482000,0
1723230000000,0.42070000,0.42140000,0.41860000,0.41950000,1194912.00000000,1723233599999,501906.46769000,3758,428202.10000000,179793.86875000,0
1723233600000,0.41950000,0.42180000,0.41860000,0.42120000,1269584.90000000,1723237199999,533677.26002000,3464,810131.80000000,340526.15513000,0
1723237200000,0.42110000,0.42220000,0.41690000,0.42120000,2145553.80000000,1723240799999,898959.35701000,4336,1191108.20000000,498923.63371000,0
1723240800000,0.42120000,0.42290000,0.41870000,0.42120000,1911229.20000000,1723244399999,804005.76016000,4750,1033055.10000000,434594.09463000,0
1723244400000,0.42130000,0.42220000,0.41830000,0.42180000,1074734.20000000,1723247999999,452222.93466000,2999,516254.90000000,217195.93533000,0
1723248000000,0.42180000,0.42750000,0.41980000,0.42060000,2335286.20000000,1723251599999,988678.88867000,7878,1116351.20000000,472730.47007000,0
1723251600000,0.42060000,0.42420000,0.42000000,0.42090000,1075003.80000000,1723255199999,453218.38784000,4039,549956.10000000,231877.11002000,0
1723255200000,0.42090000,0.42300000,0.42040000,0.42160000,574809.30000000,1723258799999,242314.48562000,2698,288089.70000000,121449.70766000,0
1723258800000,0.42150000,0.42190000,0.41950000,0.42090000,507642.60000000,1723262399999,213617.31907000,2632,210636.90000000,88617.40518000,0
1723262400000,0.42100000,0.42150000,0.41850000,0.42000000,592453.90000000,1723265999999,248768.19712000,2119,278164.70000000,116768.27534000,0
1723266000000,0.41990000,0.42040000,0.41870000,0.41930000,506125.00000000,1723269599999,212348.26626000,2426,181812.50000000,76273.61130000,0
1723269600000,0.41930000,0.42290000,0.41910000,0.42260000,513949.90000000,1723273199999,216499.42975000,2343,228034.30000000,96043.84563000,0
1723273200000,0.42270000,0.42460000,0.42220000,0.42450000,1044675.90000000,1723276799999,442300.48743000,3337,533894.00000000,226065.04899000,0
1723276800000,0.42450000,0.42480000,0.42240000,0.42290000,551075.80000000,1723280399999,233344.04686000,2250,290748.40000000,123104.55997000,0
1723280400000,0.42300000,0.42520000,0.42240000,0.42390000,685431.80000000,1723283999999,290633.47871000,2297,386951.20000000,164078.72005000,0
1723284000000,0.42390000,0.42600000,0.42280000,0.42560000,833122.90000000,1723287599999,353617.37970000,2164,305559.10000000,129685.92789000,0
1723287600000,0.42560000,0.42750000,0.42530000,0.42730000,928924.40000000,1723291199999,396234.23267000,2066,271434.30000000,115798.43590000,0
1723291200000,0.42740000,0.42870000,0.42590000,0.42680000,1223062.40000000,1723294799999,522831.24956000,3085,557649.70000000,238366.40474000,0
1723294800000,0.42680000,0.42720000,0.42440000,0.42470000,968555.70000000,1723298399999,412106.52138000,3101,343221.40000000,145990.54616000,0
1723298400000,0.42470000,0.42840000,0.42430000,0.42780000,994370.50000000,1723301999999,424302.64517000,3149,443545.80000000,189245.88145000,0
1723302000000,0.42770000,0.43150000,0.42730000,0.42800000,1697009.60000000,1723305599999,729123.47990000,4409,732096.00000000,314482.33293000,0
1723305600000,0.42810000,0.43060000,0.42680000,0.42860000,1137346.20000000,1723309199999,487653.60185000,4521,434613.00000000,186323.87596000,0
1723309200000,0.42860000,0.42880000,0.42570000,0.42690000,1321235.50000000,1723312799999,564321.14215000,3056,585340.00000000,249933.51326000,0
1723312800000,0.42700000,0.42920000,0.42620000,0.42650000,1571707.70000000,1723316399999,671831.05002000,3486,913678.60000000,390627.67024000,0
1723316400000,0.42650000,0.42740000,0.42500000,0.42680000,563436.10000000,1723319999999,240136.10021000,2260,291144.60000000,124127.06254000,0
1723320000000,0.42680000,0.42800000,0.42590000,0.42710000,432107.00000000,1723323599999,184418.13910000,1717,198644.00000000,84794.61288000,0
1723323600000,0.42710000,0.42750000,0.42640000,0.42660000,462400.70000000,1723327199999,197459.26217000,1279,258415.30000000,110347.76330000,0
1723327200000,0.42670000,0.42680000,0.42480000,0.42530000,710117.10000000,1723330799999,302369.78893000,2386,401570.60000000,170997.08907000,0
1723330800000,0.42540000,0.42630000,0.42440000,0.42630000,577122.30000000,1723334399999,245430.06909000,1816,340165.50000000,144671.66756000,0
1723334400000,0.42620000,0.42830000,0.42570000,0.42730000,683013.30000000,1723337999999,291618.21849000,3199,339495.80000000,144979.47007000,0
1723338000000,0.42740000,0.42970000,0.42710000,0.42970000,648462.90000000,1723341599999,277757.21068000,2103,341025.80000000,146091.25046000,0
1723341600000,0.42970000,0.43020000,0.42840000,0.42870000,815808.30000000,1723345199999,350177.66796000,1700,385581.20000000,165435.52458000,0
1723345200000,0.42880000,0.43460000,0.42870000,0.43090000,1909457.90000000,1723348799999,824708.60256000,4209,1082600.70000000,467292.85144000,0
1723348800000,0.43090000,0.43130000,0.42900000,0.42970000,930994.80000000,1723352399999,400567.11950000,2791,433336.80000000,186425.08489000,0
1723352400000,0.42970000,0.43110000,0.42930000,0.43100000,578955.70000000,1723355999999,249069.64838000,1792,346885.20000000,149252.97379000,0
1723356000000,0.43090000,0.43150000,0.42940000,0.43080000,517733.50000000,1723359599999,222957.02955000,2050,221427.60000000,95382.51432000,0
1723359600000,0.43080000,0.43360000,0.43060000,0.43320000,784615.60000000,1723363199999,339209.08119000,2443,363393.80000000,157154.72284000,0
1723363200000,0.43330000,0.43570000,0.43220000,0.43430000,1180415.30000000,1723366799999,512034.76839000,3278,715778.90000000,310484.50358000,0
1723366800000,0.43430000,0.43780000,0.43180000,0.43230000,1849174.20000000,1723370399999,805000.72445000,6415,926938.20000000,403616.79012000,0
1723370400000,0.43240000,0.43340000,0.42980000,0.42990000,1163436.20000000,1723373999999,502104.94273000,3961,514569.20000000,222189.42957000,0
1723374000000,0.43000000,0.43020000,0.42470000,0.42590000,1889812.60000000,1723377599999,807151.29624000,6084,1014729.40000000,433381.26944000,0
1723377600000,0.42580000,0.42670000,0.42170000,0.42340000,1595866.40000000,1723381199999,676296.51292000,5780,766915.30000000,324950.30220000,0
1723381200000,0.42350000,0.42370000,0.41990000,0.42190000,1896273.10000000,1723384799999,799329.15528000,5036,1084013.50000000,456975.32952000,0
1723384800000,0.42190000,0.42350000,0.41720000,0.41870000,1877558.20000000,1723388399999,789880.30274000,6933,995565.50000000,418847.88925000,0
1723388400000,0.41870000,0.42000000,0.41620000,0.41790000,1593691.30000000,1723391999999,665951.60161000,5882,613749.90000000,256493.43152000,0
1723392000000,0.41790000,0.42080000,0.41700000,0.41940000,1295076.80000000,1723395599999,542568.35879000,3426,598150.20000000,250573.21734000,0
1723395600000,0.41940000,0.42040000,0.41770000,0.41870000,1162932.30000000,1723399199999,487681.85256000,2909,514864.00000000,215916.74005000,0
1723399200000,0.41860000,0.41930000,0.41700000,0.41730000,946019.20000000,1723402799999,395357.73566000,2748,477292.10000000,199474.65482000,0
1723402800000,0.41730000,0.41730000,0.41110000,0.41230000,3620830.50000000,1723406399999,1497213.59398000,6355,1658770.70000000,685813.95293000,0
1723406400000,0.41230000,0.41260000,0.40570000,0.40720000,3928392.50000000,1723409999999,1605555.84062000,7310,2211593.40000000,903538.02258000,0
1723410000000,0.40730000,0.40860000,0.40490000,0.40820000,1746494.40000000,1723413599999,710281.40896000,3112,1107886.50000000,450519.72240000,0
1723413600000,0.40810000,0.40930000,0.40240000,0.40510000,2144206.30000000,1723417199999,869095.91499000,4594,1226663.70000000,497394.74722000,0
1723417200000,0.40510000,0.40510000,0.40260000,0.40300000,934381.70000000,1723420799999,377012.72004000,2015,578985.90000000,233629.79369000,0
1723420800000,0.40300000,0.40730000,0.40170000,0.40520000,2259875.50000000,1723424399999,913356.40070000,4166,1036957.30000000,419351.11288000,0
1723424400000,0.40530000,0.40880000,0.40410000,0.40760000,1153116.60000000,1723427999999,468966.12356000,2399,635294.60000000,258391.38344000,0
1723428000000,0.40750000,0.40860000,0.40500000,0.40860000,1028305.50000000,1723431599999,418020.98041000,1875,520059.50000000,211386.25761000,0
1723431600000,0.40850000,0.40950000,0.40680000,0.40850000,646392.50000000,1723435199999,263823.92389000,1623,340444.40000000,138963.67428000,0
1723435200000,0.40840000,0.41100000,0.40800000,0.40930000,1156896.90000000,1723438799999,473812.25536000,1927,561393.40000000,229946.79908000,0
1723438800000,0.40930000,0.41170000,0.40910000,0.41090000,1218530.60000000,1723442399999,500566.25146000,1792,436778.70000000,179347.68879000,0
1723442400000,0.41080000,0.41090000,0.40770000,0.40880000,1412933.00000000,1723445999999,578649.38365000,2384,533169.80000000,218125.31566000,0
1723446000000,0.40870000,0.41490000,0.40460000,0.41380000,2889484.40000000,1723449599999,1185995.91329000,5449,1307521.60000000,536227.27880000,0
1723449600000,0.41390000,0.42150000,0.41390000,0.41480000,2510974.60000000,1723453199999,1049664.10884000,4945,1028574.00000000,429714.08088000,0
1723453200000,0.41480000,0.41980000,0.41480000,0.41930000,1702674.00000000,1723456799999,711222.92993000,3757,875961.40000000,365841.07692000,0
1723456800000,0.41920000,0.42340000,0.41690000,0.42330000,2521179.50000000,1723460399999,1060867.26429000,4811,951960.20000000,400642.32078000,0
1723460400000,0.42330000,0.43000000,0.42260000,0.42900000,3519461.90000000,1723463999999,1502683.34180000,6680,1676651.70000000,716080.26686000,0
1723464000000,0.42910000,0.43080000,0.42650000,0.42760000,1899816.50000000,1723467599999,814168.11168000,4847,920626.80000000,394507.52916000,0
1723467600000,0.42770000,0.42990000,0.41590000,0.41730000,3955673.40000000,1723471199999,1676628.67803000,7915,1813200.80000000,768799.27798000,0
1723471200000,0.41740000,0.43290000,0.41360000,0.42990000,6636660.00000000,1723474799999,2819487.84079000,16471,3481260.50000000,1477723.08861000,0
1723474800000,0.42990000,0.43150000,0.42030000,0.42590000,4936509.70000000,1723478399999,2097952.81336000,9949,2758693.70000000,1172454.56208000,0
1723478400000,0.42590000,0.42710000,0.42260000,0.42390000,2475844.00000000,1723481999999,1051733.46131000,6217,1168097.40000000,496201.43091000,0
1723482000000,0.42390000,0.42610000,0.42290000,0.42300000,1298603.60000000,1723485599999,550830.26251000,2941,447707.80000000,189897.88060000,0
1723485600000,0.42310000,0.42540000,0.41720000,0.41740000,1718696.90000000,1723489199999,724933.69323000,3651,993243.80000000,418765.69181000,0
1723489200000,0.41750000,0.42160000,0.41750000,0.41970000,1374412.00000000,1723492799999,577102.06017000,3141,771506.60000000,323825.72771000,0
1723492800000,0.41970000,0.42260000,0.41840000,0.41910000,1887407.50000000,1723496399999,793572.93272000,3406,964283.10000000,405504.00711000,0
1723496400000,0.41910000,0.41990000,0.41550000,0.41950000,1522942.10000000,1723499999999,636285.96319000,2999,892486.00000000,373084.19084000,0
1723500000000,0.41950000,0.42120000,0.41820000,0.41980000,1453271.70000000,1723503599999,610178.66697000,2512,683976.80000000,287147.27049000,0
1723503600000,0.41970000,0.42760000,0.41960000,0.42630000,2632329.70000000,1723507199999,1117123.87425000,4844,1297919.10000000,550904.22061000,0
1723507200000,0.42630000,0.42640000,0.42280000,0.42390000,1833152.30000000,1723510799999,778474.39564000,4196,814531.90000000,345734.60871000,0
1723510800000,0.42390000,0.42700000,0.42150000,0.42640000,1248458.80000000,1723514399999,529333.31604000,2949,551238.70000000,233685.55271000,0
1723514400000,0.42640000,0.42660000,0.42050000,0.42340000,1283754.20000000,1723517999999,543097.15738000,2956,548273.80000000,231787.78095000,0
1723518000000,0.42340000,0.42350000,0.41730000,0.41810000,3053642.60000000,1723521599999,1284142.49455000,5414,1262997.60000000,531075.59935000,0
1723521600000,0.41810000,0.42010000,0.41580000,0.42000000,595125.10000000,1723525199999,248784.15680000,1968,362407.60000000,151505.99631000,0
1723525200000,0.41990000,0.42120000,0.41880000,0.41910000,795521.10000000,1723528799999,333966.43326000,1565,484680.40000000,203478.49722000,0
1723528800000,0.41910000,0.42030000,0.41760000,0.41970000,939317.90000000,1723532399999,393454.92484000,1969,476627.20000000,199715.77547000,0
1723532400000,0.41970000,0.42030000,0.41730000,0.41730000,1043722.10000000,1723535999999,437328.77457000,1808,578224.50000000,242261.44702000,0
1723536000000,0.41720000,0.41810000,0.41410000,0.41620000,2382970.50000000,1723539599999,990096.46334000,3405,1559151.60000000,647792.48061000,0
1723539600000,0.41630000,0.41670000,0.41280000,0.41460000,2520913.10000000,1723543199999,1046503.82528000,3556,1605994.20000000,666778.36234000,0
1723543200000,0.41460000,0.41480000,0.41110000,0.41290000,2152687.50000000,1723546799999,888280.57841000,3134,1035803.90000000,427439.37308000,0
1723546800000,0.41300000,0.41410000,0.41230000,0.41410000,1182005.00000000,1723550399999,488424.29898000,1588,784053.40000000,323981.53599000,0
1723550400000,0.41410000,0.41690000,0.41280000,0.41640000,2650697.00000000,1723553999999,1099521.10688000,4855,1540546.20000000,639034.49664000,0
1723554000000,0.41640000,0.41870000,0.41440000,0.41800000,1471863.90000000,1723557599999,612586.02389000,4892,719367.00000000,299492.74288000,0
1723557600000,0.41790000,0.41880000,0.41330000,0.41750000,1996153.70000000,1723561199999,830371.52503000,6075,1093067.90000000,454790.06811000,0
1723561200000,0.41770000,0.41830000,0.41450000,0.41570000,1395078.90000000,1723564799999,580689.11391000,3559,502430.50000000,209103.47601000,0
1723564800000,0.41570000,0.42470000,0.41510000,0.42450000,2906017.80000000,1723568399999,1219480.57639000,6854,1517770.40000000,636881.91244000,0
1723568400000,0.42450000,0.42630000,0.42340000,0.42540000,2995879.20000000,1723571999999,1273112.72646000,6456,1379437.30000000,586217.72377000,0
1723572000000,0.42530000,0.42540000,0.42290000,0.42360000,2577002.70000000,1723575599999,1093386.64668000,4401,1007797.30000000,427648.59249000,0
1723575600000,0.42350000,0.42440000,0.41880000,0.42420000,2579430.80000000,1723579199999,1089008.97506000,5293,1285521.90000000,542755.81973000,0
1723579200000,0.42420000,0.42450000,0.42080000,0.42180000,838832.90000000,1723582799999,354437.82777000,2150,379233.90000000,160231.79064000,0
1723582800000,0.42170000,0.42560000,0.42170000,0.42540000,1086650.20000000,1723586399999,460872.87613000,1907,413422.70000000,175437.11526000,0
1723586400000,0.42550000,0.42580000,0.42250000,0.42280000,1232750.20000000,1723589999999,522694.55143000,2779,517787.90000000,219441.36714000,0
1723590000000,0.42280000,0.42310000,0.42120000,0.42210000,772233.90000000,1723593599999,326038.64696000,1938,370190.40000000,156270.57716000,0
1723593600000,0.42200000,0.42270000,0.42030000,0.42230000,876889.00000000,1723597199999,369528.69931000,3298,367792.30000000,155005.47279000,0
1723597200000,0.42230000,0.42270000,0.41830000,0.41890000,1038575.60000000,1723600799999,435974.69314000,3765,471139.10000000,197822.06392000,0
1723600800000,0.41890000,0.42220000,0.41830000,0.42170000,874412.20000000,1723604399999,367431.27705000,2575,495523.50000000,208136.73781000,0
1723604400000,0.42180000,0.42360000,0.42070000,0.42180000,877059.40000000,1723607999999,370343.56156000,2140,444985.60000000,187857.68108000,0
1723608000000,0.42170000,0.42290000,0.42080000,0.42090000,646156.90000000,1723611599999,272488.81025000,1657,314875.40000000,132767.18395000,0
1723611600000,0.42080000,0.42230000,0.41940000,0.42040000,1274390.20000000,1723615199999,535919.30576000,2704,805691.40000000,338834.70448000,0
1723615200000,0.42040000,0.42270000,0.41860000,0.42120000,976678.20000000,1723618799999,410668.85645000,2569,605945.60000000,254870.20398000,0
1723618800000,0.42110000,0.42210000,0.42080000,0.42150000,772188.20000000,1723622399999,325377.41435000,1613,324358.60000000,136685.10809000,0
1723622400000,0.42150000,0.42150000,0.41920000,0.42040000,1042265.30000000,1723625999999,438296.33393000,3041,446121.30000000,187651.57975000,0
1723626000000,0.42030000,0.42090000,0.41830000,0.41860000,1339405.80000000,1723629599999,562056.93291000,2806,607350.10000000,254922.78102000,0
1723629600000,0.41850000,0.42300000,0.41750000,0.41750000,3293416.20000000,1723633199999,1383018.63037000,5124,1618628.40000000,679994.79067000,0
1723633200000,0.41750000,0.42090000,0.41640000,0.42030000,2165851.30000000,1723636799999,906507.64952000,5016,1309700.20000000,548052.92158000,0
1723636800000,0.42030000,0.42540000,0.41900000,0.42040000,4722095.00000000,1723640399999,1992850.61860000,9910,2263418.90000000,954957.69384000,0
1723640400000,0.42030000,0.42180000,0.41070000,0.41150000,5261599.40000000,1723643999999,2186001.12574000,12132,2666855.50000000,1107414.01505000,0
1723644000000,0.41160000,0.41340000,0.40710000,0.41290000,3551985.50000000,1723647599999,1458204.11105000,10812,1796445.30000000,737470.51580000,0
1723647600000,0.41280000,0.41700000,0.41110000,0.41540000,2414024.30000000,1723651199999,1000209.30234000,6384,1171891.60000000,485762.20619000,0
1723651200000,0.41540000,0.41540000,0.41070000,0.41260000,2274762.90000000,1723654799999,939460.86793000,6006,1086961.00000000,449043.11891000,0
1723654800000,0.41260000,0.41440000,0.41210000,0.41380000,655931.60000000,1723658399999,271019.07890000,2698,297444.00000000,122913.24529000,0
1723658400000,0.41380000,0.42150000,0.41360000,0.41830000,5312803.40000000,1723661999999,2222529.74881000,8037,2500275.10000000,1044466.45990000,0
1723662000000,0.41830000,0.41930000,0.41650000,0.41800000,1366114.40000000,1723665599999,570522.98697000,3064,580705.70000000,242486.99734000,0
1723665600000,0.41790000,0.42070000,0.41760000,0.41880000,1347294.10000000,1723669199999,564554.19651000,2576,863686.90000000,361812.69426000,0
1723669200000,0.41890000,0.42000000,0.41840000,0.41900000,579158.00000000,1723672799999,242861.19167000,1275,314797.20000000,131999.61213000,0
1723672800000,0.41910000,0.42220000,0.41560000,0.42190000,1908405.50000000,1723676399999,800187.11523000,5374,1098751.50000000,460722.89452000,0
1723676400000,0.42190000,0.42420000,0.42100000,0.42380000,1651837.00000000,1723679999999,698731.26649000,4089,866402.00000000,366423.54245000,0
1723680000000,0.42380000,0.43000000,0.42350000,0.42970000,3652729.20000000,1723683599999,1561617.29504000,7624,1524335.00000000,650560.39523000,0
1723683600000,0.42960000,0.43200000,0.42300000,0.42420000,3971999.90000000,1723687199999,1702178.18496000,7717,1583366.10000000,678587.08049000,0
1723687200000,0.42420000,0.42700000,0.42300000,0.42520000,2705850.40000000,1723690799999,1150012.77056000,5250,1389486.40000000,590400.29038000,0
1723690800000,0.42530000,0.42730000,0.42480000,0.42480000,1199315.40000000,1723694399999,511096.86977000,2143,522326.30000000,222565.67822000,0
1723694400000,0.42490000,0.42590000,0.42320000,0.42460000,1530914.00000000,1723697999999,650212.25038000,2921,699272.80000000,296986.45000000,0
1723698000000,0.42460000,0.42530000,0.42190000,0.42250000,1023039.80000000,1723701599999,433383.22944000,3073,487829.10000000,206731.26126000,0
1723701600000,0.42250000,0.42550000,0.42070000,0.42280000,3197917.00000000,1723705199999,1352987.25830000,6703,1367186.80000000,578657.89035000,0
1723705200000,0.42270000,0.42270000,0.41300000,0.41500000,6793558.70000000,1723708799999,2832671.97191000,10993,2939260.30000000,1223227.87700000,0
1723708800000,0.41500000,0.41640000,0.41270000,0.41590000,2324714.00000000,1723712399999,963938.39571000,5080,1338899.40000000,555189.55446000,0
1723712400000,0.41580000,0.41680000,0.41390000,0.41440000,1326538.10000000,1723715999999,550880.54952000,3675,741425.00000000,307938.23073000,0
1723716000000,0.41430000,0.41430000,0.41180000,0.41230000,1161556.20000000,1723719599999,479933.43449000,2446,643163.90000000,265748.11763000,0
1723719600000,0.41230000,0.41720000,0.41200000,0.41720000,1536354.70000000,1723723199999,637700.90547000,3459,885722.60000000,367606.92968000,0
1723723200000,0.41710000,0.42230000,0.41530000,0.41780000,3629257.80000000,1723726799999,1520087.33200000,7483,1801841.20000000,754578.65386000,0
1723726800000,0.41780000,0.42010000,0.41580000,0.41880000,2334450.60000000,1723730399999,975951.05109000,5934,1222230.80000000,511051.39743000,0
1723730400000,0.41890000,0.42100000,0.41650000,0.41740000,4088379.60000000,1723733999999,1711083.28285000,7305,2113232.80000000,884293.21478000,0
1723734000000,0.41740000,0.41990000,0.41590000,0.41800000,2696336.40000000,1723737599999,1126384.86043000,5486,1261028.70000000,526876.97227000,0
1723737600000,0.41790000,0.41930000,0.41420000,0.41530000,2319828.20000000,1723741199999,966113.71202000,4503,1147860.80000000,477773.20033000,0
1723741200000,0.41520000,0.41530000,0.40760000,0.40810000,3542648.70000000,1723744799999,1459075.53149000,6636,1653150.10000000,680984.29874000,0
1723744800000,0.40800000,0.40800000,0.39880000,0.40100000,7498436.70000000,1723748399999,3011554.35760000,22554,3333817.20000000,1339526.22276000,0
1723748400000,0.40100000,0.40130000,0.39670000,0.40000000,5694262.60000000,1723751999999,2272349.84108000,13822,2839345.50000000,1133361.75882000,0
1723752000000,0.39990000,0.40050000,0.39640000,0.39950000,3063470.00000000,1723755599999,1220168.43559000,5605,1536422.20000000,612274.62192000,0
1723755600000,0.39950000,0.39970000,0.39730000,0.39940000,3622343.60000000,1723759199999,1443862.97431000,4801,2083794.30000000,830429.63882000,0
1723759200000,0.39930000,0.40210000,0.39680000,0.40090000,1998491.40000000,1723762799999,797759.58279000,4487,1028911.00000000,410535.17176000,0
1723762800000,0.40080000,0.40280000,0.40030000,0.40120000,1852644.20000000,1723766399999,743856.15926000,3346,838151.50000000,336598.48341000,0
1723766400000,0.40110000,0.40180000,0.39990000,0.40010000,1562902.00000000,1723769999999,626543.72614000,3165,547972.60000000,219696.21414000,0
1723770000000,0.40010000,0.40130000,0.39780000,0.39950000,1255468.30000000,1723773599999,500996.39295000,3162,639415.70000000,255101.82509000,0
1723773600000,0.39960000,0.40540000,0.39790000,0.40170000,2680415.50000000,1723777199999,1077756.55908000,5909,1501143.60000000,603315.07630000,0
1723777200000,0.40170000,0.40190000,0.39880000,0.39920000,1367787.30000000,1723780799999,547561.87529000,3401,649153.10000000,259870.80600000,0
1723780800000,0.39910000,0.40220000,0.39860000,0.40210000,1427060.70000000,1723784399999,571076.48685000,2884,784733.90000000,314065.14363000,0
1723784400000,0.40210000,0.40290000,0.40120000,0.40130000,1352106.40000000,1723787999999,543269.58253000,3065,613315.30000000,246469.02083000,0
1723788000000,0.40130000,0.40540000,0.40040000,0.40510000,2129086.50000000,1723791599999,857586.40844000,3447,1112278.60000000,448317.90519000,0
1723791600000,0.40510000,0.40530000,0.40240000,0.40340000,1521315.00000000,1723795199999,614351.73930000,3418,597044.20000000,241115.85815000,0
1723795200000,0.40340000,0.40410000,0.40240000,0.40320000,983288.20000000,1723798799999,396563.26791000,2781,583661.50000000,235411.23488000,0
1723798800000,0.40320000,0.40530000,0.40240000,0.40530000,719094.20000000,1723802399999,290286.26350000,2523,475219.80000000,191869.67406000,0
1723802400000,0.40530000,0.40630000,0.40330000,0.40500000,1155814.70000000,1723805999999,468053.13776000,2560,462675.40000000,187405.90356000,0
1723806000000,0.40490000,0.40570000,0.40190000,0.40240000,1038707.70000000,1723809599999,419224.56309000,3246,383204.40000000,154627.87336000,0
1723809600000,0.40240000,0.40350000,0.39210000,0.39490000,5082878.40000000,1723813199999,2012926.50321000,11407,2990122.80000000,1183895.35609000,0
1723813200000,0.39490000,0.40410000,0.39430000,0.39930000,3855675.50000000,1723816799999,1541473.37387000,11879,1855534.70000000,741723.53892000,0
1723816800000,0.39920000,0.40010000,0.39500000,0.39700000,2170839.00000000,1723820399999,862977.36108000,10046,1134266.90000000,450903.04880000,0
1723820400000,0.39700000,0.39970000,0.39280000,0.39560000,2455094.10000000,1723823999999,972578.58576000,9098,1209624.10000000,478844.25873000,0
1723824000000,0.39560000,0.40250000,0.39530000,0.40060000,2561885.40000000,1723827599999,1023385.45652000,8949,1188029.70000000,474580.44742000,0
1723827600000,0.40060000,0.40570000,0.39660000,0.40450000,2665565.40000000,1723831199999,1069564.08107000,10024,1416987.80000000,568492.12603000,0
1723831200000,0.40450000,0.40660000,0.40230000,0.40340000,3015939.90000000,1723834799999,1218839.92024000,9934,1627113.20000000,657638.68035000,0
1723834800000,0.40340000,0.40550000,0.40290000,0.40480000,1472186.80000000,1723838399999,595177.18302000,5577,823805.40000000,333028.82406000,0
1723838400000,0.40490000,0.40780000,0.40480000,0.40540000,1180084.10000000,1723841999999,479428.40277000,3632,443670.40000000,180265.77310000,0
1723842000000,0.40530000,0.40620000,0.40380000,0.40470000,1067381.70000000,1723845599999,432336.83238000,2075,409042.90000000,165664.61513000,0
1723845600000,0.40470000,0.40640000,0.40460000,0.40500000,1494036.30000000,1723849199999,605877.58056000,2162,843412.30000000,342006.52662000,0
1723849200000,0.40500000,0.40530000,0.40320000,0.40400000,1025573.00000000,1723852799999,414332.55457000,1908,381455.90000000,154101.41472000,0
1723852800000,0.40410000,0.40460000,0.40250000,0.40420000,864025.40000000,1723856399999,348610.59181000,2138,367173.40000000,148182.51311000,0
1723856400000,0.40410000,0.40500000,0.40350000,0.40370000,540660.40000000,1723859999999,218555.60807000,1815,237983.50000000,96220.01221000,0
1723860000000,0.40360000,0.40470000,0.40310000,0.40370000,499056.50000000,1723863599999,201504.66618000,1524,237601.00000000,95939.98692000,0
1723863600000,0.40380000,0.40380000,0.40130000,0.40270000,506900.90000000,1723867199999,203976.68313000,1633,247557.40000000,99636.11918000,0
1723867200000,0.40270000,0.40390000,0.40210000,0.40380000,332082.20000000,1723870799999,133798.92982000,1267,174535.50000000,70344.54714000,0
1723870800000,0.40370000,0.40400000,0.40280000,0.40370000,239499.90000000,1723874399999,96615.05674000,883,99845.30000000,40273.34812000,0
1723874400000,0.40370000,0.40430000,0.40310000,0.40340000,268757.90000000,1723877999999,108498.39816000,1005,92755.80000000,37439.68636000,0
1723878000000,0.40330000,0.40380000,0.40220000,0.40360000,389491.30000000,1723881599999,157019.14146000,1382,235847.50000000,95089.13176000,0
1723881600000,0.40350000,0.40660000,0.40260000,0.40620000,1888724.80000000,1723885199999,764669.32050000,2449,1403663.20000000,568297.83074000,0
1723885200000,0.40630000,0.40650000,0.40500000,0.40610000,711412.70000000,1723888799999,288703.35683000,1666,421144.40000000,170908.01725000,0
1723888800000,0.40610000,0.40650000,0.40410000,0.40440000,804569.00000000,1723892399999,326172.58321000,1943,368716.10000000,149471.53250000,0
1723892400000,0.40430000,0.40550000,0.40350000,0.40430000,935180.90000000,1723895999999,378220.63663000,2190,413754.20000000,167353.84929000,0
1723896000000,0.40430000,0.40570000,0.40360000,0.40560000,583005.50000000,1723899599999,235948.74514000,2016,367772.80000000,148809.13607000,0
1723899600000,0.40570000,0.40720000,0.40460000,0.40560000,1071132.70000000,1723903199999,434979.57738000,3239,493683.00000000,200545.19013000,0
1723903200000,0.40560000,0.40670000,0.40470000,0.40630000,675810.50000000,1723906799999,274233.85803000,2257,332365.50000000,134871.22348000,0
1723906800000,0.40640000,0.40830000,0.40570000,0.40650000,1095050.50000000,1723910399999,445755.30025000,3267,452415.60000000,184166.93138000,0
1723910400000,0.40650000,0.40900000,0.40630000,0.40850000,1007675.00000000,1723913999999,410930.27072000,3007,429687.20000000,175229.74625000,0
1723914000000,0.40850000,0.41020000,0.40800000,0.40820000,1169873.00000000,1723917599999,478926.01753000,3104,533923.00000000,218599.23178000,0
1723917600000,0.40810000,0.40840000,0.40710000,0.40820000,542830.60000000,1723921199999,221370.94166000,1984,214615.50000000,87526.77348000,0
1723921200000,0.40830000,0.40890000,0.40710000,0.40790000,1014835.90000000,1723924799999,414191.83255000,1802,697127.20000000,284510.21015000,0
1723924800000,0.40780000,0.40850000,0.40710000,0.40780000,407963.00000000,1723928399999,166355.31410000,1180,220094.60000000,89743.95918000,0
1723928400000,0.40780000,0.40880000,0.40680000,0.40810000,763770.30000000,1723931999999,311312.58114000,1452,291499.50000000,118833.05481000,0
1723932000000,0.40810000,0.40970000,0.40800000,0.40870000,574014.70000000,1723935599999,234708.10504000,1791,202621.20000000,82838.41433000,0
1723935600000,0.40870000,0.41050000,0.40850000,0.41050000,675592.20000000,1723939199999,276751.94234000,1765,263804.90000000,108065.26298000,0
1723939200000,0.41040000,0.41150000,0.40930000,0.41060000,822085.10000000,1723942799999,337478.85918000,2200,375697.20000000,154249.25931000,0
1723942800000,0.41060000,0.41110000,0.40740000,0.40780000,888251.80000000,1723946399999,363222.70175000,2310,249306.10000000,101926.40245000,0
1723946400000,0.40780000,0.41230000,0.40710000,0.41190000,1718760.00000000,1723949999999,704801.97165000,3067,863515.90000000,354012.34029000,0
1723950000000,0.41200000,0.41290000,0.40850000,0.40850000,1330509.60000000,1723953599999,545976.93957000,2998,466677.10000000,191584.86840000,0
1723953600000,0.40850000,0.40910000,0.40720000,0.40810000,637018.70000000,1723957199999,260029.88861000,1948,247764.00000000,101143.67422000,0
1723957200000,0.40810000,0.40930000,0.40750000,0.40800000,291341.10000000,1723960799999,118981.69569000,1333,141112.80000000,57625.74046000,0
1723960800000,0.40810000,0.40930000,0.40760000,0.40870000,350135.90000000,1723964399999,143042.35789000,1118,179891.00000000,73488.96299000,0
1723964400000,0.40870000,0.40920000,0.40780000,0.40790000,514176.60000000,1723967999999,209980.37625000,1294,173626.70000000,70931.47218000,0
1723968000000,0.40790000,0.40930000,0.40760000,0.40920000,434511.90000000,1723971599999,177445.11399000,1195,218618.50000000,89286.99673000,0
1723971600000,0.40920000,0.41230000,0.40820000,0.41130000,1179008.90000000,1723975199999,484032.87304000,3005,674077.30000000,276726.01412000,0
1723975200000,0.41130000,0.41430000,0.41110000,0.41270000,2417792.10000000,1723978799999,998171.20016000,4717,1098952.10000000,453532.86320000,0
1723978800000,0.41280000,0.41380000,0.41110000,0.41230000,1482219.90000000,1723982399999,611454.74732000,3547,803484.90000000,331473.86123000,0
1723982400000,0.41230000,0.41640000,0.41190000,0.41490000,2008900.50000000,1723985999999,833009.96689000,4637,1166790.10000000,483756.56505000,0
1723986000000,0.41490000,0.41750000,0.41440000,0.41490000,1359389.90000000,1723989599999,566094.98830000,3383,490431.20000000,204248.85597000,0
1723989600000,0.41500000,0.41620000,0.41400000,0.41500000,1538883.70000000,1723993199999,638697.46240000,3655,816842.50000000,338926.98721000,0
1723993200000,0.41500000,0.41740000,0.41460000,0.41680000,992111.50000000,1723996799999,412801.25973000,2875,484773.50000000,201720.85152000,0
1723996800000,0.41680000,0.41840000,0.41610000,0.41690000,926251.90000000,1724000399999,386595.95300000,3288,335012.50000000,139825.87648000,0
1724000400000,0.41680000,0.41790000,0.41350000,0.41450000,1363033.70000000,1724003999999,566357.79637000,3635,619979.60000000,257820.30952000,0
1724004000000,0.41450000,0.41650000,0.41450000,0.41580000,553777.20000000,1724007599999,230138.87438000,1961,222266.00000000,92372.35993000,0
1724007600000,0.41580000,0.41820000,0.41580000,0.41820000,878784.10000000,1724011199999,366619.03367000,2020,426761.60000000,178048.15150000,0
1724011200000,0.41820000,0.41910000,0.41710000,0.41870000,1024400.70000000,1724014799999,428635.80028000,2052,616086.90000000,257808.02386000,0
1724014800000,0.41860000,0.41900000,0.41500000,0.41590000,1232662.60000000,1724018399999,514371.94081000,2412,447507.50000000,186777.72572000,0
1724018400000,0.41590000,0.41780000,0.41590000,0.41670000,848800.60000000,1724021999999,353903.23121000,2822,434006.60000000,180938.72788000,0
1724022000000,0.41700000,0.41740000,0.41110000,0.41160000,1815761.20000000,1724025599999,752037.67657000,4983,773410.20000000,320012.42155000,0
1724025600000,0.41170000,0.41270000,0.40930000,0.41000000,1887647.00000000,1724029199999,775587.04154000,6499,951083.70000000,390844.49123000,0
1724029200000,0.40990000,0.41760000,0.40950000,0.41550000,2676231.50000000,1724032799999,1106481.59403000,5988,1452699.40000000,600458.28867000,0
1724032800000,0.41540000,0.41740000,0.41410000,0.41580000,1633060.90000000,1724036399999,678957.82234000,4129,806017.10000000,335143.09784000,0
1724036400000,0.41590000,0.41630000,0.41430000,0.41540000,781530.40000000,1724039999999,324550.77789000,2990,398833.40000000,165639.41828000,0
1724040000000,0.41540000,0.41620000,0.41450000,0.41610000,775755.80000000,1724043599999,322268.93134000,2420,414630.50000000,172262.60846000,0
1724043600000,0.41620000,0.41650000,0.41300000,0.41370000,1020966.30000000,1724047199999,423450.62878000,2723,361093.90000000,149768.56883000,0
1724047200000,0.41370000,0.41980000,0.41310000,0.41920000,3526227.80000000,1724050799999,1473434.31359000,5495,2105733.50000000,880033.30137000,0
1724050800000,0.41930000,0.42120000,0.41690000,0.41720000,2855811.40000000,1724054399999,1197305.81419000,5455,1573806.20000000,659973.38315000,0
1724054400000,0.41720000,0.42140000,0.41700000,0.42010000,1907752.80000000,1724057999999,800905.82608000,4181,817217.70000000,342993.90345000,0
1724058000000,0.42010000,0.42250000,0.41710000,0.41750000,2589544.30000000,1724061599999,1087980.83801000,6480,885476.30000000,371906.10913000,0
1724061600000,0.41740000,0.42180000,0.41530000,0.41830000,3515303.50000000,1724065199999,1472148.64875000,8152,1415933.00000000,592955.84497000,0
1724065200000,0.41840000,0.42040000,0.41560000,0.41770000,2596871.60000000,1724068799999,1084605.57114000,5631,1176453.10000000,491139.26532000,0
1724068800000,0.41770000,0.42150000,0.41730000,0.41800000,3447811.60000000,1724072399999,1446383.70633000,7005,1398768.00000000,586874.39747000,0
1724072400000,0.41800000,0.42100000,0.41640000,0.41730000,2687428.70000000,1724075999999,1126432.31903000,7400,1131252.30000000,474095.57117000,0
1724076000000,0.41740000,0.42230000,0.41610000,0.42180000,4069044.70000000,1724079599999,1703097.93989000,9391,1374262.80000000,575514.65829000,0
1724079600000,0.42180000,0.42660000,0.42110000,0.42340000,5565954.30000000,1724083199999,2359748.37244000,9369,3257584.70000000,1381453.31963000,0
1724083200000,0.42350000,0.42520000,0.41980000,0.42150000,2730488.10000000,1724086799999,1154152.41000000,7226,1274513.70000000,538767.09317000,0
1724086800000,0.42160000,0.42910000,0.42140000,0.42540000,3865891.90000000,1724090399999,1647429.26142000,10548,2173621.50000000,925982.18009000,0
1724090400000,0.42550000,0.42940000,0.42420000,0.42840000,4539990.60000000,1724093999999,1939218.53773000,8355,2249923.90000000,960442.84451000,0
1724094000000,0.42850000,0.42980000,0.42700000,0.42910000,2045162.50000000,1724097599999,875786.65493000,4266,738703.30000000,316338.23827000,0
1724097600000,0.42910000,0.42990000,0.42760000,0.42790000,1180973.10000000,1724101199999,506650.85233000,3294,595465.40000000,255444.02851000,0
1724101200000,0.42780000,0.42930000,0.42700000,0.42760000,1170550.80000000,1724104799999,501246.79599000,2364,504196.30000000,215918.14133000,0
1724104800000,0.42760000,0.43000000,0.42750000,0.42910000,1193916.60000000,1724108399999,512216.92561000,2828,633825.80000000,271861.28503000,0
1724108400000,0.42920000,0.43050000,0.42830000,0.43010000,1273132.70000000,1724111999999,546802.11404000,3399,780254.30000000,335173.07907000,0
1724112000000,0.43000000,0.43650000,0.42870000,0.43320000,2974519.10000000,1724115599999,1288158.86365000,8904,1461493.70000000,632998.25396000,0
1724115600000,0.43310000,0.43580000,0.43310000,0.43530000,1357756.80000000,1724119199999,590023.16777000,5216,784799.90000000,341108.91024000,0
1724119200000,0.43530000,0.43710000,0.43390000,0.43710000,1074842.20000000,1724122799999,467966.56020000,3227,569773.80000000,248166.57964000,0
1724122800000,0.43710000,0.44310000,0.43560000,0.44220000,3101848.00000000,1724126399999,1362360.65633000,6907,1349009.90000000,592381.99581000,0
1724126400000,0.44230000,0.44500000,0.44070000,0.44430000,2803723.90000000,1724129999999,1241306.16269000,7328,1262631.30000000,558875.59350000,0
1724130000000,0.44440000,0.44550000,0.44310000,0.44380000,2214415.50000000,1724133599999,983872.08260000,5918,967181.10000000,429737.36132000,0
1724133600000,0.44390000,0.44390000,0.44130000,0.44140000,1311436.50000000,1724137199999,580201.77524000,2694,564982.10000000,249892.72152000,0
1724137200000,0.44150000,0.44320000,0.44000000,0.44300000,1725921.70000000,1724140799999,761755.52650000,3752,933198.20000000,411849.88929000,0
1724140800000,0.44300000,0.44340000,0.44030000,0.44140000,2062811.30000000,1724144399999,910964.08654000,4366,995255.50000000,439430.04829000,0
1724144400000,0.44140000,0.44260000,0.43940000,0.44070000,1895181.50000000,1724147999999,835790.75007000,3543,1108826.90000000,488903.59894000,0
1724148000000,0.44060000,0.44060000,0.43800000,0.43830000,1483289.90000000,1724151599999,651012.26655000,3546,600969.10000000,263766.77141000,0
1724151600000,0.43840000,0.43960000,0.43750000,0.43880000,1397962.80000000,1724155199999,612854.92839000,3049,716023.60000000,313973.93673000,0
1724155200000,0.43880000,0.45000000,0.43850000,0.44790000,5928531.30000000,1724158799999,2634043.64743000,9557,3532220.60000000,1567598.74300000,0
1724158800000,0.44790000,0.45240000,0.44680000,0.45170000,4614382.90000000,1724162399999,2072087.70821000,12258,2399988.90000000,1078052.16564000,0
1724162400000,0.45170000,0.45430000,0.44280000,0.44420000,7418212.20000000,1724165999999,3322806.36783000,21501,3303085.80000000,1480011.97063000,0
1724166000000,0.44430000,0.44600000,0.44010000,0.44390000,3701778.90000000,1724169599999,1641455.99981000,14995,1662622.20000000,737151.98976000,0
1724169600000,0.44380000,0.44890000,0.44320000,0.44800000,3537381.40000000,1724173199999,1576607.78013000,8527,1893545.50000000,843912.62382000,0
1724173200000,0.44810000,0.45510000,0.44810000,0.45430000,3287662.30000000,1724176799999,1485732.82342000,9262,1711403.10000000,773207.11865000,0
1724176800000,0.45440000,0.45480000,0.44810000,0.45170000,4932632.20000000,1724180399999,2225018.72369000,9486,1915599.50000000,862674.55694000,0
1724180400000,0.45170000,0.45660000,0.45090000,0.45530000,1807511.10000000,1724183999999,821195.99906000,5280,841575.10000000,382334.16640000,0
1724184000000,0.45540000,0.46020000,0.45510000,0.45550000,2122945.30000000,1724187599999,972143.58471000,6881,925208.10000000,423696.90073000,0
1724187600000,0.45550000,0.45870000,0.45360000,0.45690000,1584642.30000000,1724191199999,723746.91605000,5291,656340.30000000,299754.81186000,0
1724191200000,0.45680000,0.46440000,0.45670000,0.46330000,3394049.80000000,1724194799999,1565651.71204000,8675,1986206.00000000,916490.53759000,0
1724194800000,0.46330000,0.46690000,0.46100000,0.46150000,3882531.60000000,1724198399999,1803096.32255000,9246,1937301.20000000,900295.65881000,0
1724198400000,0.46140000,0.46440000,0.46130000,0.46230000,2046322.40000000,1724201999999,947388.61988000,8040,1027313.70000000,475720.33383000,0
1724202000000,0.46230000,0.46250000,0.45650000,0.45720000,3734283.70000000,1724205599999,1712960.44769000,10414,1438551.70000000,660057.40091000,0
1724205600000,0.45730000,0.45900000,0.45630000,0.45660000,1771641.90000000,1724209199999,810710.90128000,5560,761636.90000000,348520.69983000,0
1724209200000,0.45680000,0.46630000,0.45620000,0.46480000,6905688.00000000,1724212799999,3187950.51566000,11325,4120034.60000000,1900851.97336000,0
1724212800000,0.46480000,0.46930000,0.46420000,0.46900000,3516520.70000000,1724216399999,1641067.70701000,7382,1877769.30000000,876300.12631000,0
1724216400000,0.46910000,0.46910000,0.46590000,0.46710000,2335515.00000000,1724219999999,1091510.90220000,5293,912056.10000000,426293.71473000,0
1724220000000,0.46710000,0.47000000,0.46700000,0.46920000,2149783.10000000,1724223599999,1007932.45021000,5242,1350757.60000000,633354.63306000,0
1724223600000,0.46910000,0.47500000,0.46870000,0.47480000,3461790.40000000,1724227199999,1635907.90273000,8915,1707464.30000000,806671.28552000,0
1724227200000,0.47470000,0.47660000,0.46990000,0.47010000,2926951.40000000,1724230799999,1383952.04668000,8240,1391007.80000000,658228.37690000,0
1724230800000,0.47010000,0.47730000,0.46900000,0.47430000,12339138.90000000,1724234399999,5829750.07429000,18205,6512967.30000000,3076083.64428000,0
1724234400000,0.47420000,0.47770000,0.47000000,0.47570000,4394707.10000000,1724237999999,2080570.72333000,9098,1994965.10000000,944489.79155000,0
1724238000000,0.47570000,0.48420000,0.47570000,0.47850000,6056132.70000000,1724241599999,2904301.02278000,17568,3106238.20000000,1489297.41525000,0
1724241600000,0.47850000,0.48230000,0.47600000,0.48160000,3323679.80000000,1724245199999,1593212.93877000,12629,1780497.80000000,853747.91422000,0
1724245200000,0.48160000,0.48380000,0.47240000,0.47810000,8631713.10000000,1724248799999,4118814.26078000,24225,3960050.30000000,1889308.81909000,0
1724248800000,0.47810000,0.48340000,0.47420000,0.47630000,6828273.20000000,1724252399999,3271710.61099000,22210,3539800.60000000,1696119.29374000,0
1724252400000,0.47610000,0.48750000,0.47550000,0.48550000,4932804.50000000,1724255999999,2382735.33390000,14461,2509420.10000000,1211685.85033000,0
1724256000000,0.48550000,0.50160000,0.48250000,0.50140000,15912296.70000000,1724259599999,7828310.65544000,42439,8337159.80000000,4104925.40196000,0
1724259600000,0.50140000,0.52760000,0.49760000,0.52480000,22740873.00000000,1724263199999,11764451.18363000,84238,12084927.50000000,6251847.96801000,0
1724263200000,0.52480000,0.53000000,0.51350000,0.51670000,11492841.70000000,1724266799999,5984008.43144000,41462,5355376.50000000,2791488.31053000,0
1724266800000,0.51680000,0.52370000,0.51620000,0.51860000,6382935.00000000,1724270399999,3314822.80741000,26136,3321263.30000000,1725075.92403000,0
1724270400000,0.51880000,0.52300000,0.51460000,0.52060000,6772689.80000000,1724273999999,3507137.23664000,24884,3385846.80000000,1753786.56201000,0
1724274000000,0.52070000,0.52820000,0.51930000,0.52430000,5210417.40000000,1724277599999,2725204.93172000,24991,2742024.00000000,1434391.93663000,0
1724277600000,0.52430000,0.52480000,0.51780000,0.52310000,5345438.30000000,1724281199999,2787736.67395000,18367,2242823.40000000,1170028.61605000,0
1724281200000,0.52320000,0.52900000,0.52210000,0.52510000,8176294.30000000,1724284799999,4301735.37358000,22209,4552316.10000000,2394635.94133000,0
1724284800000,0.52500000,0.53300000,0.52260000,0.52650000,9882684.40000000,1724288399999,5210643.76962000,41713,4882035.50000000,2574327.15486000,0
1724288400000,0.52640000,0.53760000,0.52550000,0.53470000,9277874.00000000,1724291999999,4940472.69048000,40309,5263514.20000000,2802337.14723000,0
1724292000000,0.53460000,0.53570000,0.52720000,0.53160000,6884416.30000000,1724295599999,3656952.16845000,20206,3502887.20000000,1860596.09044000,0
1724295600000,0.53160000,0.53990000,0.52910000,0.53930000,7229999.10000000,1724299199999,3875178.99271000,18236,4000265.20000000,2144687.67048000,0
1724299200000,0.53930000,0.53960000,0.53190000,0.53340000,4583760.70000000,1724302799999,2449993.50023000,13203,2375639.50000000,1269609.60322000,0
1724302800000,0.53330000,0.53440000,0.52640000,0.52730000,5045262.50000000,1724306399999,2675160.01813000,13595,2302585.90000000,1221183.19115000,0
1724306400000,0.52730000,0.53910000,0.52690000,0.53420000,9460583.80000000,1724309999999,5044221.99648000,23754,4944538.90000000,2635862.05986000,0
1724310000000,0.53410000,0.53460000,0.52440000,0.52980000,11259541.10000000,1724313599999,5947713.77148000,25705,5447292.70000000,2875952.23069000,0
1724313600000,0.52990000,0.53250000,0.52140000,0.52180000,7492735.30000000,1724317199999,3941245.57322000,23680,3759096.80000000,1977512.21857000,0
1724317200000,0.52180000,0.52350000,0.51540000,0.52210000,8923306.80000000,1724320799999,4633027.94133000,27970,4149049.40000000,2153761.60126000,0
1724320800000,0.52220000,0.52360000,0.51820000,0.51930000,5362434.80000000,1724324399999,2790596.34896000,21255,2501929.30000000,1302213.52051000,0
1724324400000,0.51930000,0.51970000,0.51650000,0.51670000,4830532.10000000,1724327999999,2502603.56600000,16764,2200065.50000000,1139992.81318000,0
1724328000000,0.51660000,0.52240000,0.51660000,0.52090000,5478437.40000000,1724331599999,2846277.82386000,20636,2658292.50000000,1381117.89198000,0
1724331600000,0.52090000,0.52270000,0.51900000,0.52220000,3554568.00000000,1724335199999,1852212.20367000,18896,1802576.00000000,939491.72274000,0
1724335200000,0.52210000,0.52600000,0.52100000,0.52470000,5132974.70000000,1724338799999,2686841.69664000,18381,2060220.50000000,1078714.24453000,0
1724338800000,0.52470000,0.52610000,0.52150000,0.52360000,3473422.80000000,1724342399999,1820417.94495000,17246,1562479.20000000,819117.43039000,0
1724342400000,0.52360000,0.52500000,0.51880000,0.52380000,3945265.80000000,1724345999999,2058398.21239000,17630,1847437.50000000,964079.30397000,0
1724346000000,0.52380000,0.53310000,0.52320000,0.53090000,4933354.40000000,1724349599999,2611025.11181000,19981,2513326.40000000,1329884.68012000,0
1724349600000,0.53090000,0.53480000,0.52890000,0.53180000,3813579.70000000,1724353199999,2028383.66749000,15835,1813967.90000000,964564.13058000,0
1724353200000,0.53170000,0.53500000,0.53010000,0.53130000,2026775.00000000,1724356799999,1079234.20177000,7622,888901.40000000,473313.37122000,0
1724356800000,0.53140000,0.53860000,0.53130000,0.53740000,3297888.60000000,1724360399999,1765346.72703000,12485,1684426.80000000,901817.03755000,0
1724360400000,0.53740000,0.53860000,0.53190000,0.53410000,1929912.20000000,1724363999999,1031131.58271000,7395,996785.40000000,532566.19162000,0
1724364000000,0.53410000,0.53670000,0.53390000,0.53450000,2242153.20000000,1724367599999,1200343.02527000,7104,980504.80000000,524988.68872000,0
1724367600000,0.53460000,0.53460000,0.53000000,0.53200000,2547333.10000000,1724371199999,1355057.40249000,8700,941856.10000000,501238.01702000,0
1724371200000,0.53190000,0.53600000,0.52890000,0.52940000,5449956.20000000,1724374799999,2900821.75863000,16653,2394502.00000000,1274485.54435000,0
1724374800000,0.52940000,0.53060000,0.52590000,0.52670000,5952817.10000000,1724378399999,3140896.04231000,16450,2143957.00000000,1131247.73196000,0
1724378400000,0.52670000,0.53120000,0.52390000,0.52880000,5595243.60000000,1724381999999,2951129.99125000,15513,2242227.50000000,1182687.16678000,0
1724382000000,0.52870000,0.53240000,0.52770000,0.52980000,3090323.90000000,1724385599999,1638752.96802000,11723,1427422.20000000,756996.13991000,0
1724385600000,0.52980000,0.53230000,0.52890000,0.53210000,1452015.60000000,1724389199999,770556.05029000,5819,593398.50000000,314991.54461000,0
1724389200000,0.53200000,0.53460000,0.53020000,0.53150000,3404962.50000000,1724392799999,1812842.31132000,13434,1688223.90000000,898887.56719000,0
1724392800000,0.53150000,0.53880000,0.53130000,0.53370000,4516756.30000000,1724396399999,2417202.18797000,14556,2198096.40000000,1175644.04407000,0
1724396400000,0.53370000,0.53580000,0.53290000,0.53500000,2481430.30000000,1724399999999,1325326.07909000,9331,1196000.00000000,638740.98013000,0
1724400000000,0.53500000,0.54460000,0.53060000,0.53120000,8701187.00000000,1724403599999,4679285.46380000,30946,4551541.60000000,2447274.17968000,0
1724403600000,0.53130000,0.53220000,0.52820000,0.53170000,4073308.40000000,1724407199999,2158038.96373000,17808,2131634.00000000,1129078.39600000,0
1724407200000,0.53170000,0.53310000,0.52730000,0.52740000,3252208.60000000,1724410799999,1724502.05252000,10957,1403319.30000000,744173.94077000,0
1724410800000,0.52740000,0.52880000,0.52600000,0.52780000,2207315.80000000,1724414399999,1163560.44022000,9415,1031832.00000000,543901.42579000,0
1724414400000,0.52780000,0.53070000,0.52640000,0.53030000,2315663.20000000,1724417999999,1224479.03239000,8496,952535.30000000,503630.40238000,0
1724418000000,0.53040000,0.53040000,0.52480000,0.52720000,2596595.00000000,1724421599999,1367394.04528000,12450,1096374.80000000,577163.64967000,0
1724421600000,0.52730000,0.53360000,0.51860000,0.52610000,7808556.20000000,1724425199999,4103913.81846000,50498,3916238.40000000,2058644.60599000,0
1724425200000,0.52610000,0.52990000,0.52550000,0.52610000,3586061.40000000,1724428799999,1891614.18787000,23013,1749754.50000000,922871.67575000,0
1724428800000,0.52610000,0.52760000,0.52340000,0.52500000,3823837.80000000,1724432399999,2008365.63219000,17769,1933445.30000000,1015691.35982000,0
1724432400000,0.52500000,0.53320000,0.52400000,0.53170000,4964274.60000000,1724435999999,2623799.94808000,21559,2803171.50000000,1480913.79003000,0
1724436000000,0.53170000,0.53480000,0.52870000,0.52930000,5701559.80000000,1724439599999,3035002.29246000,22867,2609051.30000000,1388849.29298000,0
1724439600000,0.52930000,0.53640000,0.52850000,0.53490000,4591884.90000000,1724443199999,2445563.50680000,16810,2366301.90000000,1260026.62777000,0
1724443200000,0.53480000,0.54000000,0.53440000,0.53730000,4049959.00000000,1724446799999,2174665.53598000,14854,1829987.10000000,982327.88561000,0
1724446800000,0.53730000,0.54250000,0.53400000,0.54030000,6314505.00000000,1724450399999,3392045.77262000,16281,3024146.40000000,1623920.58119000,0
1724450400000,0.54020000,0.54270000,0.53530000,0.53640000,4631814.30000000,1724453999999,2495200.17142000,16080,1973193.40000000,1063081.75034000,0
1724454000000,0.53650000,0.53980000,0.53640000,0.53770000,2904147.20000000,1724457599999,1562158.40434000,8965,1137662.10000000,612024.33392000,0
1724457600000,0.53770000,0.53840000,0.53320000,0.53680000,2481183.40000000,1724461199999,1329376.73515000,11172,1107425.80000000,593454.79491000,0
1724461200000,0.53690000,0.54500000,0.53560000,0.54360000,5148837.00000000,1724464799999,2783273.34546000,18808,2566068.20000000,1387537.02126000,0
1724464800000,0.54360000,0.54360000,0.53720000,0.53790000,2368380.40000000,1724468399999,1279532.55636000,10482,987397.50000000,533261.36529000,0
1724468400000,0.53770000,0.53960000,0.53490000,0.53910000,1806157.70000000,1724471999999,970324.02821000,7561,900917.70000000,484091.46515000,0
1724472000000,0.53910000,0.53950000,0.53470000,0.53500000,1939490.20000000,1724475599999,1041472.24318000,6411,891107.70000000,478692.41148000,0
1724475600000,0.53490000,0.53560000,0.53320000,0.53490000,1614573.00000000,1724479199999,862832.41403000,5757,862952.90000000,461194.27901000,0
1724479200000,0.53490000,0.53520000,0.53200000,0.53230000,1772093.90000000,1724482799999,945805.26822000,6550,951916.50000000,508142.20457000,0
1724482800000,0.53240000,0.53300000,0.53080000,0.53120000,2644757.50000000,1724486399999,1406312.12320000,7420,1316146.80000000,699851.78343000,0
1724486400000,0.53130000,0.53700000,0.53090000,0.53660000,2897336.40000000,1724489999999,1543465.73838000,7242,1599371.20000000,852150.58052000,0
1724490000000,0.53660000,0.53690000,0.53200000,0.53300000,2249655.20000000,1724493599999,1199807.61631000,8760,1096150.50000000,584690.46668000,0
1724493600000,0.53300000,0.53670000,0.53190000,0.53490000,2903949.40000000,1724497199999,1554023.71297000,9395,1581954.90000000,846475.74072000,0
1724497200000,0.53490000,0.53820000,0.53470000,0.53630000,2921597.80000000,1724500799999,1567906.67277000,10722,1280231.70000000,687007.27697000,0
1724500800000,0.53630000,0.54510000,0.53540000,0.54200000,5915703.40000000,1724504399999,3201164.15097000,21015,2627933.20000000,1422329.12600000,0
1724504400000,0.54210000,0.55190000,0.53930000,0.54720000,11224596.80000000,1724507999999,6139243.64737000,35273,5874762.60000000,3213100.09090000,0
1724508000000,0.54720000,0.54740000,0.54090000,0.54380000,4707406.70000000,1724511599999,2559191.06386000,17997,2149773.10000000,1168801.18605000,0
1724511600000,0.54380000,0.54400000,0.53900000,0.54320000,3266525.80000000,1724515199999,1768938.73880000,14028,1555592.00000000,842413.16165000,0
1724515200000,0.54310000,0.55290000,0.54250000,0.55120000,6783919.60000000,1724518799999,3725753.77606000,30497,3390263.30000000,1861927.22807000,0
1724518800000,0.55120000,0.56720000,0.55020000,0.56460000,10303159.00000000,1724522399999,5767061.23469000,41578,5500279.80000000,3078012.37221000,0
1724522400000,0.56470000,0.57960000,0.56100000,0.57290000,16458827.60000000,1724525999999,9414110.42198000,57941,7817595.00000000,4467774.72372000,0
1724526000000,0.57290000,0.58010000,0.57120000,0.57380000,7339515.40000000,1724529599999,4226019.62411000,24567,3141824.20000000,1809647.08683000,0
1724529600000,0.57380000,0.58190000,0.57310000,0.58090000,5189232.50000000,1724533199999,2997422.31322000,16606,2619987.70000000,1513197.37903000,0
1724533200000,0.58090000,0.58100000,0.56200000,0.56420000,8199190.30000000,1724536799999,4677701.75298000,30854,3275080.60000000,1868905.63381000,0
1724536800000,0.56410000,0.57030000,0.56370000,0.56560000,4829108.20000000,1724540399999,2736074.03121000,15352,2368755.40000000,1342155.19919000,0
1724540400000,0.56560000,0.57280000,0.56500000,0.57110000,2424897.40000000,1724543999999,1383536.57472000,7907,1160431.20000000,661743.61677000,0
1724544000000,0.57110000,0.57500000,0.56630000,0.56720000,5488870.90000000,1724547599999,3131725.07986000,14888,2803768.40000000,1599631.83622000,0
1724547600000,0.56720000,0.56980000,0.55200000,0.55450000,9270434.40000000,1724551199999,5194275.38021000,20850,4474072.20000000,2505795.32980000,0
1724551200000,0.55460000,0.56250000,0.55460000,0.55990000,5343260.60000000,1724554799999,2989601.09388000,13100,2774466.80000000,1552041.08205000,0
1724554800000,0.55990000,0.56110000,0.54940000,0.55290000,8958387.00000000,1724558399999,4950936.26294000,21478,4610280.10000000,2547230.57926000,0
1724558400000,0.55300000,0.55300000,0.54530000,0.55160000,5847155.70000000,1724561999999,3210916.86473000,15950,2968950.80000000,1630006.35715000,0
1724562000000,0.55160000,0.55220000,0.54710000,0.54790000,2436835.10000000,1724565599999,1339659.83845000,8267,1124823.20000000,618313.43467000,0
1724565600000,0.54800000,0.54940000,0.54160000,0.54250000,5108942.60000000,1724569199999,2781948.47891000,13636,2403752.30000000,1308725.35445000,0
1724569200000,0.54250000,0.54260000,0.53050000,0.53350000,8157973.90000000,1724572799999,4372215.96068000,26278,4017648.50000000,2152581.56061000,0
1724572800000,0.53350000,0.53860000,0.53140000,0.53620000,4335822.40000000,1724576399999,2321636.96386000,14280,2123627.70000000,1137363.34492000,0
1724576400000,0.53620000,0.53800000,0.53440000,0.53680000,4287522.00000000,1724579999999,2299092.94368000,13104,2014381.60000000,1080329.75160000,0
1724580000000,0.53680000,0.53700000,0.53090000,0.53170000,3143247.90000000,1724583599999,1676550.56467000,11788,1361831.10000000,726314.44966000,0
1724583600000,0.53170000,0.53470000,0.53130000,0.53310000,2271331.90000000,1724587199999,1211143.33673000,9472,1399312.30000000,746158.03236000,0
1724587200000,0.53310000,0.53630000,0.52930000,0.53470000,3853805.30000000,1724590799999,2053040.19901000,11444,2031986.40000000,1082369.40830000,0
1724590800000,0.53460000,0.53700000,0.53100000,0.53140000,3549374.60000000,1724594399999,1894518.72797000,10578,1964221.20000000,1048615.45924000,0
1724594400000,0.53130000,0.53630000,0.53050000,0.53540000,3605841.00000000,1724597999999,1924280.67477000,10030,2285564.00000000,1219444.12512000,0
1724598000000,0.53540000,0.53970000,0.53080000,0.53190000,4017067.80000000,1724601599999,2148280.91673000,11596,1903828.40000000,1018663.00401000,0
1724601600000,0.53190000,0.53570000,0.52410000,0.52670000,6365500.80000000,1724605199999,3369121.49805000,16703,3182932.80000000,1684867.10586000,0
1724605200000,0.52680000,0.52920000,0.52480000,0.52890000,3209405.00000000,1724608799999,1690175.12190000,9801,1917316.80000000,1009818.81678000,0
1724608800000,0.52890000,0.53140000,0.52720000,0.52870000,2772785.40000000,1724612399999,1467321.39378000,7043,1218039.40000000,644769.47471000,0
1724612400000,0.52870000,0.52980000,0.52700000,0.52770000,1550483.30000000,1724615999999,818954.37125000,5034,807363.30000000,426457.07835000,0
1724616000000,0.52770000,0.52900000,0.52610000,0.52660000,2567374.60000000,1724619599999,1354673.38207000,6631,1373690.40000000,724982.90758000,0
1724619600000,0.52670000,0.53450000,0.52620000,0.53200000,4432722.80000000,1724623199999,2356295.73322000,11226,2361494.10000000,1254691.68171000,0
1724623200000,0.53210000,0.53490000,0.52890000,0.53010000,3423067.20000000,1724626799999,1818889.84980000,10774,1586672.30000000,843240.00550000,0
1724626800000,0.53010000,0.53240000,0.52250000,0.52440000,5529288.40000000,1724630399999,2913755.17062000,16917,2610592.20000000,1376318.62563000,0
1724630400000,0.52450000,0.52790000,0.52120000,0.52450000,4774048.70000000,1724633999999,2505454.48425000,15802,2418113.70000000,1269237.89028000,0
1724634000000,0.52450000,0.52540000,0.51900000,0.52100000,4056714.90000000,1724637599999,2120440.80730000,16379,2204090.80000000,1152546.68205000,0
1724637600000,0.52100000,0.52360000,0.51590000,0.52360000,4180175.30000000,1724641199999,2172384.02098000,13446,1929379.00000000,1002894.77139000,0
1724641200000,0.52350000,0.52430000,0.52070000,0.52230000,2032185.50000000,1724644799999,1062144.21786000,6569,1117819.90000000,584241.89291000,0
1724644800000,0.52230000,0.52400000,0.52090000,0.52220000,3419867.40000000,1724648399999,1785186.77757000,7059,1642426.00000000,857382.92472000,0
1724648400000,0.52230000,0.52340000,0.52150000,0.52170000,1902199.90000000,1724651999999,993630.17128000,5263,971958.00000000,507769.91348000,0
1724652000000,0.52180000,0.52320000,0.51490000,0.52210000,9624081.10000000,1724655599999,5002691.61055000,17607,3484365.20000000,1809158.68553000,0
1724655600000,0.52200000,0.52270000,0.51660000,0.51760000,3381137.50000000,1724659199999,1759785.56324000,7968,1228867.10000000,640142.64587000,0
1724659200000,0.51760000,0.52200000,0.51760000,0.52140000,1477791.00000000,1724662799999,768853.55335000,5128,953093.70000000,495748.06571000,0
1724662800000,0.52130000,0.52320000,0.51760000,0.52290000,4265043.00000000,1724666399999,2218827.68728000,7981,1758491.40000000,915186.46394000,0
1724666400000,0.52280000,0.52400000,0.51810000,0.51820000,3034887.90000000,1724669999999,1582248.50331000,6578,1603192.50000000,836301.22526000,0
1724670000000,0.51820000,0.52130000,0.51670000,0.51920000,3297091.00000000,1724673599999,1711192.79686000,9177,1684578.00000000,874272.40408000,0
1724673600000,0.51910000,0.51990000,0.51120000,0.51370000,4057580.00000000,1724677199999,2089364.31679000,14670,1793367.20000000,923466.55720000,0
1724677200000,0.51370000,0.51500000,0.50760000,0.51050000,4204263.70000000,1724680799999,2151049.17983000,17903,1820576.70000000,931036.71772000,0
1724680800000,0.51040000,0.51440000,0.50900000,0.51430000,5335584.00000000,1724684399999,2727545.40637000,16459,2308063.20000000,1180140.55302000,0
1724684400000,0.51420000,0.51580000,0.50890000,0.51350000,3456129.80000000,1724687999999,1771952.37879000,11607,1899716.60000000,974059.89294000,0
1724688000000,0.51340000,0.51570000,0.51200000,0.51380000,1722927.40000000,1724691599999,885275.13122000,6943,701096.80000000,360428.04225000,0
1724691600000,0.51370000,0.51490000,0.50330000,0.50490000,3597945.10000000,1724695199999,1826812.59201000,15161,1681545.90000000,854209.04132000,0
1724695200000,0.50490000,0.50930000,0.50160000,0.50860000,3259747.00000000,1724698799999,1648028.76948000,15508,1959533.70000000,990642.58924000,0
1724698800000,0.50860000,0.51060000,0.50540000,0.50680000,1521277.40000000,1724702399999,772518.69268000,7655,805036.60000000,408863.46162000,0
1724702400000,0.50680000,0.51030000,0.50350000,0.50760000,1425422.50000000,1724705999999,721593.65676000,6211,743190.40000000,376230.40742000,0
1724706000000,0.50760000,0.50810000,0.50160000,0.50360000,2602580.60000000,1724709599999,1312046.18988000,7572,1052423.30000000,530438.09469000,0
1724709600000,0.50370000,0.50530000,0.50250000,0.50340000,1433953.80000000,1724713199999,722367.84151000,5334,605361.50000000,304909.44829000,0
1724713200000,0.50340000,0.50540000,0.50220000,0.50220000,1143512.50000000,1724716799999,576278.34106000,4231,608046.00000000,306502.05040000,0
1724716800000,0.50220000,0.50670000,0.50220000,0.50380000,1262551.80000000,1724720399999,636780.38981000,5553,576590.40000000,290771.79859000,0
1724720400000,0.50380000,0.50860000,0.50330000,0.50640000,1611853.30000000,1724723999999,816159.73434000,5820,825651.30000000,418102.28499000,0
1724724000000,0.50640000,0.50880000,0.50430000,0.50510000,1093066.60000000,1724727599999,553654.68714000,4706,564838.40000000,286060.77252000,0
1724727600000,0.50500000,0.50720000,0.50410000,0.50700000,686892.90000000,1724731199999,347090.19529000,3486,289231.80000000,146159.79688000,0
1724731200000,0.50710000,0.51190000,0.50560000,0.51090000,1708055.80000000,1724734799999,869138.81975000,5461,892967.20000000,454538.34380000,0
1724734800000,0.51090000,0.51450000,0.51050000,0.51340000,2484663.10000000,1724738399999,1274830.63609000,9911,1349620.40000000,692462.66376000,0
1724738400000,0.51340000,0.51340000,0.50600000,0.50720000,1774604.50000000,1724741999999,904876.68478000,7946,900686.80000000,459311.52933000,0
1724742000000,0.50720000,0.51350000,0.50480000,0.51280000,4105845.10000000,1724745599999,2090455.09203000,10971,2366983.00000000,1204214.83848000,0
1724745600000,0.51270000,0.51330000,0.50640000,0.51060000,2676669.00000000,1724749199999,1365253.53750000,13105,1508336.30000000,769306.02829000,0
1724749200000,0.51060000,0.51150000,0.50380000,0.50520000,3344263.20000000,1724752799999,1699306.19053000,13307,1610802.90000000,818419.84391000,0
1724752800000,0.50510000,0.50540000,0.49800000,0.49840000,5637725.90000000,1724756399999,2827354.97805000,19843,2624306.10000000,1316254.77941000,0
1724756400000,0.49830000,0.50180000,0.49700000,0.49870000,3048196.30000000,1724759999999,1523131.01654000,13327,1817241.10000000,908057.03542000,0
1724760000000,0.49870000,0.49940000,0.49520000,0.49860000,5538538.90000000,1724763599999,2754351.37731000,19113,3172449.20000000,1577707.39508000,0
1724763600000,0.49870000,0.49880000,0.49530000,0.49680000,4588846.90000000,1724767199999,2281488.25100000,19229,2336494.10000000,1161697.00145000,0
1724767200000,0.49690000,0.50040000,0.49360000,0.49580000,12347626.30000000,1724770799999,6136234.91749000,30078,5492256.50000000,2728767.00969000,0
1724770800000,0.49580000,0.49620000,0.49200000,0.49270000,4853643.00000000,1724774399999,2397369.53381000,18027,1990359.80000000,983027.49891000,0
1724774400000,0.49260000,0.49650000,0.49080000,0.49200000,2398556.00000000,1724777999999,1184082.90114000,14238,953118.30000000,470357.12826000,0
1724778000000,0.49210000,0.49420000,0.49080000,0.49280000,1541583.70000000,1724781599999,759381.55691000,10306,755300.70000000,372100.58140000,0
1724781600000,0.49280000,0.49530000,0.49110000,0.49470000,2001143.10000000,1724785199999,987426.73711000,9106,1216667.10000000,600463.09693000,0
1724785200000,0.49470000,0.49510000,0.49130000,0.49230000,1185453.60000000,1724788799999,584823.80960000,7779,581056.40000000,286672.64476000,0
1724788800000,0.49230000,0.49260000,0.48810000,0.48840000,2083064.10000000,1724792399999,1021015.11564000,10353,982489.60000000,481748.91186000,0
1724792400000,0.48840000,0.48940000,0.47060000,0.47670000,9230566.90000000,1724795999999,4441418.11631000,31703,4469232.50000000,2151053.26796000,0
1724796000000,0.47660000,0.47660000,0.45880000,0.46690000,12185787.90000000,1724799599999,5679719.34764000,66006,5857508.00000000,2728698.18235000,0
1724799600000,0.46690000,0.46950000,0.46460000,0.46620000,4934062.90000000,1724803199999,2303248.23707000,17109,2069719.40000000,966155.08441000,0
1724803200000,0.46620000,0.46670000,0.46080000,0.46500000,3579352.10000000,1724806799999,1660700.11799000,18075,1826502.70000000,847670.17515000,0
1724806800000,0.46510000,0.46580000,0.45910000,0.46180000,5619996.40000000,1724810399999,2595734.00283000,15628,2644758.20000000,1221623.38213000,0
1724810400000,0.46170000,0.46230000,0.45590000,0.45950000,5880239.80000000,1724813999999,2696598.83397000,16053,3844957.70000000,1763018.70723000,0
1724814000000,0.45960000,0.46390000,0.45890000,0.46370000,2315220.90000000,1724817599999,1068237.58782000,9842,1517606.40000000,700292.30724000,0
1724817600000,0.46360000,0.46420000,0.45860000,0.45920000,4412534.60000000,1724821199999,2039347.08705000,11388,2498887.00000000,1154566.76214000,0
1724821200000,0.45910000,0.46380000,0.45820000,0.45990000,3863316.50000000,1724824799999,1781237.32550000,12439,2110831.60000000,973156.91153000,0
1724824800000,0.46000000,0.46040000,0.44770000,0.44860000,23025345.20000000,1724828399999,10392078.55803000,26242,14217957.40000000,6408021.92074000,0
1724828400000,0.44850000,0.45080000,0.44480000,0.44540000,6568971.60000000,1724831999999,2948531.38099000,23047,2962451.80000000,1330040.10436000,0
1724832000000,0.44540000,0.45180000,0.44280000,0.44860000,5523297.40000000,1724835599999,2475602.90495000,19974,2995158.30000000,1342504.87205000,0
1724835600000,0.44850000,0.46100000,0.44700000,0.46090000,10490776.70000000,1724839199999,4743076.60254000,28761,5978150.60000000,2704391.78711000,0
1724839200000,0.46080000,0.46100000,0.44490000,0.44600000,27606283.10000000,1724842799999,12434232.72033000,48002,16692535.80000000,7511241.10020000,0
1724842800000,0.44600000,0.45060000,0.44520000,0.44910000,4709515.80000000,1724846399999,2114404.45927000,17434,2578661.50000000,1157690.25712000,0
1724846400000,0.44910000,0.45090000,0.44830000,0.44920000,4038704.10000000,1724849999999,1814841.03987000,13695,2337463.10000000,1050417.12123000,0
1724850000000,0.44910000,0.44920000,0.44120000,0.44160000,5703857.60000000,1724853599999,2542681.17688000,25629,2935867.30000000,1309220.57843000,0
1724853600000,0.44160000,0.44860000,0.44040000,0.44250000,6463889.50000000,1724857199999,2872303.60097000,36041,3839060.90000000,1705882.81735000,0
1724857200000,0.44250000,0.44250000,0.43470000,0.43670000,9229068.30000000,1724860799999,4038184.34984000,38120,5204589.60000000,2277157.04147000,0
1724860800000,0.43660000,0.43670000,0.42530000,0.43650000,14341553.80000000,1724864399999,6165382.53481000,64598,7525957.10000000,3235122.48666000,0
1724864400000,0.43650000,0.43950000,0.43370000,0.43460000,8848128.70000000,1724867999999,3864903.01011000,31305,4854839.40000000,2120427.28887000,0
1724868000000,0.43460000,0.44320000,0.43330000,0.44280000,4202413.50000000,1724871599999,1841843.93333000,21343,2188094.90000000,959162.60084000,0
1724871600000,0.44280000,0.44570000,0.43640000,0.43730000,3973382.70000000,1724875199999,1755080.97436000,22493,2053354.60000000,906790.15000000,0
1724875200000,0.43720000,0.44430000,0.43530000,0.43870000,6422347.10000000,1724878799999,2818326.55528000,26820,3112973.90000000,1366249.19449000,0
1724878800000,0.43880000,0.44230000,0.43650000,0.43670000,2540238.00000000,1724882399999,1114798.26991000,9108,1262850.90000000,554299.56902000,0
1724882400000,0.43670000,0.43760000,0.43030000,0.43540000,3023875.10000000,1724885999999,1311674.19677000,9286,1409752.90000000,611391.18392000,0
1724886000000,0.43540000,0.43820000,0.43410000,0.43670000,2096042.30000000,1724889599999,914421.18483000,6294,955937.10000000,417079.51483000,0
1724889600000,0.43670000,0.44010000,0.43550000,0.43710000,3604358.10000000,1724893199999,1577739.94353000,10767,1598798.30000000,699780.48476000,0
1724893200000,0.43710000,0.43980000,0.43500000,0.43680000,2278944.90000000,1724896799999,995802.41675000,6900,967979.20000000,422925.15469000,0
1724896800000,0.43680000,0.43940000,0.43610000,0.43910000,1650086.10000000,1724900399999,722007.13502000,5704,825458.70000000,361145.92988000,0
1724900400000,0.43920000,0.44200000,0.43790000,0.44040000,2290275.50000000,1724903999999,1008878.81945000,6330,1008171.00000000,444127.53471000,0
1724904000000,0.44030000,0.44110000,0.43720000,0.43820000,1992313.80000000,1724907599999,874499.24431000,7349,949432.00000000,416772.59970000,0
1724907600000,0.43820000,0.44020000,0.43600000,0.43930000,3104604.80000000,1724911199999,1360190.64812000,9574,1631468.10000000,714859.00222000,0
1724911200000,0.43940000,0.44130000,0.43710000,0.43800000,4295875.30000000,1724914799999,1887058.10477000,12631,2703714.70000000,1187600.15464000,0
1724914800000,0.43790000,0.43970000,0.43740000,0.43780000,2584550.30000000,1724918399999,1133663.69828000,8315,1627079.70000000,713757.93689000,0
1724918400000,0.43780000,0.43830000,0.43120000,0.43240000,5170792.50000000,1724921999999,2242072.70567000,15684,2991441.20000000,1297021.50827000,0
1724922000000,0.43240000,0.43680000,0.43210000,0.43300000,4220258.70000000,1724925599999,1833229.95912000,12228,2122337.00000000,921815.27721000,0
1724925600000,0.43310000,0.43480000,0.43190000,0.43340000,4110747.30000000,1724929199999,1781385.36762000,13066,1992648.30000000,863321.98271000,0
1724929200000,0.43330000,0.44390000,0.43290000,0.43910000,5516661.50000000,1724932799999,2425664.03367000,16017,2483476.60000000,1091615.78127000,0
1724932800000,0.43900000,0.44370000,0.43850000,0.44260000,3784137.20000000,1724936399999,1670836.65553000,10120,1945500.60000000,859171.24116000,0
1724936400000,0.44250000,0.44430000,0.43960000,0.44190000,3841626.90000000,1724939999999,1698430.39073000,13226,2039659.60000000,901805.62672000,0
1724940000000,0.44190000,0.44410000,0.43910000,0.43980000,5922104.70000000,1724943599999,2614661.63832000,15255,3265854.70000000,1442136.18197000,0
1724943600000,0.43980000,0.44630000,0.43820000,0.44000000,8836061.20000000,1724947199999,3906736.99581000,19300,4776025.30000000,2112070.71214000,0
1724947200000,0.44000000,0.44170000,0.43220000,0.43420000,5543727.80000000,1724950799999,2420496.13504000,16411,2640842.40000000,1153697.51894000,0
1724950800000,0.43410000,0.43570000,0.43180000,0.43290000,4953490.70000000,1724954399999,2147755.89027000,12042,2256174.90000000,978514.59714000,0
1724954400000,0.43300000,0.43300000,0.41680000,0.41740000,8432701.90000000,1724957999999,3575401.54387000,35635,3695730.40000000,1566813.60693000,0
1724958000000,0.41750000,0.42200000,0.41440000,0.41790000,5774124.40000000,1724961599999,2412732.47345000,23569,3136795.30000000,1311093.99589000,0
1724961600000,0.41790000,0.42160000,0.41730000,0.42160000,2270196.00000000,1724965199999,952190.20842000,11048,1372797.00000000,575679.11640000,0
1724965200000,0.42160000,0.42360000,0.42060000,0.42260000,2485579.10000000,1724968799999,1049066.37227000,7815,1299182.30000000,548322.27996000,0
1724968800000,0.42260000,0.42480000,0.41800000,0.42230000,4180672.30000000,1724972399999,1764867.14741000,17033,2110967.70000000,891814.04582000,0
1724972400000,0.42220000,0.42550000,0.42140000,0.42520000,1869931.80000000,1724975999999,792640.17716000,8220,1107112.30000000,469055.86249000,0
1724976000000,0.42510000,0.42650000,0.42340000,0.42400000,1922536.60000000,1724979599999,816135.27117000,9735,576703.80000000,244903.39750000,0
1724979600000,0.42400000,0.42530000,0.42180000,0.42480000,1853268.70000000,1724983199999,785616.55780000,10728,1024554.80000000,434353.99590000,0
1724983200000,0.42490000,0.42510000,0.42220000,0.42380000,2059794.40000000,1724986799999,873041.03909000,8602,853387.00000000,361590.88542000,0
1724986800000,0.42390000,0.42420000,0.42170000,0.42330000,1627337.50000000,1724990399999,688204.40870000,7187,899397.50000000,380436.61963000,0
1724990400000,0.42330000,0.42680000,0.42320000,0.42580000,4927657.80000000,1724993999999,2096263.87093000,8314,2395252.00000000,1018626.61909000,0
1724994000000,0.42580000,0.42590000,0.42220000,0.42450000,2683612.70000000,1724997599999,1138884.81525000,9315,1431250.20000000,607416.75255000,0
1724997600000,0.42450000,0.42820000,0.42240000,0.42740000,3233289.40000000,1725001199999,1374113.07630000,10425,1690804.10000000,719041.42567000,0
1725001200000,0.42740000,0.42970000,0.42650000,0.42740000,2347631.60000000,1725004799999,1004777.67894000,9470,1178588.30000000,504319.28108000,0
1725004800000,0.42730000,0.43030000,0.42720000,0.42820000,2067146.00000000,1725008399999,886234.65837000,7329,1032564.20000000,442820.46486000,0
1725008400000,0.42810000,0.42810000,0.42390000,0.42420000,3057568.50000000,1725011999999,1300743.75039000,8641,1562937.60000000,665033.77602000,0
1725012000000,0.42430000,0.42460000,0.42170000,0.42200000,2920176.80000000,1725015599999,1235376.21605000,9692,1529928.80000000,647323.32637000,0
1725015600000,0.42190000,0.42390000,0.42060000,0.42090000,3664120.50000000,1725019199999,1546667.12314000,11017,1853881.40000000,782570.73829000,0
1725019200000,0.42090000,0.42540000,0.42050000,0.42080000,4851451.80000000,1725022799999,2050317.42761000,16986,2413102.90000000,1019922.51516000,0
1725022800000,0.42090000,0.42260000,0.41570000,0.42040000,4346954.00000000,1725026399999,1823662.82258000,20104,2339707.10000000,981507.67670000,0
1725026400000,0.42050000,0.42250000,0.40610000,0.40610000,9486389.70000000,1725029999999,3922428.12114000,41985,4543428.10000000,1879657.40091000,0
1725030000000,0.40610000,0.40760000,0.39900000,0.40160000,11313055.70000000,1725033599999,4559984.36272000,46277,5486824.50000000,2212047.28846000,0
1725033600000,0.40170000,0.40780000,0.40010000,0.40730000,7040682.30000000,1725037199999,2842698.82665000,26051,3520195.30000000,1421673.34967000,0
1725037200000,0.40730000,0.41160000,0.40600000,0.41080000,4523744.20000000,1725040799999,1849199.28009000,14551,2551394.50000000,1043746.19446000,0
1725040800000,0.41070000,0.42130000,0.41000000,0.42040000,6688173.80000000,1725044399999,2787122.22839000,25120,3156201.30000000,1314356.15789000,0
1725044400000,0.42030000,0.42030000,0.41470000,0.41570000,2281105.60000000,1725047999999,949962.42190000,13501,950438.80000000,395749.37868000,0
1725048000000,0.41570000,0.41930000,0.41550000,0.41910000,1615851.20000000,1725051599999,673763.55927000,7032,978870.10000000,408247.74694000,0
1725051600000,0.41920000,0.42030000,0.41740000,0.41960000,1240117.80000000,1725055199999,519563.02507000,6602,660957.90000000,276896.17050000,0
1725055200000,0.41960000,0.42190000,0.41910000,0.42150000,2083545.00000000,1725058799999,875844.54440000,6663,1126998.60000000,473811.22284000,0
1725058800000,0.42140000,0.42190000,0.42030000,0.42100000,1752433.50000000,1725062399999,737835.21515000,5017,708343.20000000,298281.95031000,0
1725062400000,0.42100000,0.42410000,0.41980000,0.42210000,1808946.20000000,1725065999999,763024.54164000,6879,917173.80000000,386634.65984000,0
1725066000000,0.42200000,0.42330000,0.42150000,0.42190000,1521313.60000000,1725069599999,642179.93892000,4880,644353.30000000,272075.88921000,0
1725069600000,0.42190000,0.42300000,0.42080000,0.42290000,1216335.30000000,1725073199999,513295.53813000,5643,471000.30000000,198754.12556000,0
1725073200000,0.42290000,0.42560000,0.42270000,0.42420000,2019748.80000000,1725076799999,856653.40191000,6389,980502.50000000,415869.17163000,0
1725076800000,0.42420000,0.42700000,0.42420000,0.42690000,1568949.00000000,1725080399999,667847.61769000,4310,737430.80000000,313962.92373000,0
1725080400000,0.42680000,0.42690000,0.42310000,0.42380000,2626613.60000000,1725083999999,1115790.99821000,6383,973236.50000000,413402.48398000,0
1725084000000,0.42380000,0.42530000,0.42300000,0.42420000,1783860.70000000,1725087599999,756380.54898000,5292,808700.50000000,342935.75145000,0
1725087600000,0.42420000,0.42510000,0.42170000,0.42180000,1210236.60000000,1725091199999,512305.55901000,4528,520567.50000000,220436.61863000,0
1725091200000,0.42180000,0.42360000,0.41820000,0.41830000,2473599.20000000,1725094799999,1041954.32471000,7406,1124063.50000000,473784.08995000,0
1725094800000,0.41820000,0.42060000,0.41810000,0.41940000,1467433.30000000,1725098399999,615579.72260000,5841,856252.40000000,359176.60095000,0
1725098400000,0.41940000,0.42350000,0.41930000,0.42240000,2168998.90000000,1725101999999,914734.86058000,5087,1109724.60000000,467903.87791000,0
1725102000000,0.42240000,0.42440000,0.42220000,0.42240000,1622243.40000000,1725105599999,686727.84911000,4863,588784.80000000,249247.92875000,0
1725105600000,0.42240000,0.42250000,0.42080000,0.42080000,1602306.00000000,1725109199999,675377.10322000,4848,587454.70000000,247601.60847000,0
1725109200000,0.42070000,0.42170000,0.41850000,0.41880000,1689284.90000000,1725112799999,709806.99743000,4787,710280.20000000,298415.48587000,0
1725112800000,0.41890000,0.42070000,0.41810000,0.41930000,1714301.70000000,1725116399999,718677.73160000,5608,944290.20000000,395920.56998000,0
1725116400000,0.41930000,0.42150000,0.41920000,0.42140000,3100851.20000000,1725119999999,1303437.36320000,6268,1629297.30000000,684640.88224000,0
1725120000000,0.42140000,0.42150000,0.41920000,0.42030000,4804460.00000000,1725123599999,2019524.78657000,6867,2060860.80000000,866167.79118000,0
1725123600000,0.42030000,0.42040000,0.41730000,0.41940000,1932188.20000000,1725127199999,808997.08325000,6919,609648.30000000,255286.35790000,0
1725127200000,0.41940000,0.42330000,0.41880000,0.42060000,1227411.60000000,1725130799999,516927.83807000,7657,470948.80000000,198307.09930000,0
1725130800000,0.42060000,0.42080000,0.41790000,0.41910000,1046930.80000000,1725134399999,439034.51978000,5866,446771.60000000,187310.48099000,0
1725134400000,0.41910000,0.41940000,0.41800000,0.41840000,790752.00000000,1725137999999,331173.58102000,4560,393574.80000000,164813.45561000,0
1725138000000,0.41830000,0.42300000,0.41790000,0.42090000,1294693.50000000,1725141599999,545015.31766000,4540,798938.40000000,336461.07826000,0
1725141600000,0.42090000,0.42090000,0.41890000,0.41910000,672306.70000000,1725145199999,282323.00859000,3734,357888.70000000,150307.68156000,0
1725145200000,0.41910000,0.42050000,0.41880000,0.41960000,524679.60000000,1725148799999,220187.45992000,2620,162880.60000000,68343.51619000,0
