1717200000000,0.69420000,0.69570000,0.69270000,0.69520000,822802.20000000,1717203599999,571359.45031000,1315,432531.80000000,300311.78537000,0
1717203600000,0.69520000,0.69630000,0.69100000,0.69290000,1142216.20000000,1717207199999,792096.11369000,1854,561467.70000000,389520.13555000,0
1717207200000,0.69290000,0.69510000,0.69210000,0.69460000,621892.90000000,1717210799999,431333.90830000,1142,347871.40000000,241229.41192000,0
1717210800000,0.69450000,0.69520000,0.69350000,0.69480000,459620.00000000,1717214399999,319156.61260000,1152,227375.30000000,157890.36373000,0
1717214400000,0.69480000,0.69680000,0.69310000,0.69640000,536887.30000000,1717217999999,373047.01338000,1342,272520.10000000,189359.05925000,0
1717218000000,0.69630000,0.69730000,0.69460000,0.69600000,663271.20000000,1717221599999,461555.09828000,1474,286995.70000000,199680.80898000,0
1717221600000,0.69590000,0.69720000,0.69470000,0.69690000,512223.00000000,1717225199999,356553.57487000,1278,221654.90000000,154299.38314000,0
1717225200000,0.69690000,0.69720000,0.69460000,0.69590000,559947.20000000,1717228799999,389729.38684000,1307,294350.90000000,204868.57020000,0
1717228800000,0.69580000,0.69860000,0.69550000,0.69830000,551941.60000000,1717232399999,384644.33026000,1576,267089.40000000,186137.01269000,0
1717232400000,0.69840000,0.69890000,0.69580000,0.69650000,697563.10000000,1717235999999,486395.82416000,1658,312359.90000000,217824.86768000,0
1717236000000,0.69660000,0.69860000,0.69580000,0.69770000,1312234.10000000,1717239599999,915078.92504000,2078,768893.30000000,536155.02361000,0
1717239600000,0.69780000,0.69990000,0.69760000,0.69960000,785802.90000000,1717243199999,549111.36215000,1903,401080.50000000,280241.04631000,0
1717243200000,0.69950000,0.70180000,0.69900000,0.69980000,967587.00000000,1717246799999,677817.65847000,1936,476941.10000000,334096.67801000,0
1717246800000,0.69960000,0.70300000,0.69960000,0.70140000,788482.20000000,1717250399999,553163.29580000,2291,467855.40000000,328173.14197000,0
1717250400000,0.70140000,0.70330000,0.70090000,0.70120000,620905.60000000,1717253999999,435938.64254000,1400,253501.40000000,177985.74497000,0
1717254000000,0.70120000,0.70300000,0.70070000,0.70070000,1071445.60000000,1717257599999,752186.63142000,1624,640699.20000000,449901.66885000,0
1717257600000,0.70080000,0.70250000,0.70050000,0.70180000,899062.80000000,1717261199999,630511.61221000,2355,385757.70000000,270524.98041000,0
1717261200000,0.70170000,0.70240000,0.69920000,0.70220000,898137.30000000,1717264799999,629507.76540000,1724,339424.80000000,237944.99116000,0
1717264800000,0.70220000,0.70250000,0.69810000,0.69860000,699180.00000000,1717268399999,489734.11321000,1660,297966.90000000,208675.88079000,0
1717268400000,0.69860000,0.69980000,0.68150000,0.69970000,6082360.30000000,1717271999999,4217765.12748000,9087,2024387.10000000,1405278.99301000,0
1717272000000,0.69970000,0.70190000,0.69960000,0.70180000,851882.50000000,1717275599999,596950.36576000,1903,464136.40000000,325283.25163000,0
1717275600000,0.70180000,0.70300000,0.69980000,0.70100000,1251701.40000000,1717279199999,878150.46456000,2297,656461.60000000,460560.24149000,0
1717279200000,0.70100000,0.70250000,0.70080000,0.70160000,739170.30000000,1717282799999,518664.00886000,1272,383881.40000000,269330.98828000,0
1717282800000,0.70160000,0.70220000,0.69800000,0.69900000,605913.90000000,1717286399999,424225.36813000,1253,254776.30000000,178411.47024000,0
1717286400000,0.69900000,0.70240000,0.69820000,0.70180000,548254.50000000,1717289999999,383600.90745000,1261,283414.70000000,198272.06946000,0
1717290000000,0.70180000,0.70350000,0.69970000,0.70180000,879927.10000000,1717293599999,617565.35605000,1678,399344.00000000,280312.14759000,0
1717293600000,0.70170000,0.70330000,0.69830000,0.70060000,1003334.70000000,1717297199999,703558.69745000,1670,402814.70000000,282339.65816000,0
1717297200000,0.70050000,0.70380000,0.70010000,0.70250000,837402.60000000,1717300799999,588028.07952000,1434,361470.80000000,253800.85261000,0
1717300800000,0.70260000,0.70370000,0.70110000,0.70360000,601840.60000000,1717304399999,422797.16634000,1079,367588.80000000,258262.81081000,0
1717304400000,0.70360000,0.70410000,0.70020000,0.70200000,737233.50000000,1717307999999,517786.82476000,1512,269233.80000000,189031.35471000,0
1717308000000,0.70210000,0.70560000,0.70180000,0.70480000,1281430.00000000,1717311599999,902253.86596000,2481,560317.80000000,394598.64566000,0
1717311600000,0.70480000,0.70550000,0.69870000,0.69950000,1307097.20000000,1717315199999,916853.57156000,2573,609277.80000000,427355.06733000,0
1717315200000,0.69950000,0.70100000,0.69870000,0.69950000,1003954.70000000,1717318799999,702938.77596000,2164,506744.90000000,354854.92785000,0
1717318800000,0.69950000,0.70000000,0.69320000,0.69500000,3121771.10000000,1717322399999,2172239.66509000,6006,1341631.50000000,933622.62448000,0
1717322400000,0.69500000,0.69600000,0.69200000,0.69490000,1637278.20000000,1717325999999,1135834.84126000,2773,917617.60000000,636652.67673000,0
1717326000000,0.69480000,0.69960000,0.69180000,0.69870000,1207319.50000000,1717329599999,840027.64800000,2725,618589.20000000,430468.14517000,0
1717329600000,0.69890000,0.69950000,0.69530000,0.69630000,1031679.40000000,1717333199999,719247.72867000,2251,482545.70000000,336328.49649000,0
1717333200000,0.69640000,0.70030000,0.69520000,0.69910000,1150007.00000000,1717336799999,802117.52522000,2436,707578.50000000,493377.06708000,0
1717336800000,0.69910000,0.70290000,0.69830000,0.70230000,967810.60000000,1717340399999,678433.12546000,2381,491954.50000000,344793.83975000,0
1717340400000,0.70240000,0.70320000,0.70030000,0.70280000,804675.50000000,1717343999999,565093.37707000,2013,347495.90000000,244065.73554000,0
1717344000000,0.70290000,0.70390000,0.69910000,0.70020000,1068017.80000000,1717347599999,748472.91888000,2497,480738.40000000,336950.44633000,0
1717347600000,0.70010000,0.70060000,0.69190000,0.69210000,2874799.00000000,1717351199999,1997452.39232000,5280,1641951.70000000,1140280.26993000,0
1717351200000,0.69220000,0.69320000,0.68610000,0.69040000,3199882.70000000,1717354799999,2206084.90683000,7049,1619077.70000000,1116037.12951000,0
1717354800000,0.69040000,0.69160000,0.68610000,0.69140000,1600590.60000000,1717358399999,1102263.78958000,2945,889756.10000000,612722.87253000,0
1717358400000,0.69130000,0.69200000,0.68610000,0.69200000,1391087.50000000,1717361999999,958087.57715000,2359,736191.80000000,507109.51082000,0
1717362000000,0.69190000,0.69260000,0.68830000,0.69000000,968044.10000000,1717365599999,668795.56061000,1906,502544.70000000,347216.46467000,0
1717365600000,0.68990000,0.69180000,0.68800000,0.68870000,712554.80000000,1717369199999,491546.36366000,1512,343171.30000000,236703.64726000,0
1717369200000,0.68860000,0.69180000,0.68860000,0.68960000,631449.00000000,1717372799999,435942.58825000,1161,237376.40000000,163891.38260000,0
1717372800000,0.68970000,0.69070000,0.68260000,0.68700000,1484397.40000000,1717376399999,1018391.49574000,4516,732548.10000000,502427.11917000,0
1717376400000,0.68680000,0.69800000,0.68580000,0.69790000,2304413.50000000,1717379999999,1598188.30649000,4546,1064977.90000000,738273.17883000,0
1717380000000,0.69800000,0.70170000,0.69760000,0.70090000,1844105.80000000,1717383599999,1289648.51469000,3146,1092161.80000000,763841.98997000,0
1717383600000,0.70100000,0.70150000,0.69680000,0.69850000,1875058.60000000,1717387199999,1310781.52208000,3452,873433.70000000,610581.45661000,0
1717387200000,0.69850000,0.70030000,0.69360000,0.69910000,2212855.50000000,1717390799999,1543069.41681000,4306,1139716.10000000,794766.10149000,0
1717390800000,0.69920000,0.70490000,0.69920000,0.70220000,2013625.80000000,1717394399999,1413520.07793000,4051,870823.70000000,611156.45998000,0
1717394400000,0.70220000,0.71020000,0.70000000,0.70870000,3972448.60000000,1717397999999,2806669.95280000,7073,2035521.00000000,1437768.66415000,0
1717398000000,0.70870000,0.71180000,0.70470000,0.70800000,6050614.50000000,1717401599999,4283211.69133000,8979,3224775.80000000,2283653.68808000,0
1717401600000,0.70820000,0.71290000,0.70660000,0.70920000,3866427.60000000,1717405199999,2745478.85247000,5993,1578818.10000000,1121803.61279000,0
1717405200000,0.70930000,0.70970000,0.70600000,0.70840000,1487187.00000000,1717408799999,1052604.28317000,2887,630712.70000000,446475.84213000,0
1717408800000,0.70850000,0.71050000,0.70650000,0.70680000,998185.00000000,1717412399999,707579.24887000,2442,416286.60000000,294988.78923000,0
1717412400000,0.70680000,0.70930000,0.70530000,0.70780000,1690528.90000000,1717415999999,1195503.95483000,4764,940810.50000000,665377.07597000,0
1717416000000,0.70780000,0.71240000,0.70770000,0.71090000,1538776.30000000,1717419599999,1092127.98691000,3333,697553.60000000,495043.00264000,0
1717419600000,0.71080000,0.71270000,0.70810000,0.70880000,2140025.60000000,1717423199999,1519905.77880000,3852,1135606.00000000,806584.57367000,0
1717423200000,0.70880000,0.71140000,0.69820000,0.70090000,4064057.90000000,1717426799999,2864176.56869000,7805,1832587.20000000,1291595.87393000,0
1717426800000,0.70080000,0.70680000,0.70020000,0.70560000,1761953.70000000,1717430399999,1241868.93806000,4122,809594.10000000,570528.53608000,0
1717430400000,0.70550000,0.70640000,0.69780000,0.70030000,2206095.50000000,1717433999999,1547126.36333000,3964,1120546.30000000,786029.05294000,0
1717434000000,0.70020000,0.70380000,0.69820000,0.70300000,1110920.10000000,1717437599999,778581.55975000,2416,459963.90000000,322344.91675000,0
1717437600000,0.70300000,0.70570000,0.70270000,0.70510000,1098910.40000000,1717441199999,773886.91875000,2543,412377.80000000,290368.45121000,0
1717441200000,0.70510000,0.70980000,0.70460000,0.70930000,1659841.20000000,1717444799999,1173750.40564000,3007,692540.30000000,489989.73483000,0
1717444800000,0.70930000,0.71080000,0.70590000,0.70720000,2075559.30000000,1717448399999,1471093.26755000,2963,961710.20000000,681693.99039000,0
1717448400000,0.70710000,0.70800000,0.70410000,0.70620000,1082711.00000000,1717451999999,764221.85346000,2175,551689.30000000,389425.49063000,0
1717452000000,0.70620000,0.70660000,0.70390000,0.70660000,1119680.80000000,1717455599999,789622.35577000,2068,620910.30000000,437959.90889000,0
1717455600000,0.70660000,0.70800000,0.70360000,0.70460000,840716.20000000,1717459199999,592932.21384000,1818,426329.00000000,300669.36742000,0
1717459200000,0.70460000,0.70650000,0.70070000,0.70440000,1746287.00000000,1717462799999,1229268.23461000,2958,732557.30000000,515630.69642000,0
1717462800000,0.70440000,0.70910000,0.70210000,0.70890000,1132235.70000000,1717466399999,799799.95884000,2176,541558.60000000,382491.20577000,0
1717466400000,0.70890000,0.70910000,0.70630000,0.70740000,621533.30000000,1717469999999,439953.91121000,1321,201179.60000000,142374.55923000,0
1717470000000,0.70740000,0.71010000,0.70690000,0.70860000,1224606.10000000,1717473599999,867289.59552000,2009,522629.90000000,370108.28034000,0
1717473600000,0.70850000,0.70850000,0.70370000,0.70450000,918509.80000000,1717477199999,648818.25075000,1880,444728.40000000,314081.64135000,0
1717477200000,0.70440000,0.70730000,0.70320000,0.70380000,745630.00000000,1717480799999,525886.43185000,1615,278118.00000000,196155.74379000,0
1717480800000,0.70350000,0.70460000,0.70130000,0.70130000,1026285.70000000,1717484399999,721266.34640000,2464,552607.60000000,388410.20815000,0
1717484400000,0.70130000,0.70340000,0.70090000,0.70200000,1469430.20000000,1717487999999,1031322.54291000,3533,683635.40000000,479901.57007000,0
1717488000000,0.70190000,0.70420000,0.69900000,0.70020000,1477176.10000000,1717491599999,1036894.17943000,3029,801980.30000000,562993.40377000,0
1717491600000,0.70000000,0.70130000,0.69700000,0.69910000,1753403.70000000,1717495199999,1225631.38100000,3320,922905.40000000,645242.49883000,0
1717495200000,0.69900000,0.70470000,0.69850000,0.70410000,2273121.70000000,1717498799999,1595642.22423000,3094,1288382.50000000,904315.85561000,0
1717498800000,0.70420000,0.70560000,0.70170000,0.70480000,1270726.40000000,1717502399999,894271.57585000,2123,690108.50000000,485602.49362000,0
1717502400000,0.70480000,0.70700000,0.70290000,0.70680000,2163497.30000000,1717505999999,1526223.76673000,3232,969559.10000000,683908.89411000,0
1717506000000,0.70690000,0.71140000,0.70680000,0.70970000,2890345.10000000,1717509599999,2049254.95752000,4986,1439995.80000000,1021021.18291000,0
1717509600000,0.70980000,0.71480000,0.70870000,0.71160000,3897053.90000000,1717513199999,2773663.59130000,6366,1870181.20000000,1330917.89747000,0
1717513200000,0.71170000,0.71580000,0.70940000,0.71370000,2642266.80000000,1717516799999,1885525.25148000,5036,1215481.70000000,867615.07852000,0
1717516800000,0.71370000,0.71500000,0.71170000,0.71370000,1723237.30000000,1717520399999,1229721.97402000,3245,816503.80000000,582735.78499000,0
1717520400000,0.71380000,0.71600000,0.71160000,0.71510000,1908427.50000000,1717523999999,1361529.26060000,3070,940501.10000000,671017.09797000,0
1717524000000,0.71520000,0.71940000,0.71520000,0.71660000,1882347.50000000,1717527599999,1350749.46051000,3868,800260.50000000,574277.66743000,0
1717527600000,0.71660000,0.71680000,0.70920000,0.71350000,1850450.90000000,1717531199999,1319380.15274000,3588,808632.50000000,576467.33694000,0
1717531200000,0.71350000,0.71460000,0.71110000,0.71370000,779735.10000000,1717534799999,555744.71529000,1844,353657.80000000,252102.46318000,0
1717534800000,0.71380000,0.71460000,0.71170000,0.71440000,1018693.30000000,1717538399999,726549.38449000,1744,512577.90000000,365554.50572000,0
1717538400000,0.71450000,0.71530000,0.71240000,0.71470000,1053836.70000000,1717541999999,752400.18880000,1835,506880.30000000,361911.79258000,0
1717542000000,0.71470000,0.71590000,0.71360000,0.71500000,507178.40000000,1717545599999,362521.87619000,1091,257591.70000000,184125.91166000,0
1717545600000,0.71500000,0.71830000,0.71450000,0.71640000,1136756.90000000,1717549199999,814576.86881000,2126,498879.30000000,357472.09957000,0
1717549200000,0.71640000,0.71980000,0.71520000,0.71830000,1333484.50000000,1717552799999,957618.58827000,2407,637603.90000000,457982.01244000,0
1717552800000,0.71830000,0.71880000,0.71400000,0.71510000,1267786.80000000,1717556399999,907418.39347000,2387,518674.00000000,371161.43764000,0
1717556400000,0.71510000,0.71790000,0.71480000,0.71720000,963193.40000000,1717559999999,690070.89487000,1727,588087.80000000,421304.26672000,0
1717560000000,0.71730000,0.71770000,0.71420000,0.71710000,1285761.80000000,1717563599999,920864.66371000,2478,654278.50000000,468633.01368000,0
1717563600000,0.71720000,0.71730000,0.71340000,0.71690000,1950179.60000000,1717567199999,1395720.99499000,2739,1108590.10000000,793393.89944000,0
1717567200000,0.71690000,0.72170000,0.71640000,0.71960000,1688248.60000000,1717570799999,1214613.67379000,3361,1036686.90000000,746008.92309000,0
1717570800000,0.71950000,0.72030000,0.71680000,0.71760000,1279715.40000000,1717574399999,919332.80682000,2487,675363.00000000,485183.12969000,0
1717574400000,0.71750000,0.71830000,0.71400000,0.71450000,1196440.80000000,1717577999999,856523.60356000,2276,559755.10000000,400759.38724000,0
1717578000000,0.71460000,0.71610000,0.71250000,0.71370000,1005676.80000000,1717581599999,718637.03907000,2156,478042.10000000,341633.72127000,0
1717581600000,0.71380000,0.71490000,0.71230000,0.71360000,1124252.20000000,1717585199999,802618.35024000,2221,540504.10000000,385898.44721000,0
1717585200000,0.71350000,0.71500000,0.71250000,0.71440000,803194.60000000,1717588799999,573654.69502000,1676,443243.90000000,316580.73765000,0
1717588800000,0.71440000,0.71510000,0.71140000,0.71250000,1611606.40000000,1717592399999,1149890.93073000,2853,844208.30000000,602234.02723000,0
1717592400000,0.71250000,0.71330000,0.70910000,0.71030000,1866030.20000000,1717595999999,1327069.77942000,3474,974107.70000000,692816.36009000,0
1717596000000,0.71020000,0.71330000,0.70780000,0.71250000,1725969.00000000,1717599599999,1226621.17992000,3441,950905.10000000,675719.80657000,0
1717599600000,0.71250000,0.71680000,0.71170000,0.71660000,1812204.60000000,1717603199999,1295095.56751000,3194,966419.90000000,690554.92011000,0
1717603200000,0.71660000,0.72140000,0.71440000,0.71570000,2228873.90000000,1717606799999,1600861.13222000,4650,1212697.10000000,870947.25884000,0
1717606800000,0.71560000,0.72000000,0.71520000,0.71940000,1043800.20000000,1717610399999,749165.76907000,2028,507526.10000000,364248.75853000,0
1717610400000,0.71950000,0.72420000,0.71850000,0.72000000,2134871.00000000,1717613999999,1540880.53257000,4924,981198.90000000,708062.91212000,0
1717614000000,0.71980000,0.72450000,0.71930000,0.72420000,1239315.70000000,1717617599999,894035.43588000,2630,665833.10000000,480254.56620000,0
1717617600000,0.72420000,0.72650000,0.72340000,0.72470000,1275281.20000000,1717621199999,924369.69428000,2892,692393.60000000,501814.46510000,0
1717621200000,0.72470000,0.72510000,0.72260000,0.72370000,1112081.00000000,1717624799999,804913.58628000,1879,607573.20000000,439786.52771000,0
1717624800000,0.72380000,0.72420000,0.72160000,0.72240000,876508.30000000,1717628399999,633370.88663000,1563,410895.10000000,296917.98647000,0
1717628400000,0.72240000,0.72580000,0.72160000,0.72490000,1061967.80000000,1717631999999,768608.26020000,2649,564298.60000000,408454.22081000,0
1717632000000,0.72490000,0.72600000,0.72440000,0.72470000,621877.80000000,1717635599999,450964.15874000,1427,276037.90000000,200188.27703000,0
1717635600000,0.72480000,0.72720000,0.72290000,0.72530000,1341609.50000000,1717639199999,973133.83223000,2172,701799.50000000,509037.82187000,0
1717639200000,0.72530000,0.72700000,0.72420000,0.72430000,1016308.30000000,1717642799999,737658.69846000,1549,481668.30000000,349581.19649000,0
1717642800000,0.72420000,0.72460000,0.72050000,0.72090000,752134.70000000,1717646399999,543539.02328000,1653,300180.50000000,216908.79301000,0
1717646400000,0.72100000,0.72340000,0.71900000,0.72190000,1479612.10000000,1717649999999,1067064.08130000,2780,626445.70000000,451977.58035000,0
1717650000000,0.72180000,0.72250000,0.71780000,0.71860000,1144889.30000000,1717653599999,823709.28762000,2021,440870.90000000,317251.13039000,0
1717653600000,0.71860000,0.71930000,0.71580000,0.71740000,811039.30000000,1717657199999,581835.05087000,1806,350250.20000000,251335.82610000,0
1717657200000,0.71740000,0.71830000,0.71580000,0.71780000,601825.10000000,1717660799999,431641.39212000,1567,292713.90000000,209923.48409000,0
1717660800000,0.71780000,0.71800000,0.71400000,0.71610000,2631354.80000000,1717664399999,1882243.09983000,5605,1148081.80000000,821313.61651000,0
1717664400000,0.71610000,0.71830000,0.71590000,0.71750000,678059.50000000,1717667999999,486117.91207000,1598,403954.50000000,289607.83151000,0
1717668000000,0.71750000,0.71780000,0.71500000,0.71720000,1025268.30000000,1717671599999,734393.57693000,1942,514384.30000000,368484.76644000,0
1717671600000,0.71720000,0.71930000,0.71610000,0.71930000,926953.40000000,1717675199999,665048.42233000,1821,530757.00000000,380772.70188000,0
1717675200000,0.71940000,0.73290000,0.71880000,0.72400000,7914669.10000000,1717678799999,5753038.01632000,14637,4247205.10000000,3085272.20801000,0
1717678800000,0.72410000,0.72780000,0.72090000,0.72390000,3238832.30000000,1717682399999,2345830.68518000,6384,1688831.70000000,1222971.00464000,0
1717682400000,0.72380000,0.74190000,0.72230000,0.73680000,8630712.70000000,1717685999999,6342429.94229000,15207,4569916.20000000,3358435.87118000,0
1717686000000,0.73670000,0.74090000,0.73200000,0.73240000,3343969.60000000,1717689599999,2464697.78415000,6306,1816044.60000000,1338820.63041000,0
1717689600000,0.73220000,0.73900000,0.73040000,0.73610000,3820753.30000000,1717693199999,2809700.86394000,7131,1827825.10000000,1344227.61183000,0
1717693200000,0.73610000,0.73800000,0.73300000,0.73630000,1981793.30000000,1717696799999,1458661.68791000,4406,1068748.00000000,786660.97168000,0
1717696800000,0.73630000,0.73680000,0.73170000,0.73460000,1261341.00000000,1717700399999,925414.93430000,3723,663376.90000000,486784.00170000,0
1717700400000,0.73460000,0.73460000,0.72220000,0.72280000,2595273.90000000,1717703999999,1887378.48593000,5436,1064522.20000000,774190.84613000,0
1717704000000,0.72270000,0.72940000,0.71740000,0.72900000,3093271.40000000,1717707599999,2235918.20179000,5866,1505451.40000000,1088513.93598000,0
1717707600000,0.72900000,0.72970000,0.72590000,0.72830000,1086933.40000000,1717711199999,791060.87612000,1978,473284.80000000,344446.68228000,0
1717711200000,0.72830000,0.73100000,0.72700000,0.72720000,1027004.10000000,1717714799999,748499.17206000,2058,497689.10000000,362780.97601000,0
1717714800000,0.72730000,0.72730000,0.72550000,0.72570000,680836.10000000,1717718399999,494604.63114000,1581,309788.80000000,225067.18326000,0
1717718400000,0.72570000,0.72850000,0.72530000,0.72720000,666789.70000000,1717721999999,484666.28328000,1451,337108.20000000,245022.68789000,0
1717722000000,0.72720000,0.72740000,0.72310000,0.72440000,859720.90000000,1717725599999,623374.08357000,2349,369335.40000000,267835.53701000,0
1717725600000,0.72450000,0.72600000,0.71990000,0.72130000,1367999.30000000,1717729199999,988578.79546000,2606,639680.60000000,462162.95152000,0
1717729200000,0.72140000,0.72310000,0.71960000,0.72260000,680997.70000000,1717732799999,491101.98441000,2053,370061.40000000,266837.20172000,0
1717732800000,0.72250000,0.72460000,0.72170000,0.72420000,1365875.00000000,1717736399999,987519.32609000,2339,734169.60000000,530773.00259000,0
1717736400000,0.72420000,0.72640000,0.72420000,0.72520000,758309.60000000,1717739999999,549943.74681000,1859,538609.30000000,390601.47213000,0
1717740000000,0.72520000,0.72540000,0.72200000,0.72350000,1153855.30000000,1717743599999,834442.86888000,2077,611846.40000000,442430.96311000,0
1717743600000,0.72360000,0.72400000,0.71550000,0.71760000,2887342.90000000,1717747199999,2075885.33060000,5102,1268862.70000000,911653.18202000,0
1717747200000,0.71760000,0.71780000,0.71390000,0.71410000,2723791.60000000,1717750799999,1949026.97208000,3977,1337447.20000000,956999.32219000,0
1717750800000,0.71420000,0.71510000,0.71190000,0.71490000,1306820.50000000,1717754399999,932367.90440000,2873,598837.70000000,427264.00605000,0
1717754400000,0.71480000,0.71720000,0.71180000,0.71400000,2174666.50000000,1717757999999,1553176.01056000,3675,1413587.10000000,1009687.33200000,0
1717758000000,0.71390000,0.72080000,0.71330000,0.72040000,2297092.40000000,1717761599999,1647534.76343000,3991,1318995.60000000,945988.53466000,0
1717761600000,0.72040000,0.72130000,0.70610000,0.71370000,7655889.40000000,1717765199999,5455870.19805000,13802,3501526.20000000,2494687.22014000,0
1717765200000,0.71370000,0.71670000,0.71090000,0.71670000,2118526.70000000,1717768799999,1513901.02772000,3472,1243232.50000000,888505.38926000,0
1717768800000,0.71660000,0.71960000,0.71460000,0.71840000,1701056.10000000,1717772399999,1219278.49523000,3457,974356.80000000,698437.74465000,0
1717772400000,0.71840000,0.71840000,0.71360000,0.71480000,2204619.00000000,1717775999999,1578739.53294000,3837,1253087.00000000,897434.30866000,0
1717776000000,0.71480000,0.71600000,0.70870000,0.71040000,2447922.30000000,1717779599999,1743645.59812000,5112,1201241.90000000,855717.77282000,0
1717779600000,0.71040000,0.71060000,0.69550000,0.69600000,8273134.70000000,1717783199999,5826417.53594000,13493,3449728.60000000,2428075.46277000,0
1717783200000,0.69600000,0.69740000,0.61580000,0.66120000,49228449.30000000,1717786799999,32256676.28196000,105633,23420007.00000000,15334153.39950000,0
1717786800000,0.66110000,0.66510000,0.65470000,0.66200000,7450852.10000000,1717790399999,4923861.13240000,14675,3671934.00000000,2425145.57523000,0
1717790400000,0.66200000,0.66800000,0.65840000,0.66640000,3849037.70000000,1717793999999,2548885.26641000,7022,1840487.10000000,1219868.58445000,0
1717794000000,0.66640000,0.66960000,0.66420000,0.66760000,2933446.80000000,1717797599999,1954832.97541000,5327,1829105.40000000,1218756.29540000,0
1717797600000,0.66760000,0.66930000,0.66670000,0.66800000,2102705.70000000,1717801199999,1403767.80556000,3357,1138202.00000000,759963.32948000,0
1717801200000,0.66800000,0.66820000,0.66600000,0.66700000,1186286.40000000,1717804799999,791335.72936000,2361,481556.40000000,321265.79557000,0
1717804800000,0.66690000,0.66690000,0.66340000,0.66620000,1483211.30000000,1717808399999,985769.34204000,3098,689600.60000000,458328.86585000,0
1717808400000,0.66610000,0.66910000,0.66380000,0.66840000,1655981.40000000,1717811999999,1104254.44760000,3569,871460.00000000,581219.57761000,0
1717812000000,0.66830000,0.66830000,0.66460000,0.66770000,1395755.70000000,1717815599999,930201.37555000,2729,646891.90000000,431164.09621000,0
1717815600000,0.66770000,0.66920000,0.66690000,0.66830000,655209.30000000,1717819199999,437791.60350000,2231,334531.20000000,223514.57360000,0
1717819200000,0.66840000,0.66840000,0.66550000,0.66580000,1267363.30000000,1717822799999,845160.47676000,2772,535769.20000000,357256.93059000,0
1717822800000,0.66580000,0.66750000,0.66410000,0.66560000,1059480.20000000,1717826399999,705178.68365000,2500,557733.40000000,371207.29994000,0
1717826400000,0.66550000,0.66780000,0.66360000,0.66660000,883601.60000000,1717829999999,588058.46541000,2176,410528.60000000,273296.59427000,0
1717830000000,0.66660000,0.66940000,0.66560000,0.66640000,1762630.70000000,1717833599999,1176149.28061000,3493,966669.00000000,645134.53707000,0
1717833600000,0.66640000,0.66640000,0.66210000,0.66240000,1264164.70000000,1717837199999,838992.95838000,3041,647032.70000000,429450.62263000,0
1717837200000,0.66230000,0.66360000,0.66120000,0.66180000,802835.50000000,1717840799999,531704.34925000,2666,474590.40000000,314299.56950000,0
1717840800000,0.66190000,0.66190000,0.65830000,0.65990000,1602730.80000000,1717844399999,1057284.13490000,3748,808790.30000000,533577.69413000,0
1717844400000,0.65990000,0.66030000,0.64890000,0.65100000,2832484.60000000,1717847999999,1852181.45292000,6563,1141012.40000000,746341.94542000,0
1717848000000,0.65100000,0.65380000,0.64750000,0.64970000,2588707.90000000,1717851599999,1684289.06326000,5425,1479893.70000000,962730.78868000,0
1717851600000,0.64960000,0.65140000,0.64310000,0.64950000,4279614.90000000,1717855199999,2771968.38053000,6744,2039663.90000000,1320900.81523000,0
1717855200000,0.64970000,0.65010000,0.64410000,0.64990000,2618092.40000000,1717858799999,1694580.62833000,4961,1094876.00000000,708481.86565000,0
1717858800000,0.64970000,0.65020000,0.64680000,0.64820000,1248929.30000000,1717862399999,810159.84781000,2898,657601.50000000,426519.07001000,0
1717862400000,0.64820000,0.64920000,0.64330000,0.64510000,2289583.70000000,1717865999999,1478287.09615000,4232,1006096.40000000,649642.52271000,0
1717866000000,0.64520000,0.64950000,0.64030000,0.64920000,2602340.20000000,1717869599999,1679727.49311000,5053,1451895.70000000,937134.31167000,0
1717869600000,0.64910000,0.65250000,0.64800000,0.65040000,1495337.90000000,1717873199999,972852.75462000,2866,965071.90000000,627942.44453000,0
1717873200000,0.65040000,0.65200000,0.64850000,0.65020000,1160642.30000000,1717876799999,754914.26001000,2858,529223.00000000,344192.63195000,0
1717876800000,0.65020000,0.65080000,0.64670000,0.64820000,813222.70000000,1717880399999,527801.92417000,1578,361774.00000000,234724.92345000,0
1717880400000,0.64820000,0.65020000,0.64710000,0.64830000,801716.80000000,1717883999999,520263.36489000,1923,414808.10000000,269211.97712000,0
1717884000000,0.64830000,0.64880000,0.64400000,0.64840000,1289800.50000000,1717887599999,833770.12327000,2708,576820.70000000,372761.18936000,0
1717887600000,0.64830000,0.65010000,0.64660000,0.64970000,400841.00000000,1717891199999,259955.03241000,1115,210845.90000000,136753.31223000,0
1717891200000,0.64970000,0.65050000,0.64850000,0.64980000,640491.00000000,1717894799999,415993.47249000,1484,310695.70000000,201787.78840000,0
1717894800000,0.64970000,0.65330000,0.64910000,0.65160000,841316.80000000,1717898399999,548088.13773000,1962,469934.40000000,306127.15597000,0
1717898400000,0.65160000,0.65160000,0.64430000,0.64450000,1311430.30000000,1717901999999,848664.49679000,2643,640392.30000000,414314.34831000,0
1717902000000,0.64460000,0.64900000,0.64430000,0.64840000,711080.40000000,1717905599999,460126.67385000,1883,489147.40000000,316613.22721000,0
1717905600000,0.64840000,0.64890000,0.64700000,0.64780000,551927.30000000,1717909199999,357748.77848000,1534,299382.50000000,194037.86654000,0
1717909200000,0.64780000,0.65060000,0.64500000,0.65050000,1175187.80000000,1717912799999,762208.80899000,1930,650335.20000000,421867.12591000,0
1717912800000,0.65050000,0.65240000,0.65030000,0.65110000,694132.60000000,1717916399999,452120.11389000,1470,291406.00000000,189800.13451000,0
1717916400000,0.65120000,0.65310000,0.65030000,0.65230000,581922.20000000,1717919999999,379320.59520000,1419,316661.30000000,206408.83077000,0
1717920000000,0.65230000,0.65500000,0.65150000,0.65440000,799945.40000000,1717923599999,522983.96565000,2277,414500.80000000,271035.44226000,0
1717923600000,0.65430000,0.65660000,0.65380000,0.65600000,671344.20000000,1717927199999,440091.37324000,1661,316054.40000000,207146.10629000,0
1717927200000,0.65600000,0.65610000,0.65340000,0.65380000,844893.60000000,1717930799999,552834.46141000,1689,368997.10000000,241437.80035000,0
1717930800000,0.65380000,0.65390000,0.65160000,0.65170000,1110940.90000000,1717934399999,725003.11245000,1905,619404.10000000,404232.32649000,0
1717934400000,0.65160000,0.65530000,0.65070000,0.65390000,2090748.10000000,1717937999999,1364339.15254000,2944,1217962.00000000,794678.51473000,0
1717938000000,0.65390000,0.65470000,0.64760000,0.64920000,2052457.40000000,1717941599999,1334430.32717000,3184,989889.60000000,643361.33722000,0
1717941600000,0.64920000,0.65180000,0.64790000,0.65110000,989684.70000000,1717945199999,643289.79517000,2152,534026.90000000,347159.13364000,0
1717945200000,0.65100000,0.65200000,0.64970000,0.65010000,737111.60000000,1717948799999,479618.72235000,2168,325135.60000000,211581.78972000,0
1717948800000,0.65010000,0.65160000,0.64960000,0.65130000,585430.10000000,1717952399999,380975.94000000,1608,250507.50000000,163006.04492000,0
1717952400000,0.65130000,0.65250000,0.65040000,0.65120000,646264.20000000,1717955999999,420987.31411000,1352,233704.00000000,152228.54187000,0
1717956000000,0.65110000,0.65430000,0.65080000,0.65390000,1029526.40000000,1717959599999,672468.04784000,1684,428249.10000000,279749.99118000,0
1717959600000,0.65390000,0.65570000,0.65360000,0.65520000,539992.70000000,1717963199999,353452.80751000,1456,383414.70000000,250955.43912000,0
1717963200000,0.65530000,0.65640000,0.65380000,0.65400000,390855.90000000,1717966799999,256081.18989000,1227,147778.70000000,96816.00938000,0
1717966800000,0.65400000,0.65600000,0.65310000,0.65550000,570551.10000000,1717970399999,373299.41587000,1203,288868.10000000,188978.21290000,0
1717970400000,0.65550000,0.65680000,0.65410000,0.65480000,478545.60000000,1717973999999,313522.35581000,1177,185330.10000000,121396.47347000,0
1717974000000,0.65470000,0.65530000,0.65410000,0.65520000,233111.00000000,1717977599999,152626.13133000,651,145374.60000000,95184.02284000,0
1717977600000,0.65520000,0.65530000,0.65040000,0.65150000,911877.20000000,1717981199999,594614.98946000,1983,444951.70000000,290025.53008000,0
1717981200000,0.65130000,0.65350000,0.64930000,0.65100000,814479.10000000,1717984799999,530484.57168000,1967,510245.80000000,332339.66352000,0
1717984800000,0.65090000,0.65190000,0.64830000,0.64860000,1161086.30000000,1717988399999,754972.51654000,1955,549575.00000000,357477.46010000,0
1717988400000,0.64860000,0.64900000,0.64480000,0.64600000,1007140.90000000,1717991999999,651938.02495000,2308,625414.40000000,404847.78929000,0
1717992000000,0.64600000,0.64730000,0.64390000,0.64660000,1125163.70000000,1717995599999,726715.80694000,1986,632081.20000000,408258.95837000,0
1717995600000,0.64670000,0.64670000,0.64240000,0.64460000,1433402.40000000,1717999199999,924159.30217000,2612,670971.00000000,432496.94966000,0
1717999200000,0.64460000,0.64480000,0.63750000,0.64050000,2677210.80000000,1718002799999,1715210.01373000,4325,1434403.50000000,918791.29394000,0
1718002800000,0.64060000,0.64320000,0.63540000,0.63630000,2280908.50000000,1718006399999,1458097.99036000,3840,887066.40000000,567320.18426000,0
1718006400000,0.63630000,0.64550000,0.63620000,0.64490000,1625574.70000000,1718009999999,1043307.59060000,3285,752466.50000000,482534.21662000,0
1718010000000,0.64490000,0.64650000,0.64200000,0.64640000,1866679.40000000,1718013599999,1202865.12393000,2694,1157276.20000000,745610.03382000,0
1718013600000,0.64640000,0.64830000,0.64580000,0.64780000,886420.60000000,1718017199999,573705.90415000,2348,409816.30000000,265214.30875000,0
1718017200000,0.64780000,0.64940000,0.64630000,0.64800000,743709.70000000,1718020799999,481762.70145000,1852,279483.10000000,181054.06121000,0
1718020800000,0.64800000,0.64810000,0.64430000,0.64500000,935841.10000000,1718024399999,604642.88560000,2190,398627.00000000,257501.93216000,0
1718024400000,0.64500000,0.64710000,0.64140000,0.64490000,1919733.40000000,1718027999999,1236646.15741000,3650,983441.80000000,633359.58729000,0
1718028000000,0.64480000,0.65070000,0.64280000,0.64990000,1254322.90000000,1718031599999,810807.94314000,2505,584330.50000000,378009.62108000,0
1718031600000,0.64990000,0.65590000,0.64910000,0.65360000,1699628.40000000,1718035199999,1109037.61628000,3161,913335.90000000,596045.26499000,0
1718035200000,0.65370000,0.65520000,0.65040000,0.65470000,1417026.80000000,1718038799999,925831.67979000,2556,699325.80000000,456942.85170000,0
1718038800000,0.65480000,0.65520000,0.65200000,0.65520000,777974.60000000,1718042399999,508253.97905000,2211,358582.60000000,234253.55969000,0
1718042400000,0.65520000,0.66800000,0.65100000,0.65850000,9389305.20000000,1718045999999,6188969.77484000,15590,4241388.10000000,2793983.29034000,0
1718046000000,0.65860000,0.66140000,0.65040000,0.65130000,3101687.70000000,1718049599999,2034175.06889000,4737,1493550.20000000,979490.57682000,0
1718049600000,0.65100000,0.65240000,0.64380000,0.64880000,2814987.00000000,1718053199999,1823313.06653000,4707,1356031.00000000,878188.79570000,0
1718053200000,0.64880000,0.65000000,0.64580000,0.64920000,736853.30000000,1718056799999,477349.37295000,1465,342505.80000000,221973.53332000,0
1718056800000,0.64920000,0.64970000,0.64560000,0.64970000,900234.80000000,1718060399999,582958.85341000,1362,457074.30000000,295963.78969000,0
1718060400000,0.64980000,0.65280000,0.64740000,0.64980000,1471067.90000000,1718063999999,956898.33574000,2139,662475.20000000,431004.12155000,0
1718064000000,0.64980000,0.65080000,0.64500000,0.64760000,1056889.60000000,1718067599999,685254.90737000,1630,425027.80000000,275605.37710000,0
1718067600000,0.64760000,0.65200000,0.63100000,0.63860000,5652265.80000000,1718071199999,3618056.97006000,9489,2610208.20000000,1671178.68334000,0
1718071200000,0.63850000,0.64410000,0.63210000,0.64280000,7021515.70000000,1718074799999,4483344.06415000,11085,3131807.30000000,1998750.35197000,0
1718074800000,0.64270000,0.64660000,0.64150000,0.64520000,3245890.60000000,1718078399999,2090834.80265000,4424,1626147.00000000,1047474.14854000,0
1718078400000,0.64510000,0.64750000,0.63840000,0.64630000,5049529.10000000,1718081999999,3248659.69496000,6672,2348444.40000000,1510619.59552000,0
1718082000000,0.64630000,0.64760000,0.64330000,0.64610000,1868697.90000000,1718085599999,1206046.43748000,3273,780725.90000000,503961.12806000,0
1718085600000,0.64590000,0.64590000,0.63180000,0.63780000,2905521.20000000,1718089199999,1855428.15041000,5155,1419298.40000000,906055.75169000,0
1718089200000,0.63760000,0.64400000,0.63570000,0.64210000,2609747.60000000,1718092799999,1672335.20866000,3900,1305737.90000000,836723.35265000,0
1718092800000,0.64200000,0.64580000,0.64150000,0.64210000,2813515.20000000,1718096399999,1810938.79118000,4261,1288231.80000000,829142.01125000,0
1718096400000,0.64210000,0.64480000,0.63940000,0.64150000,1763182.70000000,1718099999999,1131559.88544000,3037,902626.30000000,579398.00047000,0
1718100000000,0.64140000,0.64580000,0.64020000,0.64110000,1376122.10000000,1718103599999,884980.41808000,2687,702343.20000000,451828.68851000,0
1718103600000,0.64110000,0.64120000,0.63660000,0.63660000,2125601.40000000,1718107199999,1357214.77100000,3755,1031728.50000000,658792.41859000,0
1718107200000,0.63660000,0.63970000,0.62920000,0.62990000,4473417.60000000,1718110799999,2833404.24780000,7576,2503082.10000000,1585805.57725000,0
1718110800000,0.62980000,0.63270000,0.62040000,0.62470000,7615179.10000000,1718114399999,4762114.75180000,13314,3641159.80000000,2276444.42465000,0
1718114400000,0.62470000,0.63110000,0.62270000,0.62910000,3502895.60000000,1718117999999,2200678.24882000,4819,1812106.90000000,1138322.56997000,0
1718118000000,0.62910000,0.63170000,0.60900000,0.61740000,14627664.10000000,1718121599999,9049220.00298000,20974,6460143.70000000,3995769.23638000,0
1718121600000,0.61730000,0.62390000,0.61610000,0.61870000,3861655.40000000,1718125199999,2396856.50209000,6842,1901504.90000000,1179870.08213000,0
1718125200000,0.61870000,0.62320000,0.61240000,0.62120000,3068023.80000000,1718128799999,1895579.57676000,5439,1545938.80000000,955406.53481000,0
1718128800000,0.62110000,0.62530000,0.62080000,0.62300000,1653124.60000000,1718132399999,1029852.07083000,2930,819215.30000000,510371.15538000,0
1718132400000,0.62300000,0.62470000,0.62030000,0.62380000,1438917.40000000,1718135999999,895408.63245000,3135,905121.50000000,563077.37435000,0
1718136000000,0.62380000,0.62380000,0.62040000,0.62210000,960187.50000000,1718139599999,597200.96156000,2120,435438.70000000,270827.33184000,0
1718139600000,0.62200000,0.62250000,0.61960000,0.62070000,772264.10000000,1718143199999,479478.69950000,1932,376342.60000000,233671.52111000,0
1718143200000,0.62080000,0.62110000,0.61760000,0.61870000,1331492.50000000,1718146799999,824806.19078000,1790,669099.50000000,414519.89213000,0
1718146800000,0.61870000,0.62090000,0.61620000,0.61760000,844499.70000000,1718150399999,522177.40921000,1495,384752.50000000,238009.26281000,0
1718150400000,0.61750000,0.61990000,0.61450000,0.61560000,1068211.70000000,1718153999999,658763.27819000,2130,381870.10000000,235452.67841000,0
1718154000000,0.61560000,0.61760000,0.60550000,0.61350000,3300855.30000000,1718157599999,2014037.38771000,6177,1488271.40000000,907920.15726000,0
1718157600000,0.61340000,0.62060000,0.61240000,0.62050000,1884826.80000000,1718161199999,1164583.31104000,3243,868764.30000000,537084.59219000,0
1718161200000,0.62040000,0.62410000,0.62020000,0.62320000,2008876.10000000,1718164799999,1249515.83261000,2677,1068749.70000000,664615.92066000,0
1718164800000,0.62320000,0.62630000,0.62180000,0.62610000,1417475.70000000,1718168399999,884748.74786000,2387,710981.10000000,443863.66175000,0
1718168400000,0.62610000,0.62650000,0.62290000,0.62350000,979250.70000000,1718171999999,611424.40811000,1696,367283.40000000,229309.93648000,0
1718172000000,0.62360000,0.62660000,0.62360000,0.62460000,701398.90000000,1718175599999,438571.94702000,1411,337443.00000000,211023.14924000,0
1718175600000,0.62490000,0.62650000,0.62390000,0.62600000,1317899.10000000,1718179199999,823712.12177000,2362,631274.60000000,394682.87242000,0
1718179200000,0.62610000,0.62680000,0.62290000,0.62350000,4720560.10000000,1718182799999,2947201.24412000,6052,2003458.80000000,1250544.39986000,0
1718182800000,0.62360000,0.62570000,0.62170000,0.62480000,3264413.10000000,1718186399999,2033613.75934000,4085,1320639.70000000,822945.38963000,0
1718186400000,0.62480000,0.62780000,0.62460000,0.62490000,1673415.80000000,1718189999999,1047973.49059000,3143,934685.50000000,585379.88614000,0
1718190000000,0.62500000,0.62540000,0.62070000,0.62130000,1192434.60000000,1718193599999,742858.06969000,2243,554802.60000000,345706.28961000,0
1718193600000,0.62140000,0.64220000,0.62140000,0.64180000,8556162.40000000,1718197199999,5429676.66269000,14526,4481036.20000000,2843533.97650000,0
1718197200000,0.64180000,0.64540000,0.63680000,0.63930000,3191585.50000000,1718200799999,2046428.99282000,6197,1576243.40000000,1010517.76125000,0
1718200800000,0.63940000,0.64820000,0.63940000,0.64760000,2169470.70000000,1718204399999,1398367.90822000,4888,1315219.00000000,847596.54726000,0
1718204400000,0.64750000,0.64950000,0.64410000,0.64810000,1616468.20000000,1718207999999,1046214.66221000,3892,730676.30000000,472896.61809000,0
1718208000000,0.64820000,0.64990000,0.64400000,0.64590000,5352800.20000000,1718211599999,3458544.13851000,8239,1621424.90000000,1048389.81082000,0
1718211600000,0.64600000,0.64990000,0.64420000,0.64990000,1335651.80000000,1718215199999,864340.85227000,2611,778983.90000000,504197.01966000,0
1718215200000,0.64990000,0.64990000,0.62990000,0.64140000,10814726.40000000,1718218799999,6955251.11354000,19661,4908412.30000000,3155876.67314000,0
1718218800000,0.64130000,0.65100000,0.62910000,0.63250000,8362925.90000000,1718222399999,5343499.97710000,12749,4153581.20000000,2654587.33684000,0
1718222400000,0.63260000,0.64320000,0.63030000,0.64160000,2736748.10000000,1718225999999,1744320.72567000,4273,1460402.10000000,931135.95626000,0
1718226000000,0.64170000,0.64430000,0.64170000,0.64210000,731425.50000000,1718229599999,470378.92980000,1433,380657.50000000,244793.41090000,0
1718229600000,0.64220000,0.64510000,0.64130000,0.64490000,649374.00000000,1718233199999,417750.94937000,1286,331716.70000000,213418.41662000,0
1718233200000,0.64480000,0.64530000,0.64330000,0.64470000,717363.90000000,1718236799999,462202.74181000,1171,321806.30000000,207346.34108000,0
1718236800000,0.64460000,0.64600000,0.64010000,0.64450000,1145487.60000000,1718240399999,737550.35761000,2114,596226.20000000,384100.99112000,0
1718240400000,0.64460000,0.64490000,0.63730000,0.63810000,990250.50000000,1718243999999,634649.45129000,1961,399735.60000000,256097.44055000,0
1718244000000,0.63800000,0.64090000,0.63100000,0.63160000,2438976.20000000,1718247599999,1551817.61557000,4807,1127078.10000000,716957.16819000,0
1718247600000,0.63170000,0.63230000,0.62350000,0.63210000,4387593.20000000,1718251199999,2757193.71899000,7232,2010336.30000000,1263379.45485000,0
1718251200000,0.63220000,0.63570000,0.63190000,0.63310000,1457342.20000000,1718254799999,924163.76189000,3196,579126.60000000,367195.54776000,0
1718254800000,0.63300000,0.63480000,0.63130000,0.63200000,753606.10000000,1718258399999,476873.14261000,1653,304450.50000000,192731.05090000,0
1718258400000,0.63210000,0.63300000,0.62840000,0.62850000,1125588.90000000,1718261999999,710006.07085000,2644,531616.30000000,335353.57831000,0
1718262000000,0.62840000,0.63070000,0.62710000,0.63000000,1071900.20000000,1718265599999,674416.02069000,2325,511996.10000000,322097.10610000,0
1718265600000,0.63010000,0.63030000,0.62740000,0.62870000,750729.20000000,1718269199999,472144.66037000,1528,413783.30000000,260198.38592000,0
1718269200000,0.62840000,0.62870000,0.62340000,0.62730000,1014693.30000000,1718272799999,635198.41252000,2122,445879.40000000,279095.37393000,0
1718272800000,0.62730000,0.62900000,0.62410000,0.62770000,824256.30000000,1718276399999,516594.03932000,1731,346675.20000000,217343.36966000,0
1718276400000,0.62760000,0.62770000,0.62180000,0.62260000,1792058.90000000,1718279999999,1119012.89050000,2697,889349.50000000,555232.97664000,0
1718280000000,0.62270000,0.63110000,0.62070000,0.62340000,3510360.70000000,1718283599999,2198493.19889000,5921,1685380.50000000,1055770.89713000,0
1718283600000,0.62350000,0.62990000,0.62230000,0.62470000,1577008.50000000,1718287199999,987326.39989000,2676,709882.00000000,444780.33733000,0
1718287200000,0.62500000,0.62700000,0.61970000,0.62390000,3511929.00000000,1718290799999,2191406.33347000,4948,1699069.90000000,1060217.87384000,0
1718290800000,0.62400000,0.62520000,0.60740000,0.60950000,11501848.50000000,1718294399999,7047878.69813000,18037,3840621.90000000,2354509.47399000,0
1718294400000,0.60950000,0.61370000,0.59990000,0.60850000,15892367.00000000,1718297999999,9632180.62599000,25323,5201719.50000000,3154946.81837000,0
1718298000000,0.60840000,0.61250000,0.60710000,0.61200000,1720532.10000000,1718301599999,1048337.34505000,3193,872403.10000000,531739.55917000,0
1718301600000,0.61190000,0.61520000,0.61100000,0.61360000,1301469.60000000,1718305199999,798140.20909000,2332,595150.00000000,364923.76339000,0
1718305200000,0.61360000,0.61400000,0.60990000,0.61000000,1256755.60000000,1718308799999,768879.24904000,1770,542908.00000000,332280.89007000,0
1718308800000,0.60980000,0.61090000,0.60530000,0.60630000,1056159.20000000,1718312399999,642184.83907000,1987,496060.90000000,301699.39831000,0
1718312400000,0.60630000,0.60670000,0.60110000,0.60570000,2770430.90000000,1718315999999,1672924.64148000,4280,1489079.80000000,898941.86256000,0
1718316000000,0.60570000,0.60700000,0.60320000,0.60530000,964223.60000000,1718319599999,583832.31683000,1482,501559.50000000,303670.47453000,0
1718319600000,0.60530000,0.60560000,0.60050000,0.60480000,1219999.90000000,1718323199999,736084.12225000,1957,612023.70000000,369272.87397000,0
1718323200000,0.60480000,0.60720000,0.60160000,0.60480000,2703927.60000000,1718326799999,1634045.04773000,4657,1212510.30000000,732883.64540000,0
1718326800000,0.60470000,0.60860000,0.60050000,0.60770000,3155298.30000000,1718330399999,1906769.92732000,4319,1587363.30000000,959262.11233000,0
1718330400000,0.60770000,0.61130000,0.60680000,0.61080000,1925658.10000000,1718333999999,1173011.24235000,2891,873117.40000000,531813.78158000,0
1718334000000,0.61080000,0.61210000,0.60570000,0.60620000,1353323.20000000,1718337599999,824915.40106000,2235,710733.00000000,433169.19422000,0
1718337600000,0.60650000,0.60920000,0.60510000,0.60880000,1260676.40000000,1718341199999,764649.28738000,2009,756989.30000000,459076.48790000,0
1718341200000,0.60880000,0.61300000,0.60880000,0.61230000,1871197.00000000,1718344799999,1143712.27122000,2637,1004177.30000000,613719.63487000,0
1718344800000,0.61220000,0.61270000,0.60960000,0.60990000,1259206.70000000,1718348399999,769274.56994000,2022,765212.50000000,467469.35232000,0
1718348400000,0.60990000,0.61050000,0.60790000,0.60930000,1140099.30000000,1718351999999,694735.26963000,2011,595929.30000000,363088.75427000,0
1718352000000,0.60920000,0.61260000,0.60780000,0.61140000,1732012.60000000,1718355599999,1058160.24905000,2489,1090702.50000000,666437.51720000,0
1718355600000,0.61140000,0.61210000,0.60820000,0.60920000,1046926.80000000,1718359199999,638598.64725000,1811,473729.70000000,288971.29331000,0
1718359200000,0.60920000,0.61050000,0.60730000,0.60930000,785234.90000000,1718362799999,478356.64069000,1840,506422.90000000,308522.36317000,0
1718362800000,0.60930000,0.61150000,0.60700000,0.60960000,976611.10000000,1718366399999,595696.75977000,1827,487193.60000000,297194.97894000,0
1718366400000,0.60960000,0.61100000,0.60660000,0.60800000,1312590.40000000,1718369999999,799476.01855000,2208,698737.10000000,425758.71664000,0
1718370000000,0.60800000,0.61130000,0.60760000,0.60950000,1844760.80000000,1718373599999,1125368.75616000,2570,968918.60000000,591137.71803000,0
1718373600000,0.60930000,0.60980000,0.59620000,0.60170000,5009621.20000000,1718377199999,3010676.72813000,7907,2351970.10000000,1413228.72989000,0
1718377200000,0.60190000,0.60420000,0.59440000,0.59650000,3269785.50000000,1718380799999,1957331.38356000,6698,1480149.10000000,886125.01893000,0
1718380800000,0.59650000,0.59850000,0.57010000,0.58190000,22720891.20000000,1718384399999,13212318.70837000,36059,10260949.60000000,5965792.20665000,0
1718384400000,0.58180000,0.58270000,0.57730000,0.57950000,4519332.80000000,1718387999999,2618606.45360000,9938,1877294.90000000,1087692.11813000,0
1718388000000,0.57950000,0.58050000,0.57240000,0.57770000,4697230.60000000,1718391599999,2706474.89582000,9849,1853806.30000000,1068129.89404000,0
1718391600000,0.57760000,0.58080000,0.57540000,0.57640000,2774910.80000000,1718395199999,1603129.17962000,4378,1367370.40000000,789973.99700000,0
1718395200000,0.57650000,0.57950000,0.57480000,0.57500000,2103233.70000000,1718398799999,1214503.92839000,3356,1074770.20000000,620505.04818000,0
1718398800000,0.57500000,0.59030000,0.57400000,0.58940000,4982948.20000000,1718402399999,2906898.34349000,6491,2457013.80000000,1431957.26656000,0
1718402400000,0.58940000,0.58980000,0.58420000,0.58970000,2367563.80000000,1718405999999,1389290.30886000,2938,1074116.70000000,630195.53869000,0
1718406000000,0.58970000,0.59190000,0.58810000,0.59170000,1056676.20000000,1718409599999,623746.57102000,1621,546345.80000000,322497.84920000,0
1718409600000,0.59170000,0.59600000,0.59120000,0.59340000,1755337.40000000,1718413199999,1043045.04381000,2472,1023601.90000000,608248.73582000,0
1718413200000,0.59360000,0.59550000,0.59140000,0.59180000,990700.50000000,1718416799999,587388.97196000,1580,584600.20000000,346516.67421000,0
1718416800000,0.59180000,0.59480000,0.59120000,0.59420000,1274921.90000000,1718420399999,756640.02235000,1752,518178.70000000,307495.69427000,0
1718420400000,0.59420000,0.59540000,0.59250000,0.59490000,1403689.90000000,1718423999999,833730.20478000,1836,747308.50000000,443950.82457000,0
1718424000000,0.59500000,0.59810000,0.59470000,0.59690000,1097014.50000000,1718427599999,654253.94403000,1614,537663.30000000,320574.46369000,0
1718427600000,0.59680000,0.60150000,0.59670000,0.60130000,999519.80000000,1718431199999,599536.81973000,1729,501627.20000000,300895.12203000,0
1718431200000,0.60130000,0.60550000,0.60130000,0.60220000,1427456.50000000,1718434799999,861443.95269000,2494,733059.20000000,442429.64041000,0
1718434800000,0.60230000,0.60370000,0.60130000,0.60210000,1238315.90000000,1718438399999,746360.50199000,2029,532258.20000000,320785.43147000,0
1718438400000,0.60200000,0.60400000,0.60100000,0.60190000,516993.10000000,1718441999999,311412.10634000,1231,264911.50000000,159565.37578000,0
1718442000000,0.60190000,0.60300000,0.59980000,0.60110000,1097268.80000000,1718445599999,659737.69344000,1719,552065.60000000,331993.65266000,0
1718445600000,0.60110000,0.60200000,0.59980000,0.60160000,735393.50000000,1718449199999,441936.71002000,1447,366359.00000000,220244.10023000,0
1718449200000,0.60160000,0.60270000,0.60060000,0.60190000,813420.00000000,1718452799999,489489.14881000,1364,402150.30000000,241994.98925000,0
1718452800000,0.60200000,0.60440000,0.60110000,0.60390000,949555.40000000,1718456399999,572034.46146000,1570,501614.90000000,302198.86719000,0
1718456400000,0.60380000,0.60710000,0.60220000,0.60660000,1252775.80000000,1718459999999,757900.79724000,2288,782855.70000000,473645.66963000,0
1718460000000,0.60660000,0.60980000,0.60400000,0.60830000,1497451.30000000,1718463599999,909057.11551000,3257,802773.10000000,487308.63712000,0
1718463600000,0.60830000,0.61200000,0.60790000,0.61000000,2272513.10000000,1718467199999,1385580.58622000,3381,1161378.10000000,708184.51862000,0
1718467200000,0.61000000,0.61130000,0.60780000,0.60880000,1547127.70000000,1718470799999,942516.43672000,2680,751438.60000000,457759.49882000,0
1718470800000,0.60890000,0.61130000,0.60810000,0.61120000,771825.90000000,1718474399999,470557.69309000,1423,373773.80000000,227885.13985000,0
1718474400000,0.61120000,0.61170000,0.60980000,0.61030000,1236165.70000000,1718477999999,754965.84445000,2051,546610.90000000,333798.29749000,0
1718478000000,0.61010000,0.61340000,0.60870000,0.61280000,1354063.00000000,1718481599999,828164.90243000,5027,761111.90000000,465516.66048000,0
1718481600000,0.61290000,0.61330000,0.60770000,0.61170000,1213869.60000000,1718485199999,741137.69708000,2340,526402.50000000,321663.35870000,0
1718485200000,0.61170000,0.61370000,0.61050000,0.61360000,856790.70000000,1718488799999,524804.02009000,1268,583508.20000000,357498.85972000,0
1718488800000,0.61350000,0.61540000,0.61340000,0.61480000,1123944.50000000,1718492399999,690323.29918000,1621,572431.10000000,351585.07816000,0
1718492400000,0.61470000,0.61840000,0.61440000,0.61720000,783986.30000000,1718495999999,483495.62235000,1542,415236.50000000,256062.38342000,0
1718496000000,0.61710000,0.61780000,0.61380000,0.61410000,1285422.10000000,1718499599999,791306.66275000,2251,494866.60000000,304563.30562000,0
1718499600000,0.61410000,0.61670000,0.61020000,0.61190000,6145719.20000000,1718503199999,3764398.88126000,8242,1785390.30000000,1094228.98912000,0
1718503200000,0.61180000,0.61180000,0.60840000,0.60930000,1916509.20000000,1718506799999,1168973.16191000,3694,1062508.90000000,648001.09029000,0
1718506800000,0.60930000,0.61070000,0.60640000,0.60700000,910032.70000000,1718510399999,553506.85631000,1674,457949.60000000,278575.87537000,0
1718510400000,0.60690000,0.60850000,0.60410000,0.60670000,941105.20000000,1718513999999,570471.34168000,2021,482545.20000000,292517.22295000,0
1718514000000,0.60660000,0.61430000,0.60660000,0.61290000,1042904.40000000,1718517599999,637703.27241000,1937,568848.50000000,347580.98628000,0
1718517600000,0.61280000,0.61480000,0.61260000,0.61370000,715599.60000000,1718521199999,439347.57196000,1360,365246.80000000,224231.03842000,0
1718521200000,0.61400000,0.61450000,0.61110000,0.61170000,1085340.60000000,1718524799999,664508.26222000,1862,537826.60000000,329354.27577000,0
1718524800000,0.61160000,0.61280000,0.60900000,0.60930000,1027724.90000000,1718528399999,627849.68939000,1389,634667.40000000,387915.91533000,0
1718528400000,0.60940000,0.61100000,0.60820000,0.61030000,914579.40000000,1718531999999,557419.57151000,1374,621397.60000000,378705.68808000,0
1718532000000,0.61020000,0.62330000,0.60900000,0.62090000,4211155.50000000,1718535599999,2597280.96811000,6372,2334755.80000000,1437042.21737000,0
1718535600000,0.62090000,0.62200000,0.61410000,0.61420000,1092777.90000000,1718539199999,674951.35083000,2281,502445.00000000,310231.67370000,0
1718539200000,0.61420000,0.61700000,0.61280000,0.61670000,971138.60000000,1718542799999,597116.40917000,1686,480755.80000000,295620.52674000,0
1718542800000,0.61670000,0.62220000,0.61660000,0.62120000,1737754.90000000,1718546399999,1077342.54304000,2791,747334.00000000,463172.54528000,0
1718546400000,0.62120000,0.62710000,0.61970000,0.62110000,2606196.50000000,1718549999999,1624092.89446000,5749,1197408.90000000,746163.30371000,0
1718550000000,0.62110000,0.62830000,0.62080000,0.62740000,1354286.10000000,1718553599999,845249.88295000,2514,743408.90000000,463845.88927000,0
1718553600000,0.62730000,0.62820000,0.61930000,0.62130000,4021029.20000000,1718557199999,2507251.40538000,6661,1886686.40000000,1175154.35628000,0
1718557200000,0.62130000,0.62260000,0.61890000,0.61980000,1103673.40000000,1718560799999,685424.96368000,2587,452598.70000000,281101.06564000,0
1718560800000,0.61980000,0.62080000,0.61740000,0.61810000,703860.20000000,1718564399999,435852.29377000,1392,318026.10000000,196879.00112000,0
1718564400000,0.61800000,0.61900000,0.61570000,0.61870000,1109717.00000000,1718567999999,685329.45901000,1998,629186.70000000,388533.26995000,0
1718568000000,0.61870000,0.62020000,0.61820000,0.61930000,461652.60000000,1718571599999,285921.09636000,1228,149098.10000000,92346.11579000,0
1718571600000,0.61930000,0.61990000,0.61870000,0.61900000,410183.70000000,1718575199999,254015.55702000,766,231490.00000000,143365.52852000,0
1718575200000,0.61900000,0.62480000,0.61900000,0.62230000,2420670.10000000,1718578799999,1506851.03710000,3021,1270253.90000000,790900.34946000,0
1718578800000,0.62250000,0.62380000,0.61880000,0.61950000,682437.40000000,1718582399999,423439.81466000,1003,383854.50000000,238191.90008000,0
1718582400000,0.61950000,0.62080000,0.61410000,0.61570000,1818627.10000000,1718585999999,1122674.77926000,2696,859011.40000000,530252.83401000,0
1718586000000,0.61560000,0.61630000,0.61200000,0.61410000,3376170.90000000,1718589599999,2072654.67287000,4294,1321923.10000000,811281.89233000,0
1718589600000,0.61420000,0.61480000,0.60860000,0.61170000,2269842.90000000,1718593199999,1387628.70870000,3680,899189.20000000,549685.33603000,0
1718593200000,0.61170000,0.61230000,0.60650000,0.60830000,1364051.30000000,1718596799999,831592.19425000,2231,405974.60000000,247470.62479000,0
1718596800000,0.60840000,0.61190000,0.60640000,0.61180000,1249883.80000000,1718600399999,761740.32747000,1945,590076.20000000,359808.58662000,0
1718600400000,0.61180000,0.61390000,0.60780000,0.60990000,1059435.70000000,1718603999999,647830.05992000,2062,444245.00000000,271622.15608000,0
1718604000000,0.61000000,0.61010000,0.60330000,0.60470000,2438016.60000000,1718607599999,1479059.50714000,3505,1037008.60000000,629071.93721000,0
1718607600000,0.60480000,0.60780000,0.59970000,0.60540000,4372825.40000000,1718611199999,2638997.25820000,6098,1878181.50000000,1133338.00026000,0
1718611200000,0.60540000,0.60660000,0.59710000,0.59970000,3033732.70000000,1718614799999,1825050.15920000,4633,1292987.00000000,777795.16786000,0
1718614800000,0.59970000,0.60400000,0.59570000,0.59800000,3987858.20000000,1718618399999,2391006.05419000,5438,1737976.90000000,1042151.11248000,0
1718618400000,0.59800000,0.59900000,0.58840000,0.59650000,7301598.00000000,1718621999999,4327060.23850000,10140,3289182.90000000,1949566.33952000,0
1718622000000,0.59640000,0.59950000,0.59590000,0.59900000,1591660.00000000,1718625599999,951552.89796000,2704,802693.50000000,479964.63166000,0
1718625600000,0.59900000,0.60080000,0.59720000,0.59830000,1517166.40000000,1718629199999,908235.88760000,2836,581400.50000000,348033.01238000,0
1718629200000,0.59820000,0.60070000,0.59060000,0.59270000,3429040.80000000,1718632799999,2041236.40571000,4400,1553156.10000000,924883.14407000,0
1718632800000,0.59270000,0.60020000,0.59260000,0.59700000,2535590.40000000,1718636399999,1515181.42037000,3690,1240818.40000000,741140.67378000,0
1718636400000,0.59710000,0.60010000,0.58890000,0.59040000,2490573.80000000,1718639999999,1479766.51126000,3890,1217084.10000000,723454.54777000,0
1718640000000,0.59040000,0.59510000,0.57430000,0.59150000,10635544.80000000,1718643599999,6214073.01902000,15006,5394195.80000000,3151536.33927000,0
1718643600000,0.59130000,0.59740000,0.59110000,0.59710000,2171599.90000000,1718647199999,1291106.02397000,3392,1131592.30000000,672842.03933000,0
1718647200000,0.59710000,0.60230000,0.59670000,0.60230000,2721132.20000000,1718650799999,1632475.21044000,3456,1343821.40000000,806211.23080000,0
1718650800000,0.60240000,0.60390000,0.59670000,0.59750000,1443145.40000000,1718654399999,866474.04337000,2179,692702.40000000,415881.23409000,0
1718654400000,0.59760000,0.59780000,0.58540000,0.58820000,2830679.30000000,1718657999999,1672838.98216000,4695,1401443.50000000,827675.71108000,0
1718658000000,0.58820000,0.59010000,0.58200000,0.58730000,1917803.10000000,1718661599999,1123204.87541000,2821,974924.70000000,570943.05684000,0
1718661600000,0.58720000,0.59050000,0.58660000,0.58840000,1195893.90000000,1718665199999,704053.30093000,1587,720686.50000000,424273.52975000,0
1718665200000,0.58850000,0.59020000,0.58300000,0.58430000,1069420.60000000,1718668799999,626647.77932000,1546,461625.50000000,270604.84743000,0
1718668800000,0.58420000,0.58690000,0.57230000,0.57970000,5495542.00000000,1718672399999,3178504.93236000,9552,2675075.50000000,1547423.87702000,0
1718672400000,0.57980000,0.58230000,0.51480000,0.53770000,38688694.00000000,1718675999999,21020188.90078000,64068,17755500.90000000,9645003.31592000,0
1718676000000,0.53780000,0.54600000,0.53300000,0.54320000,11945685.10000000,1718679599999,6440696.02130000,18869,6230517.00000000,3359949.82690000,0
1718679600000,0.54320000,0.54610000,0.54060000,0.54600000,4965698.50000000,1718683199999,2696102.40766000,8732,2569071.40000000,1394915.96717000,0
1718683200000,0.54600000,0.54920000,0.54420000,0.54780000,4107017.10000000,1718686799999,2247146.12064000,5558,2164118.70000000,1183993.60641000,0
1718686800000,0.54790000,0.55350000,0.54730000,0.54860000,4758710.40000000,1718690399999,2617197.15635000,6498,2487281.70000000,1367873.27716000,0
1718690400000,0.54860000,0.55020000,0.54570000,0.54630000,2836182.80000000,1718693999999,1554197.78187000,5526,1736201.20000000,951513.44877000,0
1718694000000,0.54640000,0.55350000,0.54610000,0.55240000,3446448.30000000,1718697599999,1898655.98525000,5891,1814974.60000000,999451.79222000,0
1718697600000,0.55240000,0.55700000,0.55160000,0.55660000,2992218.50000000,1718701199999,1659915.62928000,6239,1367542.60000000,758493.69398000,0
1718701200000,0.55670000,0.55710000,0.55230000,0.55540000,3341171.10000000,1718704799999,1854795.52528000,5157,1304781.70000000,724260.92601000,0
1718704800000,0.55540000,0.55850000,0.55240000,0.55800000,2948593.90000000,1718708399999,1638405.77596000,4826,1070244.90000000,594795.56310000,0
1718708400000,0.55790000,0.55860000,0.55080000,0.55480000,4680377.00000000,1718711999999,2592102.27612000,6631,2103017.10000000,1164320.07585000,0
1718712000000,0.55480000,0.55650000,0.54520000,0.55080000,6017953.80000000,1718715599999,3307138.71093000,8574,2876284.30000000,1580286.55649000,0
1718715600000,0.55080000,0.55140000,0.54100000,0.54290000,7478487.30000000,1718719199999,4079839.58808000,8726,3474584.50000000,1895531.27392000,0
1718719200000,0.54280000,0.55370000,0.53750000,0.54420000,10958719.10000000,1718722799999,5975869.41666000,12754,5439791.30000000,2967332.85317000,0
1718722800000,0.54420000,0.55020000,0.54080000,0.54670000,4406381.00000000,1718726399999,2404639.56011000,5366,2294669.10000000,1252335.28918000,0
1718726400000,0.54670000,0.54670000,0.53530000,0.54080000,5006462.20000000,1718729999999,2703335.66367000,7075,2490034.90000000,1344703.30861000,0
1718730000000,0.54090000,0.54310000,0.53440000,0.53620000,3215641.80000000,1718733599999,1731922.21177000,4453,1772481.50000000,954272.70385000,0
1718733600000,0.53650000,0.54000000,0.53150000,0.53590000,2729177.10000000,1718737199999,1463619.02812000,4323,1349756.90000000,723874.78499000,0
1718737200000,0.53580000,0.54340000,0.53170000,0.54300000,4334632.30000000,1718740799999,2329792.44604000,4905,2218237.60000000,1191754.87499000,0
1718740800000,0.54280000,0.55410000,0.54000000,0.55330000,4671397.30000000,1718744399999,2553183.15457000,5840,2585366.50000000,1413560.95050000,0
1718744400000,0.55330000,0.55570000,0.54920000,0.55460000,3932703.80000000,1718747999999,2173676.70741000,5602,1955414.50000000,1080583.32984000,0
1718748000000,0.55460000,0.55570000,0.55110000,0.55470000,1532454.80000000,1718751599999,848493.37223000,2261,882051.90000000,488487.28055000,0
1718751600000,0.55470000,0.55780000,0.55390000,0.55740000,1370544.30000000,1718755199999,761863.54697000,2010,706364.20000000,392654.49539000,0
1718755200000,0.55730000,0.56340000,0.55410000,0.56320000,2393566.20000000,1718758799999,1335732.96440000,4240,1259651.20000000,702935.46794000,0
1718758800000,0.56310000,0.57270000,0.56250000,0.56650000,4946135.80000000,1718762399999,2811875.04509000,7094,2593301.00000000,1474397.39758000,0
1718762400000,0.56660000,0.57390000,0.56660000,0.57100000,2867477.90000000,1718765999999,1637214.27221000,4166,1351409.20000000,771548.78241000,0
1718766000000,0.57110000,0.57430000,0.56870000,0.57040000,2135476.20000000,1718769599999,1219885.23709000,3217,1079659.30000000,616729.91604000,0
1718769600000,0.57040000,0.57390000,0.56890000,0.57350000,1702010.50000000,1718773199999,973186.28246000,2543,849702.60000000,485896.00515000,0
1718773200000,0.57340000,0.57570000,0.57120000,0.57140000,1732688.50000000,1718776799999,992808.22396000,2795,765611.50000000,438738.18544000,0
1718776800000,0.57150000,0.57470000,0.57100000,0.57430000,1432993.80000000,1718780399999,821230.79586000,2269,771851.40000000,442180.83467000,0
1718780400000,0.57430000,0.57680000,0.57100000,0.57670000,3249641.70000000,1718783999999,1865760.82020000,3906,1404625.20000000,806872.15516000,0
1718784000000,0.57670000,0.57680000,0.57110000,0.57230000,2268286.70000000,1718787599999,1301670.31976000,3507,797953.00000000,457839.99660000,0
1718787600000,0.57230000,0.57410000,0.56990000,0.57290000,1553980.10000000,1718791199999,888981.01210000,2633,674446.40000000,385669.05150000,0
1718791200000,0.57290000,0.57860000,0.57180000,0.57810000,1401768.00000000,1718794799999,805821.58733000,2613,751187.70000000,431856.70064000,0
1718794800000,0.57820000,0.57880000,0.57000000,0.57310000,1691402.80000000,1718798399999,969265.32615000,3104,770062.20000000,441319.05162000,0
1718798400000,0.57320000,0.57540000,0.57070000,0.57460000,1113591.50000000,1718801999999,637819.51577000,2772,510323.50000000,292370.44547000,0
1718802000000,0.57460000,0.57620000,0.57340000,0.57430000,1016912.10000000,1718805599999,584285.51106000,2232,511566.70000000,293947.08646000,0
1718805600000,0.57430000,0.57480000,0.56750000,0.57090000,3354793.00000000,1718809199999,1914794.67449000,6117,1456948.30000000,831308.36414000,0
1718809200000,0.57080000,0.57440000,0.57010000,0.57330000,1524624.00000000,1718812799999,872223.22157000,2972,606817.40000000,347243.25530000,0
1718812800000,0.57340000,0.57660000,0.57140000,0.57540000,1197589.50000000,1718816399999,688022.69547000,2602,601293.20000000,345470.01297000,0
1718816400000,0.57540000,0.58170000,0.57520000,0.57890000,2396153.70000000,1718819999999,1388318.66847000,3945,1110106.80000000,643149.67434000,0
1718820000000,0.57890000,0.58050000,0.57660000,0.57740000,833130.10000000,1718823599999,482017.61174000,1639,398214.50000000,230438.13655000,0
1718823600000,0.57740000,0.57760000,0.57400000,0.57640000,910537.60000000,1718827199999,524041.73923000,1737,353149.90000000,203244.64512000,0
1718827200000,0.57650000,0.57810000,0.57450000,0.57750000,983389.80000000,1718830799999,566419.20362000,1753,339282.20000000,195483.02792000,0
1718830800000,0.57750000,0.58140000,0.57700000,0.57960000,894759.60000000,1718834399999,518893.37012000,1585,420685.50000000,243970.99254000,0
1718834400000,0.57960000,0.58100000,0.57720000,0.57720000,867802.40000000,1718837999999,502617.23889000,1429,309485.70000000,179340.84770000,0
1718838000000,0.57730000,0.57900000,0.57450000,0.57690000,1355760.10000000,1718841599999,781265.37413000,2005,512736.20000000,295409.88878000,0
1718841600000,0.57690000,0.57930000,0.57420000,0.57740000,1801444.50000000,1718845199999,1038115.29262000,2737,829940.40000000,477960.71571000,0
1718845200000,0.57740000,0.58390000,0.57460000,0.57880000,4129826.30000000,1718848799999,2397152.96647000,5026,2347727.30000000,1363272.76799000,0
1718848800000,0.57880000,0.58030000,0.57540000,0.57760000,1464621.40000000,1718852399999,845825.81949000,2169,671333.30000000,387772.56083000,0
1718852400000,0.57770000,0.57830000,0.57560000,0.57700000,1039213.00000000,1718855999999,599501.71752000,1412,535139.30000000,308677.08684000,0
1718856000000,0.57690000,0.58010000,0.57470000,0.57970000,1712517.90000000,1718859599999,989467.89098000,2379,790437.70000000,456775.31363000,0
1718859600000,0.57980000,0.58490000,0.57940000,0.58440000,1434238.70000000,1718863199999,834643.07491000,2351,673414.80000000,391803.28285000,0
1718863200000,0.58440000,0.58930000,0.58260000,0.58480000,2850265.00000000,1718866799999,1669996.72463000,4740,1505881.40000000,882642.94866000,0
1718866800000,0.58480000,0.59220000,0.58470000,0.59180000,2607459.00000000,1718870399999,1536930.39934000,3955,1229361.20000000,724462.85757000,0
1718870400000,0.59200000,0.59430000,0.58830000,0.59060000,2416476.10000000,1718873999999,1429530.21195000,3683,988764.80000000,584649.64533000,0
1718874000000,0.59080000,0.59230000,0.58890000,0.58920000,1391907.20000000,1718877599999,822121.98841000,2076,514835.10000000,304095.60407000,0
1718877600000,0.58910000,0.59490000,0.58730000,0.59430000,1788082.40000000,1718881199999,1055909.05913000,2875,987659.50000000,583456.94011000,0
1718881200000,0.59420000,0.59710000,0.58970000,0.59030000,2747840.00000000,1718884799999,1631075.84232000,4154,1211467.60000000,719329.82378000,0
1718884800000,0.59040000,0.59140000,0.58570000,0.58630000,2031735.20000000,1718888399999,1194415.32882000,3222,998466.70000000,587075.55589000,0
1718888400000,0.58640000,0.58710000,0.57840000,0.58070000,4340141.80000000,1718891999999,2523780.37818000,6007,1841527.90000000,1070849.53220000,0
1718892000000,0.58060000,0.58160000,0.57200000,0.57650000,3820105.80000000,1718895599999,2200071.20154000,5709,1849736.70000000,1065288.85969000,0
1718895600000,0.57650000,0.57790000,0.57260000,0.57310000,2086711.60000000,1718899199999,1201128.44076000,2975,944525.00000000,543733.48030000,0
1718899200000,0.57310000,0.57590000,0.56770000,0.57550000,2665792.50000000,1718902799999,1523834.38538000,4207,1252867.70000000,716037.09540000,0
1718902800000,0.57550000,0.58050000,0.57310000,0.58030000,1080536.20000000,1718906399999,623934.28199000,1883,536522.60000000,309732.49167000,0
1718906400000,0.58030000,0.58200000,0.57930000,0.57980000,1367921.30000000,1718909999999,794217.49231000,1604,647198.60000000,375738.28010000,0
1718910000000,0.57980000,0.58230000,0.57750000,0.58230000,1203190.70000000,1718913599999,697629.07241000,1522,609283.80000000,353406.32416000,0
1718913600000,0.58230000,0.58330000,0.58020000,0.58060000,460113.20000000,1718917199999,267659.84763000,935,200922.90000000,116934.06592000,0
1718917200000,0.58050000,0.58100000,0.57740000,0.57760000,456357.90000000,1718920799999,264301.18234000,1046,171530.20000000,99374.25171000,0
1718920800000,0.57760000,0.57860000,0.57530000,0.57600000,998489.30000000,1718924399999,575900.37696000,1458,438297.60000000,252832.61870000,0
1718924400000,0.57600000,0.57690000,0.57310000,0.57360000,432887.80000000,1718927999999,248861.75394000,1037,177771.30000000,102212.09946000,0
1718928000000,0.57360000,0.57470000,0.56850000,0.56990000,2633815.70000000,1718931599999,1505547.87257000,3574,1203421.40000000,687978.48244000,0
1718931600000,0.56980000,0.57840000,0.56890000,0.57820000,1897741.40000000,1718935199999,1089416.97779000,3113,926696.70000000,531875.99931000,0
1718935200000,0.57830000,0.58040000,0.57460000,0.57630000,1573267.00000000,1718938799999,908780.64566000,3062,679175.70000000,392213.53470000,0
1718938800000,0.57610000,0.57770000,0.57370000,0.57660000,961768.60000000,1718942399999,554197.89858000,1668,454833.00000000,262078.10130000,0
1718942400000,0.57670000,0.58100000,0.57510000,0.58020000,1001631.90000000,1718945999999,579597.91137000,1966,498003.40000000,288153.46979000,0
1718946000000,0.58010000,0.58090000,0.57680000,0.57990000,729290.10000000,1718949599999,422279.47150000,1505,343489.60000000,198941.81270000,0
1718949600000,0.57980000,0.58090000,0.57700000,0.57820000,703060.70000000,1718953199999,407082.65077000,1385,272163.00000000,157554.80980000,0
1718953200000,0.57820000,0.57970000,0.57240000,0.57450000,1741636.00000000,1718956799999,1002902.14793000,3076,771265.40000000,444299.49249000,0
1718956800000,0.57440000,0.57660000,0.56650000,0.56840000,3006552.00000000,1718960399999,1721213.96432000,5042,1389361.40000000,795229.29203000,0
1718960400000,0.56840000,0.58080000,0.56760000,0.57920000,3128774.60000000,1718963999999,1801924.04296000,6480,1643351.20000000,946883.47457000,0
1718964000000,0.57930000,0.58140000,0.57710000,0.57740000,1521498.90000000,1718967599999,881694.86094000,2575,768413.70000000,445323.66490000,0
1718967600000,0.57740000,0.57990000,0.57730000,0.57870000,776049.50000000,1718971199999,448967.35091000,1825,360540.20000000,208631.39782000,0
1718971200000,0.57850000,0.58010000,0.57410000,0.57810000,2044349.50000000,1718974799999,1179094.51573000,4068,933928.20000000,538738.83969000,0
1718974800000,0.57810000,0.57840000,0.56740000,0.56990000,3272308.80000000,1718978399999,1871280.24650000,5271,1678893.80000000,960226.41840000,0
1718978400000,0.56980000,0.58120000,0.56820000,0.58060000,3483897.10000000,1718981999999,2013855.20613000,5342,1945574.20000000,1124816.24798000,0
1718982000000,0.58070000,0.58280000,0.57420000,0.57770000,2068584.10000000,1718985599999,1196974.74034000,3736,1045607.70000000,604964.94948000,0
1718985600000,0.57800000,0.57920000,0.57480000,0.57570000,1128769.00000000,1718989199999,650866.80607000,2032,559694.20000000,322666.28648000,0
1718989200000,0.57560000,0.57730000,0.56780000,0.56910000,2399841.00000000,1718992799999,1372513.80294000,3711,1176411.60000000,672665.68286000,0
1718992800000,0.56910000,0.57500000,0.56610000,0.57470000,2825342.30000000,1718996399999,1608433.66080000,4125,1437692.80000000,818403.43637000,0
1718996400000,0.57460000,0.57670000,0.57370000,0.57450000,1512140.30000000,1718999999999,869401.96465000,2509,750488.80000000,431517.98139000,0
1719000000000,0.57440000,0.57890000,0.57420000,0.57520000,1141303.50000000,1719003599999,657397.25985000,2013,567819.60000000,327038.88352000,0
1719003600000,0.57530000,0.57580000,0.56880000,0.57110000,1394972.10000000,1719007199999,796312.13508000,1897,604925.70000000,345270.43084000,0
1719007200000,0.57120000,0.57250000,0.56980000,0.57130000,895588.40000000,1719010799999,511211.15859000,1245,469854.80000000,268168.53781000,0
1719010800000,0.57130000,0.57180000,0.56780000,0.56870000,874895.80000000,1719014399999,498205.34745000,1391,475512.00000000,270620.24536000,0
1719014400000,0.56880000,0.56900000,0.56270000,0.56410000,1860520.10000000,1719017999999,1051893.38574000,2848,969882.00000000,548286.32722000,0
1719018000000,0.56410000,0.56760000,0.56280000,0.56710000,1138111.40000000,1719021599999,643197.32151000,1675,598146.90000000,338138.58423000,0
1719021600000,0.56700000,0.56950000,0.56700000,0.56760000,823782.20000000,1719025199999,468227.14351000,1375,400854.40000000,227861.55902000,0
1719025200000,0.56750000,0.56990000,0.56630000,0.56870000,744259.90000000,1719028799999,422843.19248000,1308,400682.20000000,227646.91291000,0
1719028800000,0.56870000,0.57080000,0.56800000,0.57040000,631366.60000000,1719032399999,359575.03187000,1310,386703.50000000,220275.20416000,0
1719032400000,0.57030000,0.57170000,0.56810000,0.56990000,1156126.20000000,1719035999999,659052.40874000,1830,469169.20000000,267463.87144000,0
1719036000000,0.56990000,0.57140000,0.56930000,0.57040000,818509.40000000,1719039599999,466920.57069000,1417,427819.90000000,244054.25153000,0
1719039600000,0.57040000,0.57080000,0.56610000,0.56710000,1142904.60000000,1719043199999,649068.71250000,1833,467378.60000000,265356.28656000,0
1719043200000,0.56710000,0.56780000,0.56320000,0.56480000,1418589.00000000,1719046799999,802342.23089000,2292,635738.10000000,359639.32400000,0
1719046800000,0.56460000,0.56780000,0.56430000,0.56670000,740767.20000000,1719050399999,418847.84069000,1469,366382.40000000,207148.05130000,0
1719050400000,0.56660000,0.56730000,0.56430000,0.56510000,689557.00000000,1719053999999,390055.80507000,1245,355249.40000000,200973.79268000,0
1719054000000,0.56520000,0.56690000,0.56390000,0.56560000,652333.30000000,1719057599999,368799.62391000,1336,351895.40000000,198971.92437000,0
1719057600000,0.56560000,0.56580000,0.56470000,0.56540000,639025.00000000,1719061199999,361248.90671000,1250,283066.90000000,160028.21618000,0
1719061200000,0.56530000,0.56910000,0.56500000,0.56840000,1433513.90000000,1719064799999,813260.32999000,2298,785729.80000000,445739.19293000,0
1719064800000,0.56830000,0.57260000,0.56830000,0.57240000,1331186.90000000,1719068399999,759972.19443000,2332,859576.00000000,490647.38947000,0
1719068400000,0.57230000,0.57360000,0.57090000,0.57300000,746976.40000000,1719071999999,427580.70326000,1540,363457.60000000,208023.99570000,0
1719072000000,0.57300000,0.57390000,0.57100000,0.57270000,1008541.60000000,1719075599999,577219.68067000,1738,497004.30000000,284468.66938000,0
1719075600000,0.57270000,0.57330000,0.57060000,0.57070000,592536.60000000,1719079199999,338811.97239000,1470,244230.50000000,139653.43319000,0
1719079200000,0.57060000,0.57100000,0.56850000,0.56860000,476483.00000000,1719082799999,271469.87527000,1144,206126.50000000,117435.18544000,0
1719082800000,0.56850000,0.57060000,0.56780000,0.57060000,497272.80000000,1719086399999,282779.55459000,1139,263153.10000000,149675.55960000,0
1719086400000,0.57070000,0.57080000,0.56800000,0.57020000,575057.30000000,1719089999999,327704.48855000,1040,207743.50000000,118350.91618000,0
1719090000000,0.57030000,0.57220000,0.57000000,0.57130000,542518.10000000,1719093599999,309839.20260000,1009,287191.40000000,164018.40154000,0
1719093600000,0.57130000,0.57250000,0.56900000,0.57200000,608082.20000000,1719097199999,347247.07029000,1261,258745.70000000,147736.86803000,0
1719097200000,0.57200000,0.57310000,0.57090000,0.57100000,498757.80000000,1719100799999,285298.57268000,875,259578.10000000,148504.00739000,0
1719100800000,0.57100000,0.57580000,0.57070000,0.57360000,942356.80000000,1719104399999,540697.83894000,1716,463866.00000000,266067.21317000,0
1719104400000,0.57340000,0.57640000,0.57320000,0.57540000,883721.30000000,1719107999999,508083.72823000,1393,454822.00000000,261508.40419000,0
1719108000000,0.57540000,0.57660000,0.57450000,0.57650000,607484.70000000,1719111599999,349637.34207000,1033,278579.00000000,160355.10257000,0
1719111600000,0.57660000,0.57760000,0.57510000,0.57730000,691388.40000000,1719115199999,398575.46970000,1180,371082.60000000,213905.93662000,0
1719115200000,0.57730000,0.57820000,0.57620000,0.57730000,2952120.40000000,1719118799999,1702929.56491000,2463,1422392.50000000,820530.63738000,0
1719118800000,0.57730000,0.57780000,0.57560000,0.57730000,1888419.20000000,1719122399999,1089005.79790000,2251,837105.40000000,482749.18867000,0
1719122400000,0.57720000,0.57870000,0.57720000,0.57840000,531519.90000000,1719125999999,307217.23860000,960,204824.50000000,118386.69399000,0
1719126000000,0.57840000,0.58070000,0.57840000,0.58070000,381294.60000000,1719129599999,220884.36048000,1012,196767.30000000,114024.66073000,0
1719129600000,0.58070000,0.58250000,0.58000000,0.58230000,856062.20000000,1719133199999,497638.73267000,1609,427790.30000000,248660.23768000,0
1719133200000,0.58220000,0.58490000,0.58090000,0.58340000,908592.30000000,1719136799999,529877.29511000,1975,396644.80000000,231360.36662000,0
1719136800000,0.58340000,0.58450000,0.57980000,0.58070000,1098001.80000000,1719140399999,638913.10249000,2090,544996.30000000,317146.17553000,0
1719140400000,0.58060000,0.58270000,0.57820000,0.58040000,992124.20000000,1719143999999,575805.06906000,2006,408192.50000000,236991.40706000,0
1719144000000,0.58050000,0.58060000,0.57850000,0.57920000,861614.00000000,1719147599999,499372.37451000,1280,378370.30000000,219298.41462000,0
1719147600000,0.57930000,0.58030000,0.57730000,0.57840000,716196.50000000,1719151199999,414440.24036000,1446,274809.90000000,159009.91895000,0
1719151200000,0.57850000,0.57980000,0.57490000,0.57670000,1696222.20000000,1719154799999,979000.59218000,2996,702746.40000000,405468.15215000,0
1719154800000,0.57670000,0.57810000,0.57250000,0.57480000,1418099.40000000,1719158399999,815761.66790000,2759,662718.70000000,381240.42077000,0
1719158400000,0.57490000,0.57520000,0.56510000,0.56580000,2523621.40000000,1719161999999,1438747.31861000,3817,1180996.50000000,673336.10959000,0
1719162000000,0.56570000,0.57110000,0.56520000,0.56730000,1168180.20000000,1719165599999,663162.07305000,2346,694080.50000000,393961.63586000,0
1719165600000,0.56720000,0.56920000,0.56660000,0.56780000,694260.90000000,1719169199999,394330.59508000,1663,393835.00000000,223710.08856000,0
1719169200000,0.56790000,0.56810000,0.56580000,0.56750000,1138399.80000000,1719172799999,645240.33421000,1927,558238.00000000,316350.66309000,0
1719172800000,0.56760000,0.56780000,0.55600000,0.56330000,3525780.30000000,1719176399999,1976581.83385000,5863,1729975.20000000,969751.71740000,0
1719176400000,0.56330000,0.56610000,0.56100000,0.56580000,1645314.50000000,1719179999999,927619.29846000,2627,848399.90000000,478392.44512000,0
1719180000000,0.56580000,0.56580000,0.56090000,0.56300000,1148450.10000000,1719183599999,646944.08722000,1845,510295.70000000,287441.48469000,0
1719183600000,0.56300000,0.56370000,0.55940000,0.56150000,1231057.70000000,1719187199999,691079.62270000,1937,490219.40000000,275178.77744000,0
1719187200000,0.56140000,0.56690000,0.56100000,0.56480000,1416497.60000000,1719190799999,798695.76781000,2342,626670.70000000,353480.27903000,0
1719190800000,0.56500000,0.56550000,0.55840000,0.56250000,2190518.90000000,1719194399999,1231592.90509000,3012,1053871.60000000,592577.82755000,0
1719194400000,0.56250000,0.56310000,0.55510000,0.55850000,2533464.00000000,1719197999999,1415234.25963000,3006,1155163.20000000,645274.94561000,0
1719198000000,0.55830000,0.56280000,0.55830000,0.55970000,1284407.60000000,1719201599999,719727.21474000,1833,675859.20000000,378681.41638000,0
1719201600000,0.55960000,0.56060000,0.55710000,0.55970000,1147380.30000000,1719205199999,641115.80656000,1822,573055.50000000,320248.70907000,0
1719205200000,0.55980000,0.56030000,0.54740000,0.55010000,4112795.60000000,1719208799999,2267297.48198000,6499,1859177.50000000,1024503.94305000,0
1719208800000,0.55020000,0.55380000,0.54930000,0.55340000,2372241.70000000,1719212399999,1308313.72556000,3280,936168.60000000,516723.27856000,0
1719212400000,0.55330000,0.55450000,0.55060000,0.55130000,1491612.50000000,1719215999999,824250.71812000,2668,803648.40000000,444068.46581000,0
1719216000000,0.55120000,0.55650000,0.54740000,0.55360000,3404894.80000000,1719219599999,1879821.57676000,5228,1584213.20000000,874177.82714000,0
1719219600000,0.55380000,0.55500000,0.53290000,0.54920000,13257254.70000000,1719223199999,7191893.49674000,18225,6170066.90000000,3346362.48893000,0
1719223200000,0.54900000,0.55520000,0.54810000,0.55490000,3586299.60000000,1719226799999,1981413.67975000,5383,1704984.90000000,942067.71810000,0
1719226800000,0.55490000,0.55550000,0.54970000,0.55200000,2221178.60000000,1719230399999,1227161.36891000,3113,1194353.00000000,660247.50656000,0
1719230400000,0.55180000,0.55640000,0.55130000,0.55490000,2587149.40000000,1719233999999,1434291.59045000,4460,1451701.10000000,804931.79030000,0
1719234000000,0.55490000,0.55800000,0.55200000,0.55760000,3647291.60000000,1719237599999,2027025.84192000,4364,1962859.50000000,1091191.28556000,0
1719237600000,0.55770000,0.56010000,0.55090000,0.55350000,2763965.30000000,1719241199999,1539153.32291000,4859,1504592.40000000,838094.88571000,0
1719241200000,0.55350000,0.55470000,0.54570000,0.54850000,2736625.20000000,1719244799999,1506865.35228000,3561,1302646.60000000,717142.51363000,0
1719244800000,0.54840000,0.55310000,0.54720000,0.55050000,2996136.10000000,1719248399999,1649637.28785000,4168,1419375.10000000,781449.37877000,0
1719248400000,0.55040000,0.55470000,0.54570000,0.55130000,5150352.10000000,1719251999999,2834624.77633000,6992,2596307.30000000,1428554.59365000,0
1719252000000,0.55140000,0.55510000,0.54720000,0.55410000,2173114.90000000,1719255599999,1199831.22224000,3262,1084866.50000000,598953.95725000,0
1719255600000,0.55410000,0.55630000,0.54700000,0.54980000,3485967.10000000,1719259199999,1919852.35957000,4371,1692223.50000000,931507.01326000,0
1719259200000,0.54980000,0.55430000,0.54360000,0.55280000,8664778.70000000,1719262799999,4765392.01872000,9463,4854633.10000000,2671401.77685000,0
1719262800000,0.55270000,0.55880000,0.55160000,0.55870000,4525403.90000000,1719266399999,2514004.38544000,5333,2609188.20000000,1450314.98035000,0
1719266400000,0.55860000,0.56050000,0.55730000,0.55730000,1158643.40000000,1719269999999,647844.66217000,2170,625819.40000000,349950.14118000,0
1719270000000,0.55720000,0.56230000,0.55720000,0.56140000,1208523.50000000,1719273599999,677613.81427000,1993,674082.00000000,377995.85247000,0
1719273600000,0.56140000,0.56210000,0.55840000,0.56060000,953643.40000000,1719277199999,534139.75558000,1781,516324.60000000,289204.87265000,0
1719277200000,0.56060000,0.56180000,0.55800000,0.56140000,1135218.60000000,1719280799999,635657.68627000,2044,555603.80000000,311131.67410000,0
1719280800000,0.56150000,0.56390000,0.56020000,0.56210000,1217324.30000000,1719284399999,684448.34396000,2264,583252.30000000,327982.01129000,0
1719284400000,0.56210000,0.56990000,0.56160000,0.56760000,1955625.50000000,1719287999999,1108850.35527000,3728,988697.90000000,560591.30763000,0
1719288000000,0.56750000,0.57000000,0.56690000,0.56960000,1186182.40000000,1719291599999,674593.72717000,2390,590158.90000000,335676.07459000,0
1719291600000,0.56960000,0.57040000,0.56660000,0.56730000,1064353.40000000,1719295199999,605353.26200000,2085,509580.50000000,289924.60679000,0
1719295200000,0.56720000,0.56820000,0.56560000,0.56720000,911018.60000000,1719298799999,516556.46199000,1685,440644.80000000,249811.24205000,0
1719298800000,0.56710000,0.58000000,0.56620000,0.57130000,3167499.70000000,1719302399999,1805377.62849000,5087,1870012.50000000,1065497.79338000,0
1719302400000,0.57140000,0.57460000,0.56880000,0.57100000,2892058.60000000,1719305999999,1653088.72409000,4293,1341687.20000000,766889.58831000,0
1719306000000,0.57100000,0.57630000,0.57050000,0.57450000,2235447.60000000,1719309599999,1281699.89854000,2960,1149549.20000000,659010.28349000,0
1719309600000,0.57450000,0.57620000,0.57330000,0.57600000,1036379.40000000,1719313199999,595503.81332000,2207,547896.80000000,314810.78686000,0
1719313200000,0.57590000,0.57680000,0.56850000,0.57040000,2379430.10000000,1719316799999,1364712.66464000,4089,933201.60000000,535745.00320000,0
1719316800000,0.57040000,0.57140000,0.56660000,0.56700000,2725773.60000000,1719320399999,1552124.51163000,4627,1445632.40000000,823345.08135000,0
1719320400000,0.56710000,0.56940000,0.56560000,0.56720000,2353532.50000000,1719323999999,1336045.38547000,3120,1333660.80000000,757253.41860000,0
1719324000000,0.56730000,0.57410000,0.56670000,0.57170000,2331263.40000000,1719327599999,1331304.51844000,4068,1235706.30000000,705615.74408000,0
1719327600000,0.57180000,0.57560000,0.57050000,0.57410000,2415274.80000000,1719331199999,1385159.31935000,4328,1181237.90000000,677448.86465000,0
1719331200000,0.57410000,0.57470000,0.57130000,0.57140000,1145755.00000000,1719334799999,656901.21118000,2868,574749.50000000,329513.57863000,0
1719334800000,0.57150000,0.57410000,0.57070000,0.57070000,1022400.20000000,1719338399999,584937.02780000,2306,506194.30000000,289602.12968000,0
1719338400000,0.57070000,0.57620000,0.56980000,0.57540000,1492656.70000000,1719341999999,854638.07907000,3055,689018.40000000,394727.88588000,0
1719342000000,0.57540000,0.57650000,0.57290000,0.57360000,1204998.90000000,1719345599999,692530.90968000,2562,580733.70000000,333747.92203000,0
1719345600000,0.57370000,0.57390000,0.57120000,0.57170000,637327.20000000,1719349199999,364851.15873000,1770,331651.30000000,189843.75710000,0
1719349200000,0.57170000,0.57240000,0.57050000,0.57070000,680408.60000000,1719352799999,388942.11317000,1729,364497.50000000,208366.17327000,0
1719352800000,0.57080000,0.57220000,0.56870000,0.56910000,893768.20000000,1719356399999,510030.96243000,2055,516987.70000000,295145.80950000,0
1719356400000,0.56910000,0.56950000,0.56650000,0.56740000,633171.00000000,1719359999999,359384.42911000,1744,309800.20000000,175857.76936000,0
1719360000000,0.56740000,0.56800000,0.56490000,0.56590000,778013.10000000,1719363599999,440810.63946000,1702,324734.40000000,183980.24301000,0
1719363600000,0.56600000,0.57010000,0.56430000,0.56920000,1877008.00000000,1719367199999,1065394.00365000,2824,1148586.30000000,651806.79269000,0
1719367200000,0.56920000,0.57170000,0.56750000,0.56820000,1033916.50000000,1719370799999,589000.46347000,1616,575419.00000000,327753.29869000,0
1719370800000,0.56810000,0.56880000,0.56440000,0.56550000,1310581.00000000,1719374399999,741944.00645000,2325,479086.30000000,271180.85549000,0
1719374400000,0.56550000,0.56590000,0.56170000,0.56180000,1166471.50000000,1719377999999,657332.45939000,2207,460522.90000000,259494.17890000,0
1719378000000,0.56180000,0.56320000,0.55870000,0.56010000,1590130.20000000,1719381599999,891479.32587000,2596,807487.10000000,452781.24875000,0
1719381600000,0.56020000,0.56050000,0.55860000,0.55880000,1038839.90000000,1719385199999,581253.87038000,2318,557023.90000000,311702.96824000,0
1719385200000,0.55880000,0.56060000,0.55730000,0.55960000,1352952.40000000,1719388799999,756020.19083000,2465,788833.40000000,440861.20890000,0
1719388800000,0.55950000,0.55980000,0.55580000,0.55650000,1863491.70000000,1719392399999,1038566.49722000,2828,945311.10000000,526942.24094000,0
1719392400000,0.55640000,0.55750000,0.55530000,0.55700000,1150897.80000000,1719395999999,640281.77809000,2206,598990.10000000,333281.07948000,0
1719396000000,0.55690000,0.55690000,0.55300000,0.55390000,2080779.30000000,1719399599999,1153587.76566000,3318,1006416.40000000,557938.47792000,0
1719399600000,0.55380000,0.55630000,0.55330000,0.55500000,1532847.80000000,1719403199999,850061.44402000,2306,939656.70000000,521039.47971000,0
1719403200000,0.55500000,0.55580000,0.55300000,0.55400000,2142456.10000000,1719406799999,1187751.66012000,2390,752343.70000000,417137.45580000,0
1719406800000,0.55390000,0.55880000,0.55280000,0.55820000,1514051.00000000,1719410399999,841318.25111000,2724,847451.90000000,470816.88659000,0
1719410400000,0.55820000,0.56010000,0.55330000,0.55440000,2298430.40000000,1719413999999,1279828.88435000,3104,964659.90000000,537328.26469000,0
1719414000000,0.55450000,0.55470000,0.54920000,0.55120000,2781684.30000000,1719417599999,1532310.77317000,4273,1280059.70000000,704972.52875000,0
1719417600000,0.55120000,0.55350000,0.55030000,0.55170000,1018791.30000000,1719421199999,562229.56252000,1975,469143.00000000,258938.72339000,0
1719421200000,0.55170000,0.55350000,0.54580000,0.55330000,3005368.50000000,1719424799999,1650756.56690000,4528,1496172.80000000,822077.64289000,0
1719424800000,0.55340000,0.55390000,0.55080000,0.55340000,844223.70000000,1719428399999,466501.28612000,1451,435381.10000000,240655.18771000,0
1719428400000,0.55340000,0.55970000,0.55260000,0.55960000,2125038.80000000,1719431999999,1182816.30816000,3121,1103903.20000000,614341.55562000,0
1719432000000,0.55960000,0.56180000,0.55550000,0.55700000,3003612.50000000,1719435599999,1679234.89827000,3601,1872585.80000000,1047258.01115000,0
1719435600000,0.55700000,0.55720000,0.55490000,0.55550000,872880.40000000,1719439199999,485166.01025000,1307,513560.70000000,285406.09521000,0
1719439200000,0.55550000,0.55610000,0.55320000,0.55360000,1066343.40000000,1719442799999,591206.59769000,1495,423710.30000000,234996.58837000,0
1719442800000,0.55370000,0.55390000,0.55090000,0.55170000,829885.00000000,1719446399999,458184.52851000,1447,356934.20000000,197068.30600000,0
1719446400000,0.55180000,0.55200000,0.54790000,0.54950000,1244490.70000000,1719449999999,684591.52506000,2036,650763.50000000,357989.79431000,0
1719450000000,0.54960000,0.55130000,0.54760000,0.55020000,1112769.80000000,1719453599999,611229.89432000,1640,568374.10000000,312124.90479000,0
1719453600000,0.55030000,0.55150000,0.54710000,0.55150000,915613.20000000,1719457199999,503250.86943000,1537,504474.10000000,277298.52287000,0
1719457200000,0.55150000,0.55330000,0.54980000,0.55140000,813653.20000000,1719460799999,448883.15309000,1179,422445.40000000,233064.03855000,0
1719460800000,0.55170000,0.55230000,0.54970000,0.54970000,728007.60000000,1719464399999,401133.52675000,1141,357162.40000000,196802.10427000,0
1719464400000,0.54970000,0.55000000,0.54380000,0.54420000,1423761.90000000,1719467999999,777930.47510000,3160,695461.80000000,380014.92338000,0
1719468000000,0.54420000,0.54670000,0.54350000,0.54580000,1126150.00000000,1719471599999,613435.84879000,1814,586135.60000000,319366.80646000,0
1719471600000,0.54580000,0.54780000,0.54490000,0.54640000,1957257.60000000,1719475199999,1068587.11198000,2519,842942.30000000,460271.03876000,0
1719475200000,0.54660000,0.54780000,0.54560000,0.54780000,702229.90000000,1719478799999,383758.99851000,1486,363965.40000000,198914.92779000,0
1719478800000,0.54780000,0.55300000,0.54710000,0.55240000,1236073.60000000,1719482399999,680437.62788000,2386,678585.60000000,373561.65558000,0
1719482400000,0.55250000,0.55410000,0.55010000,0.55010000,1225328.70000000,1719485999999,676748.72392000,2217,599129.70000000,331031.29499000,0
1719486000000,0.55020000,0.55400000,0.54990000,0.55310000,662323.70000000,1719489599999,365752.87579000,1446,308692.20000000,170456.52076000,0
1719489600000,0.55300000,0.55800000,0.55300000,0.55720000,2669235.70000000,1719493199999,1483010.42712000,3586,1443615.10000000,801986.31881000,0
1719493200000,0.55710000,0.56400000,0.55670000,0.56240000,4671591.30000000,1719496799999,2622996.28297000,6005,2467533.40000000,1385430.15305000,0
1719496800000,0.56230000,0.56720000,0.56190000,0.56330000,2588649.90000000,1719500399999,1462460.87257000,4375,1136373.10000000,641989.61310000,0
1719500400000,0.56340000,0.56600000,0.56230000,0.56530000,1236330.30000000,1719503999999,697502.04546000,2391,506849.00000000,285894.17412000,0
1719504000000,0.56530000,0.56700000,0.56390000,0.56430000,1912289.80000000,1719507599999,1080962.63030000,2384,727466.00000000,411271.95187000,0
1719507600000,0.56430000,0.57090000,0.56360000,0.56990000,2166267.50000000,1719511199999,1229888.09167000,3014,1253918.90000000,711925.69501000,0
1719511200000,0.56980000,0.57110000,0.56840000,0.56910000,1171481.80000000,1719514799999,667881.94976000,1632,722195.80000000,411728.93387000,0
1719514800000,0.56900000,0.57130000,0.56730000,0.57010000,1342448.30000000,1719518399999,765100.33941000,2259,788786.80000000,449565.07542000,0
1719518400000,0.57020000,0.57120000,0.56960000,0.57080000,1035128.10000000,1719521999999,590508.25855000,2167,567929.70000000,323980.08348000,0
1719522000000,0.57090000,0.57120000,0.56910000,0.57000000,1087146.10000000,1719525599999,619608.34245000,2642,638804.30000000,364043.76394000,0
1719525600000,0.57000000,0.57020000,0.56630000,0.56830000,2028436.70000000,1719529199999,1152152.14409000,4040,893395.90000000,507431.94649000,0
1719529200000,0.56830000,0.56830000,0.56600000,0.56700000,530631.60000000,1719532799999,300836.77100000,1128,230162.70000000,130484.08188000,0
1719532800000,0.56700000,0.56750000,0.56310000,0.56320000,1185503.50000000,1719536399999,669735.54753000,2089,512434.30000000,289442.51249000,0
1719536400000,0.56320000,0.57050000,0.56260000,0.56940000,2073329.80000000,1719539999999,1177442.77041000,3201,1256461.10000000,713586.92294000,0
1719540000000,0.56940000,0.57040000,0.56430000,0.56550000,1236705.70000000,1719543599999,700957.35305000,1961,585863.80000000,332130.43774000,0
1719543600000,0.56560000,0.56760000,0.56520000,0.56750000,730668.80000000,1719547199999,413948.06019000,1344,387831.30000000,219711.37061000,0
1719547200000,0.56750000,0.56820000,0.56480000,0.56730000,611075.60000000,1719550799999,346165.77971000,1320,310296.70000000,175811.36727000,0
1719550800000,0.56720000,0.56720000,0.56280000,0.56370000,799549.60000000,1719554399999,451454.57852000,1547,287054.70000000,162077.72000000,0
1719554400000,0.56360000,0.56490000,0.56260000,0.56480000,679617.50000000,1719557999999,383248.75781000,1501,380420.40000000,214538.42046000,0
1719558000000,0.56470000,0.56510000,0.56170000,0.56490000,1302804.80000000,1719561599999,733648.16134000,2264,713458.90000000,401800.75124000,0
1719561600000,0.56480000,0.56600000,0.56340000,0.56570000,1128114.50000000,1719565199999,637293.49611000,1681,510890.80000000,288574.20808000,0
1719565200000,0.56560000,0.56880000,0.56520000,0.56870000,789768.80000000,1719568799999,447339.19359000,1632,517086.30000000,292877.42258000,0
1719568800000,0.56870000,0.57020000,0.56820000,0.56870000,1326120.40000000,1719572399999,755005.97510000,2164,818717.90000000,466165.49000000,0
1719572400000,0.56880000,0.56920000,0.56710000,0.56730000,1030701.70000000,1719575999999,585899.23170000,1908,472337.40000000,268512.27469000,0
1719576000000,0.56730000,0.56990000,0.56400000,0.56460000,2341789.50000000,1719579599999,1328299.40728000,4297,1175002.60000000,666545.82232000,0
1719579600000,0.56460000,0.57050000,0.56160000,0.56740000,2243419.30000000,1719583199999,1269074.69771000,4265,1233565.90000000,697439.35816000,0
1719583200000,0.56740000,0.57050000,0.56240000,0.56580000,2521902.70000000,1719586799999,1426423.56753000,4666,1225195.50000000,693132.42382000,0
1719586800000,0.56580000,0.57180000,0.56360000,0.56910000,3185166.90000000,1719590399999,1809272.70144000,5711,1711568.70000000,972324.34059000,0
1719590400000,0.56910000,0.57010000,0.55970000,0.56590000,4477499.40000000,1719593999999,2526192.73447000,7145,2263355.10000000,1277054.74339000,0
1719594000000,0.56590000,0.56670000,0.55610000,0.55840000,2508071.40000000,1719597599999,1410442.28991000,4240,1175855.20000000,660627.62630000,0
1719597600000,0.55840000,0.56190000,0.55740000,0.56020000,1026990.40000000,1719601199999,574953.53608000,2243,514608.80000000,288026.42773000,0
1719601200000,0.56020000,0.56160000,0.55620000,0.56080000,2102137.60000000,1719604799999,1175298.19451000,3669,915334.90000000,511594.65027000,0
1719604800000,0.56090000,0.56330000,0.55870000,0.55890000,1075222.80000000,1719608399999,603633.61793000,2200,527793.50000000,296411.55374000,0
1719608400000,0.55880000,0.55890000,0.55350000,0.55590000,1166966.20000000,1719611999999,649256.29867000,2373,537940.70000000,299176.31301000,0
1719612000000,0.55580000,0.55610000,0.55310000,0.55440000,817002.30000000,1719615599999,453026.84038000,1710,392388.50000000,217588.80195000,0
1719615600000,0.55440000,0.55470000,0.55250000,0.55310000,772264.50000000,1719619199999,427611.47930000,1338,434935.40000000,240876.48593000,0
1719619200000,0.55310000,0.55620000,0.55180000,0.55480000,1748253.80000000,1719622799999,968736.39433000,2825,1021474.00000000,566094.20978000,0
1719622800000,0.55480000,0.56090000,0.55460000,0.56080000,802939.90000000,1719626399999,447653.11708000,1943,413019.00000000,230170.07616000,0
1719626400000,0.56070000,0.56300000,0.55920000,0.55930000,824261.50000000,1719629999999,463058.36409000,1829,266115.00000000,149478.13599000,0
1719630000000,0.55940000,0.56330000,0.55940000,0.56280000,637682.50000000,1719633599999,358211.06486000,1414,317305.60000000,178183.23932000,0
1719633600000,0.56280000,0.56340000,0.56020000,0.56020000,456102.10000000,1719637199999,256387.64514000,1073,209197.80000000,117604.33100000,0
1719637200000,0.56030000,0.56060000,0.55770000,0.55920000,651667.60000000,1719640799999,364514.04786000,1370,299239.60000000,167343.50549000,0
1719640800000,0.55900000,0.56000000,0.55760000,0.55820000,661718.80000000,1719644399999,369606.50580000,1271,294417.90000000,164459.14369000,0
1719644400000,0.55810000,0.56160000,0.55810000,0.55960000,769143.80000000,1719647999999,430854.75327000,1471,443189.50000000,248229.72627000,0
1719648000000,0.55960000,0.56000000,0.55660000,0.55760000,646834.00000000,1719651599999,361055.85430000,1361,262928.40000000,146711.26417000,0
1719651600000,0.55760000,0.55930000,0.55700000,0.55920000,556654.30000000,1719655199999,310511.64922000,1107,284780.50000000,158885.69280000,0
1719655200000,0.55930000,0.56010000,0.55840000,0.55890000,716170.10000000,1719658799999,400501.92623000,1264,274407.40000000,153471.93113000,0
1719658800000,0.55890000,0.55960000,0.55770000,0.55860000,660612.20000000,1719662399999,369059.12010000,1243,312735.50000000,174720.66703000,0
1719662400000,0.55850000,0.55860000,0.55560000,0.55600000,566022.80000000,1719665999999,315259.34754000,1441,207366.20000000,115469.78687000,0
1719666000000,0.55610000,0.55670000,0.55490000,0.55550000,499111.40000000,1719669599999,277373.84352000,1170,217268.20000000,120754.29813000,0
1719669600000,0.55550000,0.55610000,0.55200000,0.55220000,1421926.30000000,1719673199999,787510.91607000,2034,628376.10000000,347904.44217000,0
1719673200000,0.55210000,0.55480000,0.55040000,0.55430000,976654.70000000,1719676799999,539275.80132000,1730,533153.30000000,294395.45270000,0
1719676800000,0.55420000,0.55460000,0.55110000,0.55150000,759473.30000000,1719680399999,419744.87998000,1330,430009.90000000,237726.43502000,0
1719680400000,0.55150000,0.55360000,0.54980000,0.55220000,1180305.00000000,1719683999999,650450.77781000,1935,452701.00000000,249482.43117000,0
1719684000000,0.55210000,0.55310000,0.55110000,0.55270000,388683.30000000,1719687599999,214554.90776000,972,179567.20000000,99129.34149000,0
1719687600000,0.55250000,0.55310000,0.54880000,0.55270000,709302.80000000,1719691199999,390751.93384000,1560,286700.00000000,157922.38986000,0
1719691200000,0.55270000,0.55360000,0.55130000,0.55210000,398936.70000000,1719694799999,220295.50979000,922,181979.60000000,100498.42900000,0
1719694800000,0.55210000,0.55240000,0.54920000,0.55050000,873541.60000000,1719698399999,480395.76016000,1318,299148.80000000,164524.75929000,0
1719698400000,0.55060000,0.55070000,0.54700000,0.54820000,880621.00000000,1719701999999,483068.63490000,1664,360245.90000000,197597.34224000,0
1719702000000,0.54820000,0.54970000,0.54710000,0.54800000,394968.80000000,1719705599999,216534.58615000,828,132025.10000000,72392.91175000,0
1719705600000,0.54800000,0.55090000,0.54670000,0.54880000,608000.00000000,1719709199999,333492.29415000,1332,291437.70000000,159875.89764000,0
1719709200000,0.54880000,0.54940000,0.54570000,0.54780000,1086037.00000000,1719712799999,594479.10234000,2005,502528.90000000,275057.62244000,0
1719712800000,0.54780000,0.54820000,0.54440000,0.54650000,1170510.20000000,1719716399999,638953.95507000,2067,539429.80000000,294454.64278000,0
1719716400000,0.54640000,0.54850000,0.54590000,0.54850000,370344.10000000,1719719999999,202685.33971000,920,206322.40000000,112924.03701000,0
1719720000000,0.54840000,0.54890000,0.54680000,0.54860000,421070.20000000,1719723599999,230644.63131000,956,176072.70000000,96477.50783000,0
1719723600000,0.54850000,0.54870000,0.54620000,0.54740000,445782.90000000,1719727199999,243902.59366000,974,136699.90000000,74773.57721000,0
1719727200000,0.54740000,0.55140000,0.54700000,0.55140000,534149.10000000,1719730799999,293481.04328000,1334,275885.20000000,151607.26581000,0
1719730800000,0.55140000,0.55800000,0.55120000,0.55530000,2090241.10000000,1719734399999,1160758.97237000,3434,1030030.00000000,571798.91883000,0
1719734400000,0.55540000,0.55720000,0.55370000,0.55450000,953274.70000000,1719737999999,529238.21673000,1646,421912.90000000,234277.25624000,0
1719738000000,0.55450000,0.55530000,0.55290000,0.55300000,381155.10000000,1719741599999,211225.56924000,1052,178588.90000000,98974.91800000,0
1719741600000,0.55290000,0.55420000,0.55090000,0.55150000,685847.10000000,1719745199999,379106.89227000,1418,311225.70000000,172050.52890000,0
1719745200000,0.55160000,0.55300000,0.54890000,0.55010000,3380395.60000000,1719748799999,1860196.78517000,3595,2198408.40000000,1209322.05406000,0
1719748800000,0.55010000,0.55080000,0.54630000,0.54770000,1439320.20000000,1719752399999,789419.41839000,3778,740800.30000000,406422.35094000,0
1719752400000,0.54760000,0.55030000,0.54690000,0.55020000,880684.30000000,1719755999999,482949.10309000,3079,505592.30000000,277303.36658000,0
1719756000000,0.55010000,0.55070000,0.54670000,0.54710000,1244428.70000000,1719759599999,682398.03861000,2916,771108.10000000,422945.64678000,0
1719759600000,0.54720000,0.55070000,0.54700000,0.55030000,920692.60000000,1719763199999,504854.21303000,1820,534781.50000000,293244.78819000,0
1719763200000,0.55030000,0.55070000,0.54720000,0.54750000,681823.50000000,1719766799999,374132.38564000,1609,299479.50000000,164409.39196000,0
1719766800000,0.54750000,0.55200000,0.54740000,0.54960000,1148171.30000000,1719770399999,631715.25225000,1783,756333.30000000,416118.63020000,0
1719770400000,0.54960000,0.55400000,0.54800000,0.55330000,1188126.80000000,1719773999999,654776.08879000,2180,694491.90000000,382896.24166000,0
1719774000000,0.55330000,0.55390000,0.55150000,0.55370000,581560.50000000,1719777599999,321591.70789000,1170,283714.20000000,156919.57857000,0
1719777600000,0.55380000,0.55660000,0.55380000,0.55470000,1137171.40000000,1719781199999,631826.10379000,1918,624105.50000000,346725.01571000,0
1719781200000,0.55470000,0.55510000,0.55310000,0.55390000,525069.30000000,1719784799999,290745.58748000,968,192578.10000000,106645.57762000,0
1719784800000,0.55380000,0.56550000,0.55380000,0.56250000,2611285.30000000,1719788399999,1466388.14385000,4474,1388102.70000000,778963.88719000,0
1719788400000,0.56250000,0.56340000,0.56000000,0.56100000,3897422.40000000,1719791999999,2189959.63478000,3941,1314185.60000000,738091.18369000,0
