1704067200000,0.97080000,0.98440000,0.97000000,0.98300000,3191277.40000000,1704070799999,3117929.82046000,9686,1812777.80000000,1771115.69409000,0
1704070800000,0.98310000,0.99250000,0.97950000,0.99110000,3008461.00000000,1704074399999,2967653.34556000,8494,1443949.90000000,1423996.64363000,0
1704074400000,0.99120000,0.99250000,0.98170000,0.98270000,2693985.60000000,1704077999999,2660503.17333000,7539,1079567.90000000,1066271.83334000,0
1704078000000,0.98260000,0.98370000,0.96290000,0.96780000,4037859.10000000,1704081599999,3924512.07052000,11879,1959905.70000000,1904554.09971000,0
1704081600000,0.96770000,0.97210000,0.95970000,0.96580000,3355412.90000000,1704085199999,3235524.13991000,8081,1446273.70000000,1394990.44647000,0
1704085200000,0.96560000,0.96880000,0.95650000,0.95880000,4832089.00000000,1704088799999,4646206.74084000,9822,1743812.10000000,1676553.66513000,0
1704088800000,0.95880000,0.96540000,0.95560000,0.96500000,1994343.90000000,1704092399999,1915915.45775000,4482,933709.90000000,896881.31055000,0
1704092400000,0.96500000,0.96790000,0.96080000,0.96780000,1579407.60000000,1704095999999,1522359.84995000,3817,807705.50000000,778549.92879000,0
1704096000000,0.96790000,0.97810000,0.96530000,0.97690000,2364225.00000000,1704099599999,2298766.24481000,6532,1320896.30000000,1284395.31683000,0
1704099600000,0.97690000,0.98610000,0.97350000,0.98500000,3576352.70000000,1704103199999,3511314.34597000,7906,1755355.70000000,1723828.08746000,0
1704103200000,0.98500000,0.98570000,0.98020000,0.98410000,1979678.30000000,1704106799999,1947729.48862000,5012,878301.40000000,863962.60104000,0
1704106800000,0.98410000,0.99330000,0.98410000,0.98850000,3436554.40000000,1704110399999,3396987.78959000,8987,1775158.90000000,1755041.41399000,0
1704110400000,0.98860000,0.99620000,0.98820000,0.99520000,2665432.00000000,1704113999999,2646660.28699000,6663,1344803.80000000,1335354.82679000,0
1704114000000,0.99520000,0.99930000,0.98680000,0.99050000,3479138.20000000,1704117599999,3453131.44590000,9098,1595965.70000000,1584198.05267000,0
1704117600000,0.99050000,0.99090000,0.98000000,0.98430000,2933095.90000000,1704121199999,2888559.98988000,7930,1401686.30000000,1380304.39171000,0
1704121200000,0.98410000,0.99760000,0.98290000,0.99550000,3358172.50000000,1704124799999,3323214.66658000,8274,1547169.90000000,1531277.86839000,0
1704124800000,0.99560000,0.99970000,0.98900000,0.99010000,3430646.10000000,1704128399999,3411317.37512000,9228,1874640.30000000,1864365.28995000,0
1704128400000,0.99010000,0.99320000,0.98520000,0.99160000,3142129.20000000,1704131999999,3107984.86531000,7159,1737618.00000000,1718951.93193000,0
1704132000000,0.99160000,1.00480000,0.99130000,1.00130000,4326978.20000000,1704135599999,4326628.36924000,11469,2230538.60000000,2230064.15911000,0
1704135600000,1.00130000,1.00790000,0.99740000,1.00590000,3701045.10000000,1704139199999,3705980.45855000,9179,1564155.70000000,1566665.18064000,0
1704139200000,1.00590000,1.01900000,1.00490000,1.00680000,6746569.40000000,1704142799999,6824245.08872000,17598,3399381.00000000,3438097.18658000,0
1704142800000,1.00690000,1.00870000,1.00090000,1.00590000,2332528.60000000,1704146399999,2342542.64939000,6342,1160127.30000000,1165119.03120000,0
1704146400000,1.00580000,1.01150000,0.99500000,1.01140000,2706826.50000000,1704149999999,2713765.91076000,7377,1217700.80000000,1221237.25787000,0
1704150000000,1.01140000,1.01770000,1.00950000,1.01570000,3179622.70000000,1704153599999,3224172.71452000,8136,1540929.70000000,1562380.70158000,0
1704153600000,1.01560000,1.01970000,1.00640000,1.01960000,5112339.60000000,1704157199999,5183298.66759000,12946,2667514.20000000,2704370.86364000,0
1704157200000,1.01960000,1.02320000,1.00710000,1.00960000,7269968.50000000,1704160799999,7372309.72409000,15792,3783875.50000000,3837131.67176000,0
1704160800000,1.00960000,1.01630000,1.00720000,1.01620000,3132823.80000000,1704164399999,3171925.85639000,5917,1792786.90000000,1815472.25375000,0
1704164400000,1.01630000,1.02090000,1.01360000,1.01990000,4006864.90000000,1704167999999,4070111.24622000,7921,2637625.80000000,2679011.66263000,0
1704168000000,1.01980000,1.02150000,1.01440000,1.01890000,3037105.10000000,1704171599999,3090797.48056000,5270,1757894.90000000,1788950.23306000,0
1704171600000,1.01890000,1.02160000,1.01110000,1.01150000,2553125.50000000,1704175199999,2595554.09106000,5767,1235793.10000000,1256611.69092000,0
1704175200000,1.01160000,1.01570000,1.00810000,1.01280000,2599901.10000000,1704178799999,2629467.10414000,5547,1355086.70000000,1370725.84239000,0
1704178800000,1.01280000,1.01700000,1.01000000,1.01160000,2405890.80000000,1704182399999,2439056.11905000,5632,1223755.70000000,1240599.37717000,0
1704182400000,1.01160000,1.02850000,1.00820000,1.02360000,5089314.10000000,1704185999999,5193971.46416000,13518,2683496.10000000,2738997.44348000,0
1704186000000,1.02380000,1.03330000,1.02060000,1.02190000,6338509.00000000,1704189599999,6507316.85029000,14938,3009831.70000000,3091616.91869000,0
1704189600000,1.02180000,1.02210000,1.01090000,1.01400000,6076733.00000000,1704193199999,6166701.19154000,13837,2624409.50000000,2662644.54318000,0
1704193200000,1.01400000,1.02100000,1.00890000,1.01250000,5390013.40000000,1704196799999,5472365.40763000,11189,2743476.70000000,2784821.77872000,0
1704196800000,1.01260000,1.01290000,1.00000000,1.00020000,3959411.40000000,1704200399999,3988627.75646000,10868,1920302.40000000,1934713.85247000,0
1704200400000,1.00020000,1.00580000,0.99390000,1.00280000,5002751.70000000,1704203999999,5008072.71255000,11491,2396421.10000000,2399692.85021000,0
1704204000000,1.00270000,1.00630000,0.97270000,0.98060000,10202813.50000000,1704207599999,10073243.02062000,28226,5083380.80000000,5020859.87832000,0
1704207600000,0.98050000,0.98720000,0.97230000,0.98320000,6754866.10000000,1704211199999,6627650.10539000,14567,3420166.30000000,3356205.56348000,0
1704211200000,0.98320000,0.98700000,0.97690000,0.98690000,4086917.80000000,1704214799999,4012237.14962000,9597,2187794.30000000,2147991.18443000,0
1704214800000,0.98690000,0.98730000,0.97640000,0.97920000,4095449.50000000,1704218399999,4023201.49006000,8144,1747547.90000000,1716788.34476000,0
1704218400000,0.97930000,0.98200000,0.97430000,0.97780000,3058406.70000000,1704221999999,2992279.02968000,6828,1473886.10000000,1442008.52818000,0
1704222000000,0.97790000,0.98120000,0.97000000,0.97310000,3814159.30000000,1704225599999,3715562.49670000,8558,1683605.10000000,1640219.76690000,0
1704225600000,0.97320000,0.97960000,0.96360000,0.96500000,5238425.80000000,1704229199999,5084348.27687000,10660,2304157.80000000,2236023.21267000,0
1704229200000,0.96510000,0.97490000,0.96160000,0.97490000,4421480.90000000,1704232799999,4280822.67573000,8827,2385710.30000000,2310421.84404000,0
1704232800000,0.97480000,0.97810000,0.96720000,0.97290000,2822526.40000000,1704236399999,2746201.81735000,6262,1276731.60000000,1242445.19775000,0
1704236400000,0.97320000,0.97350000,0.96520000,0.96910000,2409658.60000000,1704239999999,2336551.81737000,8798,1123046.40000000,1089008.75149000,0
1704240000000,0.96900000,0.97640000,0.96550000,0.97390000,3607802.80000000,1704243599999,3507381.96126000,8968,1801317.60000000,1750887.83308000,0
1704243600000,0.97390000,0.98440000,0.97320000,0.98400000,2398294.10000000,1704247199999,2347647.17591000,6412,1232620.50000000,1206773.70241000,0
1704247200000,0.98410000,0.98680000,0.97720000,0.97870000,3280771.90000000,1704250799999,3218282.26965000,7774,1750660.30000000,1716367.20580000,0
1704250800000,0.97860000,0.97960000,0.97530000,0.97770000,2046414.20000000,1704254399999,1998851.33128000,4375,1037422.00000000,1013293.03631000,0
1704254400000,0.97780000,0.98400000,0.97590000,0.97930000,2341410.10000000,1704257999999,2292878.82469000,4648,1059663.20000000,1037664.74651000,0
1704258000000,0.97940000,0.98610000,0.97870000,0.98300000,2011054.70000000,1704261599999,1976992.83617000,4062,1054735.10000000,1036784.62742000,0
1704261600000,0.98300000,0.98870000,0.98030000,0.98520000,2383831.40000000,1704265199999,2348235.39035000,5549,1103057.90000000,1086682.86291000,0
1704265200000,0.98510000,0.98710000,0.97290000,0.97640000,2336072.70000000,1704268799999,2292022.21298000,6728,1064333.00000000,1044035.25001000,0
1704268800000,0.97650000,0.98170000,0.97610000,0.98140000,2151539.40000000,1704272399999,2106162.05511000,4963,1165980.90000000,1141560.89447000,0
1704272400000,0.98150000,0.98720000,0.97590000,0.97910000,5141785.50000000,1704275999999,5048738.06136000,9719,2785524.30000000,2735479.49150000,0
1704276000000,0.97900000,0.98400000,0.97330000,0.97510000,3565132.60000000,1704279599999,3489178.92601000,7751,1940746.30000000,1899806.06289000,0
1704279600000,0.97500000,0.97660000,0.91600000,0.94100000,18471228.30000000,1704283199999,17622137.15982000,46864,7991552.70000000,7623111.64988000,0
1704283200000,0.94100000,0.94120000,0.73800000,0.88400000,60797514.10000000,1704286799999,52304686.60964000,162011,26570748.00000000,22893172.68662000,0
1704286800000,0.88410000,0.88410000,0.85680000,0.86850000,25422721.10000000,1704290399999,22143298.71348000,57214,13166526.20000000,11466930.16496000,0
1704290400000,0.86870000,0.86920000,0.83460000,0.83510000,19131967.70000000,1704293999999,16223050.81732000,40150,9978672.20000000,8460617.99594000,0
1704294000000,0.83510000,0.86860000,0.83330000,0.86750000,19118980.00000000,1704297599999,16246127.45581000,35226,10406117.30000000,8843920.18637000,0
1704297600000,0.86750000,0.87170000,0.85710000,0.86390000,21030512.60000000,1704301199999,18189567.70217000,36985,11469981.80000000,9920821.02014000,0
1704301200000,0.86390000,0.86700000,0.85620000,0.86440000,7249599.80000000,1704304799999,6245479.35527000,13726,3774288.00000000,3251722.05381000,0
1704304800000,0.86440000,0.86980000,0.84290000,0.85020000,9330156.10000000,1704308399999,8006967.94281000,16922,5152911.70000000,4423334.69349000,0
1704308400000,0.85000000,0.86410000,0.84960000,0.85300000,6536228.80000000,1704311999999,5600395.61016000,12718,4105531.50000000,3517871.40940000,0
1704312000000,0.85290000,0.86090000,0.85260000,0.85890000,5750391.20000000,1704315599999,4925883.15400000,9305,3658659.50000000,3134149.07504000,0
1704315600000,0.85890000,0.86690000,0.85660000,0.86430000,7332647.40000000,1704319199999,6318863.01124000,11919,4843844.90000000,4173743.63561000,0
1704319200000,0.86430000,0.86480000,0.85110000,0.85550000,7145944.60000000,1704322799999,6131925.01078000,10123,4452616.50000000,3821053.53302000,0
1704322800000,0.85550000,0.85610000,0.84730000,0.85390000,5037557.60000000,1704326399999,4289547.90541000,9647,3485115.30000000,2967687.05877000,0
1704326400000,0.85390000,0.86080000,0.85170000,0.85370000,4361060.40000000,1704329999999,3735997.15784000,9763,2828645.50000000,2423184.02490000,0
1704330000000,0.85370000,0.85500000,0.83720000,0.84300000,6227857.10000000,1704333599999,5259737.31418000,13745,3667255.30000000,3096696.27486000,0
1704333600000,0.84290000,0.86120000,0.84090000,0.86080000,4248167.50000000,1704337199999,3616888.26202000,9122,2784422.50000000,2371951.70643000,0
1704337200000,0.86100000,0.86280000,0.85450000,0.86030000,3797669.10000000,1704340799999,3260416.74338000,7287,2152445.80000000,1847835.50733000,0
1704340800000,0.86040000,0.86350000,0.85620000,0.86240000,3971830.90000000,1704344399999,3416547.11917000,7569,2069120.00000000,1779517.20131000,0
1704344400000,0.86250000,0.86990000,0.85930000,0.86510000,4468487.80000000,1704347999999,3861405.26197000,9185,2533325.50000000,2189224.28508000,0
1704348000000,0.86510000,0.87070000,0.86210000,0.86560000,2897753.60000000,1704351599999,2509754.94824000,6326,1479773.60000000,1281657.32981000,0
1704351600000,0.86560000,0.87060000,0.85700000,0.85790000,4229411.40000000,1704355199999,3656005.57648000,9021,2358220.20000000,2039694.06862000,0
1704355200000,0.85790000,0.86140000,0.85260000,0.85800000,3265791.70000000,1704358799999,2802068.07422000,8155,1496205.30000000,1283796.39171000,0
1704358800000,0.85810000,0.86260000,0.85720000,0.85930000,2168559.80000000,1704362399999,1864638.05747000,5428,1100984.80000000,946717.14801000,0
1704362400000,0.85940000,0.86040000,0.84510000,0.85790000,5889982.10000000,1704365999999,5024557.17300000,13463,3186017.80000000,2715939.35865000,0
1704366000000,0.85790000,0.86470000,0.85410000,0.85970000,5364045.40000000,1704369599999,4608720.03203000,9549,3412365.50000000,2931644.07575000,0
1704369600000,0.85970000,0.86910000,0.85690000,0.86790000,5942756.80000000,1704373199999,5140054.25154000,10265,3446694.50000000,2981348.13266000,0
1704373200000,0.86810000,0.87030000,0.86080000,0.86840000,3699279.90000000,1704376799999,3198865.00006000,6983,2015344.90000000,1742718.79157000,0
1704376800000,0.86830000,0.87810000,0.86300000,0.87780000,6592657.00000000,1704380399999,5731701.72607000,12050,3547104.50000000,3084757.23531000,0
1704380400000,0.87780000,0.88220000,0.87060000,0.88120000,10668005.20000000,1704383999999,9364530.84562000,17918,5532466.30000000,4855908.54578000,0
1704384000000,0.88120000,0.88320000,0.86870000,0.87290000,6188296.20000000,1704387599999,5413910.94059000,12394,3443394.70000000,3012357.21914000,0
1704387600000,0.87280000,0.88000000,0.87050000,0.87360000,4431612.80000000,1704391199999,3877166.99414000,8514,2328158.20000000,2036798.32178000,0
1704391200000,0.87360000,0.88010000,0.87190000,0.87930000,3028020.80000000,1704394799999,2653473.57617000,5453,1627706.90000000,1426338.38583000,0
1704394800000,0.87940000,0.88700000,0.87770000,0.87900000,5408196.10000000,1704398399999,4774072.41142000,9486,3111244.00000000,2746999.02591000,0
1704398400000,0.87900000,0.89200000,0.87900000,0.88420000,5807786.90000000,1704401999999,5148375.06851000,10039,3019135.30000000,2677044.87033000,0
1704402000000,0.88420000,0.89000000,0.87860000,0.88170000,3808907.60000000,1704405599999,3370944.31319000,7876,1756184.90000000,1554051.79078000,0
1704405600000,0.88180000,0.88930000,0.87680000,0.88170000,2306398.60000000,1704409199999,2037732.58369000,5936,1099641.00000000,971837.72551000,0
1704409200000,0.88180000,0.88470000,0.87880000,0.88300000,1727346.30000000,1704412799999,1523343.08734000,3692,867770.10000000,765348.67413000,0
1704412800000,0.88300000,0.88700000,0.87330000,0.87910000,3212535.70000000,1704416399999,2827453.90696000,7857,1577736.60000000,1388785.14477000,0
1704416400000,0.87900000,0.88100000,0.81600000,0.85370000,13208578.00000000,1704419999999,11292655.73179000,31343,5796695.20000000,4948151.79287000,0
1704420000000,0.85360000,0.86080000,0.84780000,0.85230000,5240720.50000000,1704423599999,4479852.81495000,12968,2606293.10000000,2227876.96062000,0
1704423600000,0.85230000,0.85970000,0.85190000,0.85280000,3302007.10000000,1704427199999,2825543.09803000,6325,1458601.60000000,1248281.00739000,0
1704427200000,0.85280000,0.85510000,0.84870000,0.85150000,3512903.60000000,1704430799999,2992534.47349000,6761,1743399.60000000,1485346.31054000,0
1704430800000,0.85150000,0.85720000,0.85050000,0.85520000,3478383.10000000,1704434399999,2971255.53706000,5637,1781542.10000000,1521828.55070000,0
1704434400000,0.85510000,0.86000000,0.85110000,0.85910000,2988403.50000000,1704437999999,2560020.65256000,5840,1613319.40000000,1382229.00946000,0
1704438000000,0.85910000,0.86410000,0.85610000,0.85630000,3407790.90000000,1704441599999,2931415.60822000,7108,1913690.70000000,1646182.19858000,0
1704441600000,0.85630000,0.86200000,0.85300000,0.85410000,2838952.00000000,1704445199999,2431777.28890000,5758,1331388.30000000,1140656.73308000,0
1704445200000,0.85400000,0.86440000,0.85400000,0.86300000,3791073.40000000,1704448799999,3265479.31268000,7518,2111032.60000000,1818494.10588000,0
1704448800000,0.86300000,0.86370000,0.84210000,0.84900000,4485420.70000000,1704452399999,3837948.91437000,9682,2133491.70000000,1825952.23224000,0
1704452400000,0.84890000,0.85420000,0.84290000,0.84500000,4476290.60000000,1704455999999,3798748.30262000,10158,2114175.60000000,1793500.11734000,0
1704456000000,0.84500000,0.85080000,0.83840000,0.84500000,5506531.10000000,1704459599999,4651438.65101000,10996,2779966.00000000,2348395.63745000,0
1704459600000,0.84500000,0.84920000,0.83900000,0.84560000,4949574.70000000,1704463199999,4181394.26351000,10318,2638586.50000000,2229622.99847000,0
1704463200000,0.84550000,0.84980000,0.82530000,0.83120000,8279206.40000000,1704466799999,6945366.70562000,19242,3676230.40000000,3083562.56134000,0
1704466800000,0.83120000,0.83980000,0.82460000,0.83420000,5986209.40000000,1704470399999,4984174.98473000,14030,2868861.70000000,2388331.90211000,0
1704470400000,0.83410000,0.83980000,0.82140000,0.82410000,5440844.70000000,1704473999999,4533255.00014000,13066,2984574.50000000,2485609.19667000,0
1704474000000,0.82420000,0.83710000,0.81730000,0.83510000,5359686.00000000,1704477599999,4439447.09301000,14677,2685909.90000000,2225297.79264000,0
1704477600000,0.83520000,0.83880000,0.83070000,0.83480000,1690308.80000000,1704481199999,1410848.13610000,4782,786843.40000000,656819.49287000,0
1704481200000,0.83480000,0.83820000,0.83150000,0.83230000,2295363.10000000,1704484799999,1913862.81886000,4582,950925.10000000,793180.25001000,0
1704484800000,0.83230000,0.84940000,0.83210000,0.84430000,3350996.20000000,1704488399999,2818098.63419000,8433,1705771.10000000,1434478.47289000,0
1704488400000,0.84430000,0.84600000,0.83500000,0.84480000,2397485.80000000,1704491999999,2014483.76394000,5655,1188592.40000000,998556.41493000,0
1704492000000,0.84480000,0.84620000,0.83980000,0.84510000,1449772.50000000,1704495599999,1222799.27250000,3187,670721.10000000,565514.47928000,0
1704495600000,0.84510000,0.85270000,0.84510000,0.85250000,1966274.30000000,1704499199999,1669636.36181000,5256,1091575.30000000,926932.75424000,0
1704499200000,0.85250000,0.85340000,0.84420000,0.84700000,2438027.80000000,1704502799999,2067596.75529000,5816,1113414.40000000,944422.65179000,0
1704502800000,0.84710000,0.84730000,0.83820000,0.84070000,1866872.80000000,1704506399999,1571278.50494000,4226,841625.60000000,708508.24437000,0
1704506400000,0.84060000,0.84260000,0.83580000,0.84040000,1458324.10000000,1704509999999,1224260.71325000,3256,650536.60000000,546064.93086000,0
1704510000000,0.84040000,0.84150000,0.83670000,0.83840000,1065769.60000000,1704513599999,894601.45725000,2793,548096.90000000,460149.21812000,0
1704513600000,0.83850000,0.84030000,0.82720000,0.82900000,2724884.90000000,1704517199999,2272344.21644000,5101,993911.00000000,828833.04818000,0
1704517200000,0.82910000,0.83110000,0.80300000,0.80940000,9428025.10000000,1704520799999,7697702.29991000,21792,4557458.30000000,3723373.98860000,0
1704520800000,0.80950000,0.81190000,0.79590000,0.79920000,11191945.00000000,1704524399999,8995088.86544000,22044,5019575.30000000,4034720.47402000,0
1704524400000,0.79910000,0.81130000,0.79580000,0.81100000,5843439.20000000,1704527999999,4693206.61235000,12219,3147903.00000000,2528575.32073000,0
1704528000000,0.81100000,0.81840000,0.80440000,0.81840000,3275396.20000000,1704531599999,2656079.10018000,7312,1754866.80000000,1423080.36890000,0
1704531600000,0.81850000,0.82790000,0.81570000,0.82070000,2916948.70000000,1704535199999,2397312.79572000,7434,1412710.10000000,1160821.44557000,0
1704535200000,0.82080000,0.82570000,0.81640000,0.82430000,2435191.50000000,1704538799999,1999068.03153000,6095,1392508.20000000,1142982.31866000,0
1704538800000,0.82430000,0.82560000,0.81860000,0.82450000,2526280.60000000,1704542399999,2079437.38537000,5293,1246622.00000000,1026078.69525000,0
1704542400000,0.82450000,0.82650000,0.81500000,0.81730000,2762442.20000000,1704545999999,2266683.92075000,5530,1194881.90000000,980837.13181000,0
1704546000000,0.81720000,0.82090000,0.81270000,0.81960000,1920292.00000000,1704549599999,1570245.14265000,4913,960704.60000000,785410.02130000,0
1704549600000,0.81960000,0.83120000,0.81880000,0.82910000,3042207.60000000,1704553199999,2516029.39116000,7180,1586183.60000000,1312034.47858000,0
1704553200000,0.82900000,0.83470000,0.82660000,0.83310000,3521063.40000000,1704556799999,2925959.11561000,6576,1448774.10000000,1203989.52896000,0
1704556800000,0.83310000,0.83940000,0.83050000,0.83270000,2186105.20000000,1704560399999,1824387.73474000,7162,1135346.60000000,947606.16783000,0
1704560400000,0.83270000,0.83840000,0.83100000,0.83600000,1669538.70000000,1704563999999,1392783.78460000,4609,953211.90000000,795106.59194000,0
1704564000000,0.83600000,0.83920000,0.83190000,0.83320000,2320694.00000000,1704567599999,1938180.75874000,5132,963544.40000000,805009.43622000,0
1704567600000,0.83330000,0.83370000,0.82630000,0.82960000,1838306.80000000,1704571199999,1524957.33814000,4659,809795.50000000,671768.60503000,0
1704571200000,0.82960000,0.83200000,0.82530000,0.82930000,1384835.90000000,1704574799999,1147705.61486000,3752,663646.20000000,549958.57920000,0
1704574800000,0.82930000,0.82970000,0.82320000,0.82730000,1460822.30000000,1704578399999,1208226.37958000,3900,708137.00000000,585793.41019000,0
1704578400000,0.82770000,0.82800000,0.81860000,0.82430000,1289296.80000000,1704581999999,1061787.87436000,3988,537383.50000000,442607.18731000,0
1704582000000,0.82430000,0.82820000,0.81600000,0.82810000,1824772.10000000,1704585599999,1499697.19308000,4557,850229.90000000,698867.78209000,0
1704585600000,0.82800000,0.83970000,0.82560000,0.83470000,3331694.90000000,1704589199999,2776094.31958000,6226,1724255.70000000,1436672.46688000,0
1704589200000,0.83470000,0.83830000,0.82930000,0.83000000,2196540.30000000,1704592799999,1834264.58801000,4591,1108983.20000000,925962.03224000,0
1704592800000,0.83000000,0.83680000,0.82740000,0.83030000,1888610.70000000,1704596399999,1571261.43288000,3855,874437.30000000,727586.33099000,0
1704596400000,0.83030000,0.83650000,0.82970000,0.83450000,1471116.10000000,1704599999999,1226276.27127000,3530,777846.20000000,648134.53582000,0
1704600000000,0.83450000,0.84080000,0.83450000,0.84070000,1789590.00000000,1704603599999,1499979.57956000,3893,891332.20000000,746951.80824000,0
1704603600000,0.84080000,0.84270000,0.83500000,0.83820000,2006337.40000000,1704607199999,1684956.51685000,4305,901059.10000000,756554.41903000,0
1704607200000,0.83820000,0.84360000,0.83660000,0.84000000,2049478.50000000,1704610799999,1721232.86996000,3970,1069682.70000000,898352.09348000,0
1704610800000,0.83990000,0.84070000,0.83560000,0.83850000,2598003.90000000,1704614399999,2176929.72453000,4110,1138666.70000000,954416.18300000,0
1704614400000,0.83860000,0.84370000,0.83030000,0.83150000,3006281.50000000,1704617999999,2518009.93160000,6781,1492979.00000000,1251098.32552000,0
1704618000000,0.83160000,0.83560000,0.82480000,0.82610000,3079110.90000000,1704621599999,2556325.31173000,6840,1485603.50000000,1233388.35194000,0
1704621600000,0.82610000,0.83270000,0.82560000,0.83140000,1809199.10000000,1704625199999,1500622.83018000,4018,972127.10000000,806295.04957000,0
1704625200000,0.83140000,0.83570000,0.82920000,0.83100000,1774137.40000000,1704628799999,1476744.43003000,4159,900546.80000000,749689.65349000,0
1704628800000,0.83100000,0.83420000,0.82590000,0.83340000,2064718.50000000,1704632399999,1715578.08459000,4316,1090456.00000000,906169.08884000,0
1704632400000,0.83340000,0.84230000,0.83310000,0.84220000,3102497.30000000,1704635999999,2602173.56271000,6419,1698746.60000000,1424410.96716000,0
1704636000000,0.84210000,0.84400000,0.83720000,0.84290000,2945227.80000000,1704639599999,2477194.38955000,6047,1468900.50000000,1235529.56596000,0
1704639600000,0.84290000,0.84350000,0.82680000,0.82980000,3489383.40000000,1704643199999,2908728.05240000,6785,1748815.60000000,1457069.74789000,0
1704643200000,0.82970000,0.83320000,0.81800000,0.82190000,4595664.80000000,1704646799999,3794016.39090000,8447,2014880.50000000,1664747.48794000,0
1704646800000,0.82190000,0.83020000,0.81960000,0.82860000,1913149.10000000,1704650399999,1578691.81768000,4732,959727.40000000,792126.34394000,0
1704650400000,0.82860000,0.83430000,0.82810000,0.83250000,1441541.00000000,1704653999999,1197999.21516000,3333,766917.10000000,637288.46640000,0
1704654000000,0.83260000,0.83350000,0.82830000,0.83230000,1571471.70000000,1704657599999,1306077.75930000,3106,629558.50000000,523111.30803000,0
1704657600000,0.83230000,0.83360000,0.82650000,0.82760000,964325.90000000,1704661199999,800808.51905000,2432,435429.40000000,361651.66458000,0
1704661200000,0.82770000,0.82930000,0.82160000,0.82350000,1361130.90000000,1704664799999,1122789.42152000,3099,633118.70000000,522222.19720000,0
1704664800000,0.82360000,0.82360000,0.79640000,0.80050000,7797974.30000000,1704668399999,6292468.15874000,15290,3529477.70000000,2845229.61344000,0
1704668400000,0.80070000,0.80680000,0.79260000,0.80110000,5944387.10000000,1704671999999,4743331.61582000,10718,2995852.80000000,2391803.24308000,0
1704672000000,0.80110000,0.80350000,0.77070000,0.77410000,9892342.40000000,1704675599999,7794508.06145000,22573,4793203.60000000,3781315.31094000,0
1704675600000,0.77410000,0.78310000,0.77150000,0.77620000,6482880.50000000,1704679199999,5042141.80289000,15322,3374894.00000000,2624690.93248000,0
1704679200000,0.77650000,0.77990000,0.74630000,0.75720000,13612997.90000000,1704682799999,10360712.27763000,34398,6205179.00000000,4727603.45975000,0
1704682800000,0.75720000,0.76090000,0.73620000,0.75970000,12637548.00000000,1704686399999,9490899.14096000,28729,5951671.00000000,4471149.97408000,0
1704686400000,0.75970000,0.77300000,0.75650000,0.77250000,5010114.60000000,1704689999999,3833705.73568000,10144,2737738.30000000,2096313.98957000,0
1704690000000,0.77240000,0.77910000,0.76800000,0.77750000,5997893.60000000,1704693599999,4636520.95658000,8505,3020456.10000000,2334960.96737000,0
1704693600000,0.77760000,0.78950000,0.77490000,0.77730000,8401368.10000000,1704697199999,6578151.97700000,13105,4288818.00000000,3359008.82770000,0
1704697200000,0.77730000,0.78260000,0.77190000,0.77660000,4250921.10000000,1704700799999,3302804.77477000,6957,2199854.70000000,1709081.81523000,0
1704700800000,0.77650000,0.78180000,0.77240000,0.77290000,3458051.10000000,1704704399999,2688921.99912000,7329,1772312.70000000,1378377.68945000,0
1704704400000,0.77300000,0.77620000,0.76540000,0.76800000,2828238.50000000,1704707999999,2184077.74175000,6062,1318885.90000000,1018705.46480000,0
1704708000000,0.76820000,0.77860000,0.76560000,0.77660000,4317437.20000000,1704711599999,3341473.81886000,7411,2135139.90000000,1652300.62094000,0
1704711600000,0.77650000,0.78630000,0.77530000,0.78580000,4370191.40000000,1704715199999,3409178.96563000,7887,2252603.80000000,1756819.54794000,0
1704715200000,0.78580000,0.80090000,0.78570000,0.79890000,9409935.10000000,1704718799999,7473056.46713000,17769,4583157.40000000,3640431.80153000,0
1704718800000,0.79880000,0.80500000,0.79350000,0.79630000,8312964.20000000,1704722399999,6636650.47529000,14112,4532365.80000000,3619417.10063000,0
1704722400000,0.79660000,0.80460000,0.79350000,0.79540000,5219505.10000000,1704725999999,4169420.23123000,9051,2730478.00000000,2181380.90914000,0
1704726000000,0.79550000,0.80700000,0.79390000,0.80230000,5232093.20000000,1704729599999,4190726.50879000,9458,3022549.90000000,2421005.49027000,0
1704729600000,0.80240000,0.80820000,0.79880000,0.80410000,4785266.00000000,1704733199999,3843976.83464000,9841,2451289.80000000,1968974.24492000,0
1704733200000,0.80420000,0.82040000,0.80290000,0.82010000,6812325.90000000,1704736799999,5530994.64239000,13666,3583151.90000000,2908536.36825000,0
1704736800000,0.82020000,0.83800000,0.81880000,0.83390000,10082596.80000000,1704740399999,8365220.46327000,18966,4852152.50000000,4023746.38976000,0
1704740400000,0.83380000,0.83610000,0.82560000,0.83400000,7247495.50000000,1704743999999,6027429.20308000,13016,3629051.50000000,3019225.61974000,0
1704744000000,0.83400000,0.83630000,0.82530000,0.82690000,4312189.00000000,1704747599999,3585997.42145000,8999,1973548.20000000,1640930.78543000,0
1704747600000,0.82710000,0.84100000,0.82690000,0.83130000,7211020.00000000,1704751199999,6013698.44357000,10611,4288395.70000000,3578775.53981000,0
1704751200000,0.83140000,0.84050000,0.83050000,0.84030000,2727528.50000000,1704754799999,2281376.86710000,5703,1303956.00000000,1090798.33364000,0
1704754800000,0.84030000,0.84350000,0.83680000,0.84160000,2824006.10000000,1704758399999,2374607.53759000,6320,1527679.30000000,1284607.03362000,0
1704758400000,0.84140000,0.84450000,0.81980000,0.82960000,6548743.00000000,1704761999999,5446118.78079000,17141,3210701.40000000,2669108.91950000,0
1704762000000,0.82960000,0.83280000,0.82200000,0.82480000,3214885.80000000,1704765599999,2657439.91385000,7451,1937514.20000000,1601510.52134000,0
1704765600000,0.82490000,0.82640000,0.81820000,0.82040000,3131693.30000000,1704769199999,2573008.47276000,6009,1841102.50000000,1512902.43914000,0
1704769200000,0.82030000,0.82170000,0.81440000,0.81620000,2836532.00000000,1704772799999,2316844.41960000,5634,1296161.00000000,1058925.57736000,0
1704772800000,0.81630000,0.83000000,0.81510000,0.82930000,3365802.80000000,1704776399999,2766784.40784000,6401,1874494.40000000,1540862.84984000,0
1704776400000,0.82930000,0.83200000,0.82000000,0.82480000,3175438.90000000,1704779999999,2618358.84470000,6222,1544651.30000000,1274205.98667000,0
1704780000000,0.82430000,0.82510000,0.81780000,0.82210000,3105305.70000000,1704783599999,2551449.05421000,5503,1200551.20000000,986589.53152000,0
1704783600000,0.82200000,0.82500000,0.81890000,0.82100000,2080705.90000000,1704787199999,1709839.61601000,4329,1120638.30000000,920925.76706000,0
1704787200000,0.82090000,0.82520000,0.81150000,0.81230000,4303207.50000000,1704790799999,3528599.06995000,7920,1928189.00000000,1581617.25059000,0
1704790800000,0.81230000,0.81730000,0.80250000,0.80650000,4849667.10000000,1704794399999,3930543.48016000,10673,2485566.70000000,2015708.89134000,0
1704794400000,0.80650000,0.81560000,0.80600000,0.81120000,2377065.80000000,1704797999999,1929210.22813000,5871,1130947.90000000,917782.19700000,0
1704798000000,0.81120000,0.81790000,0.80890000,0.81210000,2884247.20000000,1704801599999,2345740.28947000,6388,1481155.20000000,1204654.17222000,0
1704801600000,0.81220000,0.81500000,0.78000000,0.79140000,7530855.70000000,1704805199999,6018334.56392000,18767,3570452.70000000,2854862.33750000,0
1704805200000,0.79140000,0.80540000,0.78970000,0.80160000,8854945.10000000,1704808799999,7084529.86302000,18539,4625983.30000000,3701433.24162000,0
1704808800000,0.80150000,0.80420000,0.78730000,0.78790000,8682542.10000000,1704812399999,6916685.18075000,16066,4360951.70000000,3473570.39201000,0
1704812400000,0.78770000,0.79870000,0.78250000,0.79170000,6252231.00000000,1704815999999,4946875.28768000,11324,3105067.80000000,2456731.53440000,0
1704816000000,0.79160000,0.79410000,0.78150000,0.79040000,3713009.00000000,1704819599999,2930237.86118000,8498,1870002.50000000,1476226.06805000,0
1704819600000,0.79040000,0.79500000,0.78630000,0.79240000,7045409.40000000,1704823199999,5566699.15793000,10158,2928843.40000000,2314216.57182000,0
1704823200000,0.79240000,0.80590000,0.78890000,0.80470000,4562629.30000000,1704826799999,3641317.86074000,8249,2489350.00000000,1986899.33838000,0
1704826800000,0.80470000,0.80490000,0.79000000,0.79600000,3211534.40000000,1704830399999,2562078.21839000,6964,1550045.40000000,1235694.12449000,0
1704830400000,0.79600000,0.79730000,0.78170000,0.78360000,4092567.50000000,1704833999999,3227447.85088000,8114,1963010.70000000,1548000.11080000,0
1704834000000,0.78360000,0.81800000,0.78320000,0.79450000,25773023.40000000,1704837599999,20576846.60588000,58921,13508435.20000000,10792302.34808000,0
1704837600000,0.79440000,0.81500000,0.79190000,0.80570000,7903272.60000000,1704841199999,6369804.28344000,17257,3854516.70000000,3106016.35659000,0
1704841200000,0.80570000,0.80710000,0.79780000,0.80660000,3503106.80000000,1704844799999,2812749.25130000,6840,1760670.10000000,1413848.49716000,0
1704844800000,0.80650000,0.82580000,0.80230000,0.82450000,7059031.20000000,1704848399999,5767186.22282000,14632,3450760.30000000,2819340.28253000,0
1704848400000,0.82460000,0.82580000,0.80880000,0.81340000,4872825.30000000,1704851999999,3981002.50179000,9736,2293764.20000000,1872752.99723000,0
1704852000000,0.81330000,0.81620000,0.80630000,0.80660000,2385957.00000000,1704855599999,1934893.22611000,4958,1025329.80000000,831410.46121000,0
1704855600000,0.80660000,0.82030000,0.80520000,0.81440000,3338670.60000000,1704859199999,2717039.21066000,7166,1489158.20000000,1211652.60283000,0
1704859200000,0.81430000,0.82130000,0.81260000,0.81530000,2589223.80000000,1704862799999,2113117.62118000,4942,1268825.50000000,1035613.54988000,0
1704862800000,0.81540000,0.83090000,0.81530000,0.83010000,4678005.80000000,1704866399999,3855348.83174000,7521,2431078.40000000,2002693.75604000,0
1704866400000,0.83010000,0.83010000,0.82220000,0.82510000,3283650.20000000,1704869999999,2712882.74553000,6644,1450769.30000000,1198499.58927000,0
1704870000000,0.82510000,0.82770000,0.81840000,0.81870000,2965100.30000000,1704873599999,2440143.74440000,5877,1372198.80000000,1129236.77877000,0
1704873600000,0.81870000,0.82180000,0.81110000,0.81270000,3314457.20000000,1704877199999,2704206.19269000,7040,1441102.10000000,1175923.34922000,0
1704877200000,0.81270000,0.84290000,0.81270000,0.84190000,7898709.90000000,1704880799999,6585949.35869000,16824,4013739.60000000,3344788.22583000,0
1704880800000,0.84190000,0.85250000,0.84140000,0.84260000,8926525.30000000,1704884399999,7566331.22293000,19547,4332342.10000000,3672465.92199000,0
1704884400000,0.84260000,0.84970000,0.83610000,0.84210000,5137261.20000000,1704887999999,4339405.63461000,11040,2421257.30000000,2045252.59865000,0
1704888000000,0.84190000,0.84450000,0.80330000,0.81360000,12015213.80000000,1704891599999,9879049.36905000,28836,6241129.90000000,5127993.05832000,0
1704891600000,0.81360000,0.82560000,0.80740000,0.82010000,6595912.50000000,1704895199999,5394350.77292000,14413,3264457.30000000,2670581.69023000,0
1704895200000,0.82010000,0.82560000,0.81530000,0.81940000,3887750.90000000,1704898799999,3193980.75073000,9012,1796152.60000000,1475768.27613000,0
1704898800000,0.81930000,0.85290000,0.81580000,0.85110000,11930247.70000000,1704902399999,10001220.32530000,23529,6358244.60000000,5330055.78226000,0
1704902400000,0.85070000,0.85690000,0.83360000,0.83410000,10792270.60000000,1704905999999,9131105.92840000,18158,4485590.20000000,3795139.81773000,0
1704906000000,0.83420000,0.84720000,0.83170000,0.84490000,4144249.50000000,1704909599999,3481036.75536000,8864,2072689.50000000,1741552.17560000,0
1704909600000,0.84490000,0.85400000,0.84250000,0.85300000,5772958.00000000,1704913199999,4900744.96436000,12335,2835354.40000000,2407450.17343000,0
1704913200000,0.85310000,0.86540000,0.84870000,0.86170000,6100944.20000000,1704916799999,5242289.66629000,16155,3274277.90000000,2814315.90371000,0
1704916800000,0.86170000,0.86400000,0.83700000,0.86090000,12669608.90000000,1704920399999,10771426.08735000,30493,6399181.90000000,5441241.02420000,0
1704920400000,0.86050000,0.89160000,0.85800000,0.89070000,19894405.30000000,1704923999999,17442977.50277000,42388,11078684.60000000,9718401.63985000,0
1704924000000,0.89080000,0.90030000,0.88130000,0.89870000,14203787.30000000,1704927599999,12687239.89559000,27723,7613094.20000000,6801663.71504000,0
1704927600000,0.89880000,0.91270000,0.88990000,0.89920000,13499415.40000000,1704931199999,12183490.35049000,32141,7127911.50000000,6435216.64840000,0
1704931200000,0.89920000,0.92900000,0.89300000,0.92740000,22953834.30000000,1704934799999,20970046.14853000,56538,11735001.30000000,10717782.09969000,0
1704934800000,0.92750000,0.92820000,0.90090000,0.90100000,8802392.00000000,1704938399999,8027619.70073000,22281,3989721.90000000,3636869.01262000,0
1704938400000,0.90100000,0.90750000,0.90030000,0.90420000,3863094.10000000,1704941999999,3493925.55317000,8958,1717319.90000000,1552989.27032000,0
1704942000000,0.90430000,0.90980000,0.89790000,0.90980000,7917821.70000000,1704945599999,7148589.95568000,15508,3294839.20000000,2974956.47272000,0
1704945600000,0.90990000,0.91360000,0.90340000,0.90530000,4411972.80000000,1704949199999,4006092.77015000,7874,2104724.30000000,1910766.61996000,0
1704949200000,0.90520000,0.90560000,0.88770000,0.89490000,4967033.30000000,1704952799999,4448854.18035000,11619,2575864.30000000,2307432.96208000,0
1704952800000,0.89500000,0.89610000,0.88210000,0.88850000,3870175.80000000,1704956399999,3432024.38286000,9818,1912990.50000000,1695999.35779000,0
1704956400000,0.88850000,0.90480000,0.88840000,0.90250000,6404646.30000000,1704959999999,5755738.54228000,10162,3757358.00000000,3375938.21035000,0
1704960000000,0.90220000,0.91240000,0.90020000,0.91240000,4166976.80000000,1704963599999,3779405.98875000,8761,2420678.80000000,2195731.27444000,0
1704963600000,0.91220000,0.91310000,0.90590000,0.91110000,3786897.00000000,1704967199999,3444862.59854000,7903,1944730.30000000,1769495.09916000,0
1704967200000,0.91120000,0.93000000,0.91060000,0.92830000,5601186.30000000,1704970799999,5150997.49643000,14990,3100874.60000000,2851782.89844000,0
1704970800000,0.92800000,0.94990000,0.92360000,0.94650000,15833619.50000000,1704974399999,14874154.38515000,32518,8493489.00000000,7975864.30666000,0
1704974400000,0.94640000,0.95460000,0.93990000,0.95400000,11555870.80000000,1704977999999,10962144.91766000,23559,5969009.80000000,5662676.19280000,0
1704978000000,0.95400000,0.95570000,0.93400000,0.95000000,14170497.40000000,1704981599999,13425350.97503000,31616,7730902.90000000,7323158.50737000,0
1704981600000,0.95000000,0.95820000,0.93270000,0.95250000,13889363.80000000,1704985199999,13145901.60446000,34363,6715438.10000000,6357874.15362000,0
1704985200000,0.95250000,0.95330000,0.91270000,0.92130000,18768043.90000000,1704988799999,17472918.56809000,40936,7899654.20000000,7350381.21235000,0
1704988800000,0.92130000,0.92720000,0.90120000,0.91460000,11435331.40000000,1704992399999,10432261.32565000,31025,5903663.10000000,5386966.41847000,0
1704992400000,0.91450000,0.92950000,0.91340000,0.92940000,6516020.50000000,1704995999999,6009519.92215000,16051,3185491.60000000,2937798.38440000,0
1704996000000,0.92940000,0.93080000,0.92130000,0.92660000,5115643.80000000,1704999599999,4736317.29793000,9077,2195370.70000000,2033417.09479000,0
1704999600000,0.92660000,0.93830000,0.91940000,0.93830000,5270493.90000000,1705003199999,4884033.62071000,10085,2129182.80000000,1972752.76867000,0
1705003200000,0.93840000,0.94170000,0.91440000,0.91680000,8519048.50000000,1705006799999,7895638.44448000,15709,4388942.40000000,4062848.80642000,0
1705006800000,0.91660000,0.92530000,0.91500000,0.91650000,3386770.00000000,1705010399999,3116591.69941000,7116,1629050.10000000,1498947.58432000,0
1705010400000,0.91610000,0.92200000,0.91130000,0.92130000,3064421.80000000,1705013999999,2807322.37867000,6202,1503254.90000000,1377447.37945000,0
1705014000000,0.92130000,0.92910000,0.91870000,0.92630000,2367847.70000000,1705017599999,2191511.22595000,5746,1138030.80000000,1053265.90357000,0
1705017600000,0.92640000,0.93090000,0.91710000,0.92060000,4443564.60000000,1705021199999,4103389.16572000,9839,2104695.90000000,1944240.48215000,0
1705021200000,0.92060000,0.92180000,0.90610000,0.91380000,3984936.20000000,1705024799999,3640451.61387000,9442,1961228.70000000,1791433.36883000,0
1705024800000,0.91370000,0.92000000,0.91340000,0.91850000,2360679.70000000,1705028399999,2163790.26530000,4658,1178841.90000000,1080410.64421000,0
1705028400000,0.91860000,0.91880000,0.90830000,0.91200000,2781267.30000000,1705031999999,2540807.08255000,5668,1314074.30000000,1200663.26038000,0
1705032000000,0.91200000,0.91870000,0.90860000,0.91350000,4137469.70000000,1705035599999,3776999.29218000,7987,1934414.40000000,1766064.82666000,0
1705035600000,0.91330000,0.92400000,0.91070000,0.92230000,3435412.80000000,1705039199999,3153929.53150000,6906,1648198.10000000,1513590.49681000,0
1705039200000,0.92230000,0.92460000,0.91660000,0.91680000,2647374.70000000,1705042799999,2439391.02401000,5229,1363686.40000000,1256358.01083000,0
1705042800000,0.91690000,0.91800000,0.90560000,0.91010000,3131708.40000000,1705046399999,2855207.24047000,7888,1572575.40000000,1433843.47389000,0
1705046400000,0.91010000,0.91130000,0.90150000,0.90870000,3553153.40000000,1705049999999,3222071.78695000,8616,1681376.60000000,1524844.22339000,0
1705050000000,0.90870000,0.91430000,0.90150000,0.91240000,3853748.80000000,1705053599999,3496285.93969000,7873,1859104.40000000,1686363.67837000,0
1705053600000,0.91240000,0.91930000,0.91040000,0.91890000,3171104.10000000,1705057199999,2901254.40190000,6885,1618665.10000000,1480452.57451000,0
1705057200000,0.91890000,0.92830000,0.91680000,0.92750000,4617390.20000000,1705060799999,4263028.80231000,10388,2498810.30000000,2306814.87770000,0
1705060800000,0.92750000,0.94260000,0.91790000,0.92540000,8984593.40000000,1705064399999,8370990.08868000,22512,4532614.80000000,4222620.31215000,0
1705064400000,0.92540000,0.93660000,0.92260000,0.93290000,5256900.00000000,1705067999999,4894827.70722000,11963,2490156.40000000,2318077.77220000,0
1705068000000,0.93300000,0.94530000,0.92830000,0.93940000,8350284.20000000,1705071599999,7817929.51990000,22634,4004624.40000000,3748726.19670000,0
1705071600000,0.93930000,0.94170000,0.90340000,0.90580000,13300639.00000000,1705075199999,12212688.22667000,36632,6863234.90000000,6297515.24052000,0
1705075200000,0.90580000,0.91440000,0.87620000,0.88760000,16694752.60000000,1705078799999,15003614.67117000,40378,8327536.70000000,7489744.87281000,0
1705078800000,0.88780000,0.89290000,0.86610000,0.89270000,11144130.30000000,1705082399999,9815937.99933000,29952,5364045.30000000,4724900.57945000,0
1705082400000,0.89270000,0.89780000,0.88440000,0.89100000,4044821.00000000,1705085999999,3609560.90745000,11488,1943157.70000000,1733619.00508000,0
1705086000000,0.89100000,0.89360000,0.88460000,0.88800000,2587742.40000000,1705089599999,2301681.03977000,6315,1368156.40000000,1216886.74718000,0
1705089600000,0.88790000,0.89920000,0.88630000,0.89120000,3475227.10000000,1705093199999,3104063.52356000,6975,1836228.00000000,1640119.13374000,0
1705093200000,0.89140000,0.89270000,0.86310000,0.86990000,7321266.70000000,1705096799999,6420324.11011000,15359,3507927.90000000,3077672.48708000,0
1705096800000,0.87000000,0.87110000,0.83460000,0.85650000,13242593.70000000,1705100399999,11310453.22823000,31777,6424563.80000000,5489394.67487000,0
1705100400000,0.85640000,0.86640000,0.85590000,0.86350000,2816297.40000000,1705103999999,2428469.10187000,6963,1550241.00000000,1336779.05343000,0
1705104000000,0.86340000,0.86780000,0.85560000,0.85580000,3308837.60000000,1705107599999,2854650.57007000,7483,1686389.80000000,1455029.48055000,0
1705107600000,0.85580000,0.85890000,0.84070000,0.85780000,6116321.10000000,1705111199999,5200038.42645000,13776,3076510.20000000,2614705.19247000,0
1705111200000,0.85790000,0.86440000,0.85350000,0.85950000,2259553.00000000,1705114799999,1944238.24729000,6029,1076192.00000000,926233.41412000,0
1705114800000,0.85960000,0.86430000,0.85600000,0.86080000,1715313.00000000,1705118399999,1474315.74500000,4346,829511.60000000,712798.08953000,0
1705118400000,0.86080000,0.86380000,0.85780000,0.86220000,2570279.10000000,1705121999999,2213278.25834000,4759,1358090.10000000,1169536.03821000,0
1705122000000,0.86210000,0.87080000,0.86010000,0.87060000,1976680.00000000,1705125599999,1713274.75305000,4975,1033886.10000000,896394.74627000,0
1705125600000,0.87060000,0.87320000,0.86770000,0.87320000,2333762.30000000,1705129199999,2031998.58169000,5874,1174061.50000000,1022219.10374000,0
1705129200000,0.87320000,0.87610000,0.86960000,0.87060000,1717044.60000000,1705132799999,1499577.60558000,6057,833475.30000000,727888.91671000,0
1705132800000,0.87070000,0.87690000,0.87060000,0.87500000,2201495.20000000,1705136399999,1924153.46262000,4928,1134228.30000000,991111.29784000,0
1705136400000,0.87490000,0.87670000,0.86410000,0.86500000,2106528.20000000,1705139999999,1829661.58280000,5430,1013204.20000000,880387.17777000,0
1705140000000,0.86500000,0.86970000,0.86190000,0.86810000,2375394.10000000,1705143599999,2058299.49193000,5616,1181527.80000000,1023563.63830000,0
1705143600000,0.86820000,0.87440000,0.86710000,0.87310000,1887091.90000000,1705147199999,1644488.71809000,5038,972465.70000000,847474.45914000,0
1705147200000,0.87310000,0.87610000,0.87000000,0.87320000,1725950.30000000,1705150799999,1507769.03180000,4839,851139.20000000,743593.19427000,0
1705150800000,0.87320000,0.87770000,0.87080000,0.87370000,1572434.70000000,1705154399999,1374978.31285000,4290,689661.30000000,603091.66934000,0
1705154400000,0.87380000,0.87820000,0.87020000,0.87390000,2878397.70000000,1705157999999,2515983.57166000,6445,1449084.00000000,1266552.68766000,0
1705158000000,0.87370000,0.88530000,0.87310000,0.88370000,3490901.00000000,1705161599999,3076776.80862000,9054,1902320.30000000,1676789.65727000,0
1705161600000,0.88370000,0.88430000,0.87390000,0.87540000,2880560.70000000,1705165199999,2527980.19138000,7361,1341993.30000000,1177705.44206000,0
1705165200000,0.87530000,0.88180000,0.87160000,0.87980000,1768481.50000000,1705168799999,1552944.20787000,5510,847418.20000000,744196.95514000,0
1705168800000,0.87970000,0.88180000,0.87690000,0.87900000,1729791.80000000,1705172399999,1521404.54960000,4036,678686.40000000,596867.89030000,0
1705172400000,0.87890000,0.88790000,0.87890000,0.88500000,2464435.20000000,1705175999999,2180002.11104000,5463,1459447.50000000,1290811.58328000,0
1705176000000,0.88440000,0.88710000,0.88120000,0.88460000,1849421.00000000,1705179599999,1634641.85518000,4424,931001.70000000,822831.86573000,0
1705179600000,0.88440000,0.88600000,0.88180000,0.88540000,1415250.80000000,1705183199999,1251178.86332000,3297,659309.70000000,582888.83021000,0
1705183200000,0.88550000,0.88730000,0.88120000,0.88680000,1642749.70000000,1705186799999,1453553.73206000,3528,911964.30000000,806765.27916000,0
1705186800000,0.88670000,0.88820000,0.88120000,0.88180000,1497567.40000000,1705190399999,1324922.27455000,3602,749446.80000000,662980.05338000,0
1705190400000,0.88170000,0.88290000,0.87160000,0.87280000,2402971.80000000,1705193999999,2108242.88751000,6092,1097287.90000000,962805.98238000,0
1705194000000,0.87280000,0.88080000,0.87270000,0.88050000,1531088.40000000,1705197599999,1343542.49717000,3810,736641.70000000,646193.86209000,0
1705197600000,0.88060000,0.88130000,0.87190000,0.87580000,1532812.90000000,1705201199999,1342123.07394000,3496,649709.80000000,568930.01039000,0
1705201200000,0.87600000,0.87950000,0.87370000,0.87570000,1642191.90000000,1705204799999,1440062.90872000,3564,744563.20000000,652975.13326000,0
1705204800000,0.87570000,0.87840000,0.87010000,0.87100000,1862196.30000000,1705208399999,1627196.87858000,4396,1012860.80000000,885136.98049000,0
1705208400000,0.87120000,0.87970000,0.87090000,0.87960000,1604437.00000000,1705211999999,1405175.64221000,3861,828154.70000000,725316.68338000,0
1705212000000,0.87950000,0.88330000,0.87900000,0.88170000,1543859.50000000,1705215599999,1360629.45100000,3787,714620.80000000,629771.02562000,0
1705215600000,0.88170000,0.88220000,0.87270000,0.87470000,2642690.10000000,1705219199999,2315404.03168000,4907,1114805.20000000,976666.62277000,0
1705219200000,0.87480000,0.87580000,0.87080000,0.87510000,1803944.80000000,1705222799999,1574771.98796000,4178,926024.40000000,808336.56024000,0
1705222800000,0.87510000,0.87640000,0.86870000,0.87360000,2833869.20000000,1705226399999,2471693.74050000,5548,1091045.90000000,951554.28191000,0
1705226400000,0.87360000,0.87390000,0.86590000,0.86780000,2410723.30000000,1705229999999,2098195.09610000,4715,1285574.40000000,1118598.05431000,0
1705230000000,0.86780000,0.87100000,0.86430000,0.86550000,2380808.50000000,1705233599999,2064937.05723000,5161,1439336.00000000,1248625.02298000,0
1705233600000,0.86550000,0.86850000,0.86280000,0.86340000,1963327.50000000,1705237199999,1700601.32714000,4190,968174.40000000,838596.69467000,0
1705237200000,0.86350000,0.86760000,0.86060000,0.86630000,1844417.00000000,1705240799999,1594209.28703000,4989,1008673.00000000,871994.49611000,0
1705240800000,0.86640000,0.87340000,0.86570000,0.87150000,2198547.30000000,1705244399999,1913287.78256000,5315,1125172.20000000,978947.26605000,0
1705244400000,0.87150000,0.87500000,0.87050000,0.87270000,1616456.70000000,1705247999999,1411379.01860000,4169,816165.30000000,712587.83506000,0
1705248000000,0.87280000,0.87490000,0.86210000,0.86440000,3022380.10000000,1705251599999,2622820.90338000,6868,1555341.00000000,1349473.23634000,0
1705251600000,0.86440000,0.86980000,0.86350000,0.86710000,2428063.10000000,1705255199999,2105076.87641000,5831,903133.70000000,783313.12960000,0
1705255200000,0.86710000,0.86960000,0.86110000,0.86490000,2167544.00000000,1705258799999,1873111.87831000,4833,963763.00000000,832480.06047000,0
1705258800000,0.86490000,0.86500000,0.84940000,0.85100000,3876880.60000000,1705262399999,3315313.92783000,9856,1621651.40000000,1387975.83333000,0
1705262400000,0.85100000,0.85930000,0.84450000,0.85390000,3070652.00000000,1705265999999,2620141.52907000,9322,1516356.50000000,1294463.78271000,0
1705266000000,0.85380000,0.85990000,0.84960000,0.85980000,3311910.40000000,1705269599999,2829658.41288000,6998,1692869.20000000,1446761.58057000,0
1705269600000,0.85990000,0.86060000,0.84820000,0.85030000,2485901.10000000,1705273199999,2124625.73406000,5608,1162471.20000000,993456.69529000,0
1705273200000,0.85020000,0.85130000,0.83640000,0.83740000,5082716.90000000,1705276799999,4283596.87311000,13193,2305739.50000000,1942924.82696000,0
1705276800000,0.83730000,0.84790000,0.83580000,0.84700000,3338831.10000000,1705280399999,2808961.30593000,7948,1435990.00000000,1208677.49721000,0
1705280400000,0.84710000,0.85310000,0.84250000,0.85220000,2525576.10000000,1705283999999,2141930.65306000,5194,1321833.40000000,1121252.83195000,0
1705284000000,0.85220000,0.85580000,0.84800000,0.85580000,2283130.10000000,1705287599999,1943112.75513000,4857,893862.00000000,761217.75388000,0
1705287600000,0.85570000,0.85950000,0.85420000,0.85550000,1830622.20000000,1705291199999,1568868.66548000,3968,864645.60000000,741026.45184000,0
1705291200000,0.85550000,0.86180000,0.85480000,0.86150000,1427034.50000000,1705294799999,1223789.63336000,3516,718083.90000000,615879.95621000,0
1705294800000,0.86150000,0.86300000,0.85850000,0.86120000,1223586.70000000,1705298399999,1053561.29542000,3254,670473.50000000,577282.59965000,0
1705298400000,0.86120000,0.86280000,0.85660000,0.85770000,1563712.70000000,1705301999999,1344393.80829000,3241,685332.10000000,589255.15624000,0
1705302000000,0.85780000,0.85830000,0.85240000,0.85560000,1483201.30000000,1705305599999,1268668.64642000,3500,653160.40000000,558768.52707000,0
1705305600000,0.85560000,0.85900000,0.85430000,0.85790000,1575445.40000000,1705309199999,1349551.99997000,3417,884270.90000000,757385.50786000,0
1705309200000,0.85790000,0.86250000,0.85440000,0.86190000,1606468.40000000,1705312799999,1378835.62290000,4014,772718.20000000,663046.72398000,0
1705312800000,0.86180000,0.86590000,0.86010000,0.86320000,1633978.20000000,1705316399999,1409861.06649000,4232,859244.80000000,741369.34414000,0
1705316400000,0.86310000,0.86420000,0.85990000,0.86210000,1569185.40000000,1705319999999,1352104.24008000,3283,829357.60000000,714624.97948000,0
1705320000000,0.86210000,0.86730000,0.85870000,0.86130000,3208859.40000000,1705323599999,2772590.17374000,6207,1428131.00000000,1234061.87566000,0
1705323600000,0.86160000,0.86740000,0.86010000,0.86410000,2011572.50000000,1705327199999,1738144.88762000,4703,955055.20000000,825160.47241000,0
1705327200000,0.86400000,0.86460000,0.84340000,0.84370000,7191883.70000000,1705330799999,6137838.51375000,13305,2881278.00000000,2458526.52565000,0
1705330800000,0.84370000,0.84780000,0.83630000,0.83720000,4170394.50000000,1705334399999,3514032.73766000,9424,1939544.80000000,1634289.13892000,0
1705334400000,0.83710000,0.84610000,0.83660000,0.84480000,4243029.70000000,1705337999999,3566069.95494000,8269,2317535.80000000,1948310.70919000,0
1705338000000,0.84480000,0.85130000,0.84400000,0.84840000,3111691.50000000,1705341599999,2640173.06016000,6164,1251373.60000000,1061569.27664000,0
1705341600000,0.84860000,0.85790000,0.84860000,0.85020000,3368544.10000000,1705345199999,2875325.31343000,7371,1571222.40000000,1341208.87289000,0
1705345200000,0.85010000,0.85550000,0.84630000,0.84740000,2104625.40000000,1705348799999,1791322.30802000,5438,1069423.70000000,910211.04903000,0
1705348800000,0.84750000,0.85660000,0.84690000,0.84950000,2023821.30000000,1705352399999,1724296.06666000,5384,1075059.50000000,916194.07057000,0
1705352400000,0.84970000,0.84970000,0.84460000,0.84710000,1389305.70000000,1705355999999,1177086.89124000,3586,631956.30000000,535337.59580000,0
1705356000000,0.84730000,0.85010000,0.83740000,0.84850000,2789793.10000000,1705359599999,2355812.00682000,6769,1445697.80000000,1220857.92790000,0
1705359600000,0.84860000,0.84990000,0.84330000,0.84470000,1374480.90000000,1705363199999,1163692.19699000,3438,674082.00000000,570662.72109000,0
1705363200000,0.84470000,0.84890000,0.84440000,0.84620000,1526643.20000000,1705366799999,1292734.73824000,3370,869469.70000000,736242.23296000,0
1705366800000,0.84630000,0.85330000,0.84590000,0.84910000,2118491.00000000,1705370399999,1800331.93393000,4710,1214858.30000000,1032284.38997000,0
1705370400000,0.84910000,0.85490000,0.84830000,0.85100000,2065223.00000000,1705373999999,1758703.87075000,3850,1017596.90000000,866865.16109000,0
1705374000000,0.85080000,0.85810000,0.85060000,0.85810000,1542726.70000000,1705377599999,1318029.31422000,3626,684626.30000000,584916.99048000,0
1705377600000,0.85800000,0.85860000,0.85200000,0.85330000,1160351.20000000,1705381199999,992352.46613000,3355,492968.30000000,421617.28659000,0
1705381200000,0.85330000,0.85370000,0.84710000,0.84730000,1656083.70000000,1705384799999,1409756.65713000,3669,902527.30000000,768374.43953000,0
1705384800000,0.84720000,0.85010000,0.84420000,0.85000000,1398971.70000000,1705388399999,1183862.78938000,3676,611692.30000000,517629.13534000,0
1705388400000,0.85010000,0.85180000,0.84660000,0.84850000,1641000.10000000,1705391999999,1393717.13897000,3626,649366.10000000,551332.37977000,0
1705392000000,0.84860000,0.85210000,0.84480000,0.85190000,1914371.10000000,1705395599999,1623855.93477000,4294,946597.80000000,802806.52405000,0
1705395600000,0.85190000,0.85540000,0.85060000,0.85490000,2081150.60000000,1705399199999,1775436.96354000,4138,1072753.40000000,915366.34013000,0
1705399200000,0.85500000,0.85530000,0.84960000,0.85140000,1512135.50000000,1705402799999,1288995.26921000,3396,760632.30000000,648203.13958000,0
1705402800000,0.85140000,0.85390000,0.84560000,0.84900000,1774701.90000000,1705406399999,1508165.60166000,4193,1093167.20000000,928950.26307000,0
1705406400000,0.84900000,0.85410000,0.84840000,0.85410000,1921433.30000000,1705409999999,1635978.04652000,3888,1299888.60000000,1106617.78015000,0
1705410000000,0.85410000,0.85460000,0.84500000,0.84600000,2680397.50000000,1705413599999,2279687.95631000,5464,1555946.50000000,1323810.75540000,0
1705413600000,0.84600000,0.84770000,0.82800000,0.84070000,8588357.30000000,1705417199999,7189513.97468000,16913,3662344.90000000,3064679.46170000,0
1705417200000,0.84060000,0.85240000,0.83830000,0.85090000,5124921.40000000,1705420799999,4343739.26295000,11233,2508683.60000000,2126447.53531000,0
1705420800000,0.85090000,0.85290000,0.84350000,0.84890000,3014540.40000000,1705424399999,2557493.05381000,6649,1687677.00000000,1431616.13963000,0
1705424400000,0.84890000,0.85030000,0.84370000,0.84410000,2787097.10000000,1705427999999,2358729.84710000,4572,1581549.30000000,1338476.84070000,0
1705428000000,0.84420000,0.84630000,0.83820000,0.84000000,1846959.40000000,1705431599999,1556131.66603000,4573,933824.60000000,786728.78677000,0
1705431600000,0.84020000,0.84350000,0.83840000,0.84260000,2153128.70000000,1705435199999,1811468.45525000,3612,1109913.40000000,933683.94479000,0
1705435200000,0.84270000,0.84710000,0.84240000,0.84570000,1569105.80000000,1705438799999,1325630.04827000,3421,832574.80000000,703306.29194000,0
1705438800000,0.84570000,0.85300000,0.84540000,0.85290000,2332803.00000000,1705442399999,1983209.80827000,4930,1291667.50000000,1098014.15981000,0
1705442400000,0.85290000,0.85400000,0.84870000,0.84960000,1920296.30000000,1705445999999,1634260.73903000,4076,872899.30000000,742919.05219000,0
1705446000000,0.84960000,0.85270000,0.84460000,0.84500000,2108669.30000000,1705449599999,1789402.88633000,3878,1112347.90000000,943786.58821000,0
1705449600000,0.84510000,0.84720000,0.84350000,0.84530000,1748133.30000000,1705453199999,1477754.69053000,3257,999868.10000000,845257.12529000,0
1705453200000,0.84540000,0.84900000,0.84150000,0.84170000,2850748.80000000,1705456799999,2408139.10945000,4717,1374100.80000000,1161051.76983000,0
1705456800000,0.84170000,0.84710000,0.84010000,0.84550000,2055771.30000000,1705460399999,1733372.92244000,3914,1003548.10000000,846335.96656000,0
1705460400000,0.84550000,0.84670000,0.84340000,0.84550000,1436801.60000000,1705463999999,1214180.84904000,2948,668957.50000000,565334.63465000,0
1705464000000,0.84560000,0.84870000,0.84370000,0.84640000,1562594.70000000,1705467599999,1322514.79137000,2988,962726.80000000,814737.84691000,0
1705467600000,0.84630000,0.84890000,0.83920000,0.83950000,2023351.40000000,1705471199999,1708525.05114000,3773,1071724.10000000,905239.75899000,0
1705471200000,0.83940000,0.84290000,0.83850000,0.83940000,1582413.60000000,1705474799999,1330099.31021000,3184,777613.70000000,653611.73679000,0
1705474800000,0.83940000,0.84070000,0.83150000,0.83290000,2513198.40000000,1705478399999,2102086.17980000,5539,1297627.70000000,1085216.41534000,0
1705478400000,0.83300000,0.83770000,0.82890000,0.83730000,2597789.90000000,1705481999999,2164143.70249000,5653,1400098.90000000,1166674.46008000,0
1705482000000,0.83730000,0.84190000,0.83700000,0.83960000,1691868.10000000,1705485599999,1420633.87313000,3859,878885.30000000,737950.82828000,0
1705485600000,0.83950000,0.84220000,0.83790000,0.84130000,2351984.50000000,1705489199999,1976466.83182000,4168,1201463.20000000,1009667.38430000,0
1705489200000,0.84130000,0.84190000,0.83760000,0.83890000,1984018.20000000,1705492799999,1665429.64988000,3750,979915.20000000,822568.40287000,0
1705492800000,0.83900000,0.83990000,0.83090000,0.83970000,3332765.70000000,1705496399999,2785153.18372000,6247,1744380.70000000,1457938.99398000,0
1705496400000,0.83970000,0.84000000,0.83170000,0.83220000,2426143.20000000,1705499999999,2025786.77813000,5296,1286271.20000000,1074007.19535000,0
1705500000000,0.83220000,0.85290000,0.82980000,0.84220000,9032794.20000000,1705503599999,7606628.80947000,16536,4572426.20000000,3848508.51516000,0
1705503600000,0.84230000,0.84610000,0.83420000,0.83590000,7096822.20000000,1705507199999,5962211.17502000,10926,3725687.00000000,3128855.49808000,0
1705507200000,0.83600000,0.83860000,0.83340000,0.83600000,3366059.70000000,1705510799999,2813131.09172000,5493,1558959.60000000,1302916.01760000,0
1705510800000,0.83600000,0.83600000,0.82130000,0.82320000,13250973.30000000,1705514399999,10971988.03731000,19193,6140928.50000000,5084084.33834000,0
1705514400000,0.82340000,0.82450000,0.81540000,0.82200000,8650102.60000000,1705517999999,7091189.41306000,15976,3417602.60000000,2801188.82366000,0
1705518000000,0.82200000,0.82200000,0.81000000,0.81170000,8997872.80000000,1705521599999,7327515.91585000,16252,3576077.50000000,2911005.63256000,0
1705521600000,0.81180000,0.81740000,0.80890000,0.81520000,8216686.30000000,1705525199999,6678061.30776000,13889,3684087.10000000,2995319.81999000,0
1705525200000,0.81520000,0.81530000,0.80980000,0.80990000,6349210.90000000,1705528799999,5157582.81576000,11688,2327053.20000000,1890110.36249000,0
1705528800000,0.80990000,0.81370000,0.80210000,0.80860000,7957181.10000000,1705532399999,6423374.73232000,15531,2758472.30000000,2226768.73349000,0
1705532400000,0.80860000,0.81120000,0.80240000,0.81030000,6925313.50000000,1705535999999,5587211.56765000,11064,2638436.50000000,2128722.46196000,0
1705536000000,0.81030000,0.81700000,0.80960000,0.81480000,5147801.00000000,1705539599999,4186942.54168000,7280,2191380.20000000,1782102.89840000,0
1705539600000,0.81480000,0.81630000,0.80160000,0.80510000,6083326.60000000,1705543199999,4913218.30070000,11120,2317817.30000000,1871666.40240000,0
1705543200000,0.80510000,0.81150000,0.80440000,0.80770000,3518518.80000000,1705546799999,2841562.51796000,6172,1533515.20000000,1238769.19537000,0
1705546800000,0.80760000,0.80990000,0.80650000,0.80980000,1526531.50000000,1705550399999,1233642.69664000,2794,798716.50000000,645419.37298000,0
1705550400000,0.80990000,0.81430000,0.80820000,0.80980000,2385324.30000000,1705553999999,1936093.83060000,4226,1202496.70000000,975829.89241000,0
1705554000000,0.80980000,0.81450000,0.80860000,0.81440000,1551847.90000000,1705557599999,1260061.88836000,2891,865048.00000000,702451.59334000,0
1705557600000,0.81440000,0.81790000,0.81290000,0.81780000,1959659.60000000,1705561199999,1598942.55233000,3629,1092300.90000000,891285.74874000,0
1705561200000,0.81790000,0.82060000,0.81650000,0.81920000,2963227.80000000,1705564799999,2426188.41239000,4497,1369521.20000000,1121324.25861000,0
1705564800000,0.81910000,0.82090000,0.81450000,0.81540000,2601035.10000000,1705568399999,2126579.50872000,3861,1049069.20000000,857583.70557000,0
1705568400000,0.81540000,0.81910000,0.81270000,0.81380000,1855055.90000000,1705571999999,1513963.63272000,3415,849245.40000000,693130.72616000,0
1705572000000,0.81370000,0.81490000,0.80270000,0.80440000,3012368.10000000,1705575599999,2437740.91321000,6595,1404841.50000000,1136627.33298000,0
1705575600000,0.80430000,0.81000000,0.80190000,0.80980000,3305379.70000000,1705579199999,2662923.50598000,5411,1511346.40000000,1218417.23443000,0
1705579200000,0.80990000,0.80990000,0.80030000,0.80460000,3068511.30000000,1705582799999,2469715.76421000,5862,1337711.40000000,1076586.68549000,0
1705582800000,0.80490000,0.80840000,0.79880000,0.80470000,4860979.90000000,1705586399999,3898896.21710000,8890,2035377.70000000,1633326.67455000,0
1705586400000,0.80470000,0.81220000,0.80190000,0.81220000,2328753.90000000,1705589999999,1879799.44851000,5073,1271904.70000000,1026451.61991000,0
1705590000000,0.81210000,0.81340000,0.80780000,0.81110000,2238338.40000000,1705593599999,1814892.40401000,4525,1004614.20000000,814625.61905000,0
1705593600000,0.81110000,0.81350000,0.78750000,0.79400000,11816959.10000000,1705597199999,9420073.41184000,21179,5036430.00000000,4017245.06799000,0
1705597200000,0.79420000,0.79750000,0.78430000,0.79040000,7291814.00000000,1705600799999,5763115.24180000,13619,3632134.50000000,2870340.84933000,0
1705600800000,0.79040000,0.79230000,0.78060000,0.78870000,5594728.80000000,1705604399999,4401623.94405000,10630,2703079.20000000,2126801.35377000,0
1705604400000,0.78880000,0.79480000,0.77160000,0.77830000,8318787.40000000,1705607999999,6518783.91371000,15990,3727463.90000000,2921451.96396000,0
1705608000000,0.77820000,0.78980000,0.77660000,0.78470000,6043540.10000000,1705611599999,4727176.59594000,10855,3024799.20000000,2365780.26683000,0
1705611600000,0.78450000,0.78970000,0.78010000,0.78570000,3831018.50000000,1705615199999,3009137.41169000,6375,1807179.30000000,1419655.65800000,0
1705615200000,0.78560000,0.79080000,0.78350000,0.78950000,2302543.60000000,1705618799999,1812500.61886000,4316,1178570.90000000,927633.36855000,0
1705618800000,0.78950000,0.78950000,0.78480000,0.78610000,1955498.40000000,1705622399999,1538187.45228000,3041,907198.10000000,713350.30568000,0
1705622400000,0.78610000,0.78930000,0.77840000,0.78410000,2670427.00000000,1705625999999,2092350.12195000,4998,1286306.00000000,1008195.35976000,0
1705626000000,0.78400000,0.78400000,0.77060000,0.77940000,3345190.90000000,1705629599999,2599776.69733000,6888,1604157.80000000,1246420.05083000,0
1705629600000,0.77940000,0.78270000,0.77150000,0.77540000,2907264.50000000,1705633199999,2259221.90823000,5291,1257336.50000000,976973.34875000,0
1705633200000,0.77540000,0.77890000,0.76410000,0.77820000,6019150.80000000,1705636799999,4646289.94744000,12609,2703931.10000000,2087637.64869000,0
1705636800000,0.77820000,0.78360000,0.77690000,0.78230000,2204821.80000000,1705640399999,1721158.31162000,5449,1143348.80000000,892627.79384000,0
1705640400000,0.78230000,0.78650000,0.78070000,0.78240000,1880023.90000000,1705643999999,1472068.50126000,4259,842363.20000000,659756.35931000,0
1705644000000,0.78240000,0.78940000,0.78170000,0.78840000,2124091.50000000,1705647599999,1669204.62017000,4151,1053563.90000000,827835.80015000,0
1705647600000,0.78840000,0.78970000,0.78620000,0.78700000,2009791.50000000,1705651199999,1583067.92465000,4117,1050750.20000000,827606.82118000,0
1705651200000,0.78700000,0.79150000,0.78350000,0.79010000,3207785.70000000,1705654799999,2527033.80277000,5097,1772727.70000000,1396692.81312000,0
1705654800000,0.79020000,0.79270000,0.78840000,0.79130000,1934928.00000000,1705658399999,1529587.83969000,3620,1119037.70000000,884684.94190000,0
1705658400000,0.79110000,0.79720000,0.79070000,0.79510000,3170240.70000000,1705661999999,2518139.41352000,5231,1664021.80000000,1321615.63953000,0
1705662000000,0.79500000,0.79740000,0.79310000,0.79530000,1768455.10000000,1705665599999,1406224.88298000,4058,905770.70000000,720306.12390000,0
1705665600000,0.79530000,0.79560000,0.79070000,0.79250000,1669278.60000000,1705669199999,1322932.95553000,3643,806313.50000000,639102.27328000,0
1705669200000,0.79250000,0.79470000,0.79060000,0.79390000,1620761.60000000,1705672799999,1284428.24956000,3289,834574.60000000,661373.35413000,0
1705672800000,0.79380000,0.79450000,0.78080000,0.78260000,3563780.10000000,1705676399999,2800805.85466000,7230,1704952.80000000,1339959.86788000,0
1705676400000,0.78270000,0.78440000,0.77340000,0.77390000,4793627.20000000,1705679999999,3728601.55556000,9892,2378836.70000000,1850116.35213000,0
1705680000000,0.77400000,0.77460000,0.74310000,0.74470000,18275455.10000000,1705683599999,13797375.01714000,38303,8874242.40000000,6702006.37352000,0
1705683600000,0.74460000,0.75990000,0.74300000,0.75740000,15289984.40000000,1705687199999,11494687.98076000,22115,6665208.00000000,5010861.16582000,0
1705687200000,0.75740000,0.76620000,0.75160000,0.76370000,11593090.60000000,1705690799999,8803618.78931000,15723,4630431.80000000,3516287.50669000,0
1705690800000,0.76380000,0.76420000,0.75590000,0.75980000,10505967.80000000,1705694399999,7982440.24315000,12399,4162822.50000000,3162731.12002000,0
1705694400000,0.75990000,0.76420000,0.75490000,0.75560000,11586751.80000000,1705697999999,8806211.47706000,14437,4801206.80000000,3649110.41575000,0
1705698000000,0.75560000,0.75680000,0.75010000,0.75430000,10623126.60000000,1705701599999,8007772.43513000,12733,4092024.30000000,3084550.48393000,0
1705701600000,0.75420000,0.75620000,0.75000000,0.75460000,9129791.80000000,1705705199999,6870022.96419000,11541,3287573.10000000,2473901.85526000,0
1705705200000,0.75460000,0.76240000,0.75310000,0.76210000,8423899.10000000,1705708799999,6388098.98593000,11925,3340361.10000000,2533217.41208000,0
1705708800000,0.76220000,0.76220000,0.75110000,0.75160000,7088473.90000000,1705712399999,5361558.47511000,10299,2382826.40000000,1802130.87753000,0
1705712400000,0.75170000,0.76440000,0.75100000,0.76430000,8052136.50000000,1705715999999,6114454.27052000,12022,3189896.20000000,2422409.44119000,0
1705716000000,0.76430000,0.76530000,0.75800000,0.76360000,4680912.10000000,1705719599999,3567788.67958000,6557,1927419.20000000,1469548.62903000,0
1705719600000,0.76360000,0.76470000,0.76060000,0.76330000,2643041.80000000,1705723199999,2015818.54867000,3893,1378463.10000000,1051237.75337000,0
1705723200000,0.76330000,0.76820000,0.76330000,0.76680000,2996296.70000000,1705726799999,2294445.07975000,4398,1794913.20000000,1374197.06958000,0
1705726800000,0.76670000,0.76800000,0.76430000,0.76700000,2253196.60000000,1705730399999,1726737.81512000,3148,1143134.90000000,875877.07231000,0
1705730400000,0.76700000,0.77590000,0.76690000,0.77530000,4019544.60000000,1705733999999,3101577.80345000,5897,2143716.40000000,1654121.16086000,0
1705734000000,0.77520000,0.78070000,0.77230000,0.77360000,5601527.50000000,1705737599999,4350288.49052000,7190,2919941.40000000,2267585.42745000,0
1705737600000,0.77360000,0.77700000,0.76880000,0.77080000,3613450.60000000,1705741199999,2788195.69190000,5063,1604322.10000000,1237840.92956000,0
1705741200000,0.77080000,0.77170000,0.76250000,0.76360000,2741365.90000000,1705744799999,2101931.76865000,4870,1062122.60000000,814149.27335000,0
1705744800000,0.76370000,0.77230000,0.76340000,0.77090000,1866972.30000000,1705748399999,1435958.33394000,3437,956206.20000000,735410.79406000,0
1705748400000,0.77090000,0.77780000,0.76810000,0.77740000,2581352.40000000,1705751999999,1997315.35802000,4447,1155989.30000000,894235.45996000,0
1705752000000,0.77740000,0.77860000,0.77350000,0.77540000,2002886.90000000,1705755599999,1554719.73955000,3542,817728.50000000,634674.17060000,0
1705755600000,0.77540000,0.77950000,0.77450000,0.77860000,2150997.80000000,1705759199999,1672295.56204000,3247,1057351.00000000,821936.72706000,0
1705759200000,0.77850000,0.77870000,0.77090000,0.77450000,3391342.70000000,1705762799999,2626228.00236000,4471,1691952.90000000,1310174.84488000,0
1705762800000,0.77450000,0.77890000,0.76960000,0.77390000,2363473.60000000,1705766399999,1831121.88964000,4420,1210206.00000000,938067.82179000,0
1705766400000,0.77380000,0.77560000,0.76880000,0.76950000,2879969.70000000,1705769999999,2222820.32496000,4560,1313125.00000000,1013389.70340000,0
1705770000000,0.76930000,0.77260000,0.76660000,0.77230000,2221471.00000000,1705773599999,1709965.38920000,3769,1140568.40000000,877914.82126000,0
1705773600000,0.77220000,0.77520000,0.76960000,0.77520000,1986631.30000000,1705777199999,1534733.91514000,3085,822709.40000000,635543.39926000,0
1705777200000,0.77510000,0.77770000,0.77390000,0.77680000,1661396.10000000,1705780799999,1288826.90201000,2947,797920.10000000,618977.69616000,0
1705780800000,0.77670000,0.78180000,0.77550000,0.77940000,2587062.70000000,1705784399999,2015464.35499000,4047,1392267.70000000,1084635.26972000,0
1705784400000,0.77930000,0.78210000,0.77750000,0.77770000,1407337.10000000,1705787999999,1098014.37259000,2894,680980.40000000,531286.63094000,0
1705788000000,0.77780000,0.78450000,0.77770000,0.78350000,3942353.40000000,1705791599999,3082598.67528000,4651,2172690.60000000,1698554.25845000,0
1705791600000,0.78350000,0.78800000,0.78310000,0.78710000,2751529.60000000,1705795199999,2161701.80901000,3763,1312551.80000000,1030783.34629000,0
1705795200000,0.78720000,0.78750000,0.78050000,0.78130000,2145350.30000000,1705798799999,1681427.42149000,4021,1017702.20000000,797532.77571000,0
1705798800000,0.78130000,0.78800000,0.78040000,0.78430000,1287236.70000000,1705802399999,1010121.98387000,2792,705114.40000000,553300.36644000,0
1705802400000,0.78440000,0.79170000,0.78430000,0.79120000,2241436.90000000,1705805999999,1767931.14077000,4042,1265683.80000000,998513.10852000,0
1705806000000,0.79120000,0.79480000,0.78830000,0.78970000,2604288.00000000,1705809599999,2062812.56954000,5237,1385044.00000000,1097329.65124000,0
1705809600000,0.78960000,0.79100000,0.78740000,0.78930000,1223083.10000000,1705813199999,964828.27017000,2147,467883.50000000,369116.43954000,0
1705813200000,0.78930000,0.79240000,0.78600000,0.78650000,1214348.60000000,1705816799999,958705.82968000,2311,560358.40000000,442397.53586000,0
1705816800000,0.78650000,0.78990000,0.78380000,0.78920000,2204446.70000000,1705820399999,1735819.90141000,3278,1029667.00000000,810715.76930000,0
1705820400000,0.78910000,0.79290000,0.78800000,0.79200000,1376240.50000000,1705823999999,1088102.58271000,2549,624484.20000000,493708.45926000,0
1705824000000,0.79200000,0.79350000,0.78700000,0.78700000,2241317.30000000,1705827599999,1772631.76214000,3179,1011980.60000000,800733.79202000,0
1705827600000,0.78710000,0.79260000,0.78690000,0.79240000,4072808.70000000,1705831199999,3217903.97292000,4586,2298618.70000000,1815925.53797000,0
1705831200000,0.79230000,0.79690000,0.78680000,0.79430000,6173000.20000000,1705834799999,4884138.27732000,6897,2987832.10000000,2364512.92769000,0
1705834800000,0.79430000,0.79500000,0.79220000,0.79420000,2369976.80000000,1705838399999,1880013.27701000,3940,1423850.20000000,1129501.52008000,0
1705838400000,0.79410000,0.79580000,0.79220000,0.79350000,1728216.40000000,1705841999999,1371944.89507000,3234,1015238.20000000,805903.68209000,0
1705842000000,0.79340000,0.79990000,0.79310000,0.79940000,2182191.80000000,1705845599999,1740421.52706000,4295,1216591.70000000,970394.63947000,0
1705845600000,0.79940000,0.80610000,0.79820000,0.80380000,3843017.90000000,1705849199999,3079205.95259000,6749,2193899.10000000,1757710.98489000,0
1705849200000,0.80390000,0.80730000,0.79270000,0.79510000,4601412.20000000,1705852799999,3683936.73153000,8338,1968927.90000000,1575916.58540000,0
1705852800000,0.79510000,0.79570000,0.78630000,0.79020000,4123229.10000000,1705856399999,3261758.83639000,6959,2523939.90000000,1996699.17021000,0
1705856400000,0.79000000,0.79300000,0.78920000,0.79200000,1790707.10000000,1705859999999,1417040.12899000,3142,1098911.60000000,869552.95530000,0
1705860000000,0.79190000,0.79700000,0.79040000,0.79470000,1428209.50000000,1705863599999,1134359.12665000,3085,745469.30000000,591913.64213000,0
1705863600000,0.79460000,0.79590000,0.79220000,0.79500000,1213889.10000000,1705867199999,964033.35707000,2318,583136.60000000,463106.34474000,0
1705867200000,0.79500000,0.79700000,0.78800000,0.78850000,1429845.70000000,1705870799999,1132610.04142000,2904,689287.80000000,545780.11984000,0
1705870800000,0.78840000,0.79270000,0.78760000,0.79270000,1242024.80000000,1705874399999,981261.74140000,2495,610768.10000000,482522.06796000,0
1705874400000,0.79270000,0.79290000,0.78530000,0.78620000,1433414.30000000,1705877999999,1130480.85074000,2808,756932.00000000,596918.80428000,0
1705878000000,0.78600000,0.78780000,0.78150000,0.78350000,1802719.80000000,1705881599999,1413911.03445000,3750,944862.00000000,741014.84330000,0
1705881600000,0.78340000,0.79170000,0.78190000,0.78770000,3266609.20000000,1705885199999,2570881.68183000,7230,1645347.00000000,1295126.75055000,0
1705885200000,0.78770000,0.79030000,0.77380000,0.77610000,4722358.90000000,1705888799999,3681153.72198000,10155,2278691.40000000,1776311.91836000,0
1705888800000,0.77560000,0.77880000,0.76860000,0.77210000,2990911.70000000,1705892399999,2314372.06681000,6169,1523651.20000000,1178801.10844000,0
1705892400000,0.77200000,0.77480000,0.77030000,0.77240000,2706272.10000000,1705895999999,2090838.99864000,5470,1368138.00000000,1056884.87473000,0
1705896000000,0.77230000,0.77320000,0.76440000,0.76440000,3287725.50000000,1705899599999,2528006.32964000,5613,1393329.50000000,1071006.28020000,0
1705899600000,0.76450000,0.77500000,0.76080000,0.77410000,2915722.10000000,1705903199999,2241823.61191000,7040,1466687.70000000,1128401.20730000,0
1705903200000,0.77420000,0.78000000,0.77230000,0.77720000,2274622.00000000,1705906799999,1766567.58544000,5654,1040306.90000000,808023.01460000,0
1705906800000,0.77720000,0.77950000,0.77390000,0.77610000,1329157.90000000,1705910399999,1033067.70422000,3499,500510.60000000,388872.12503000,0
1705910400000,0.77620000,0.77700000,0.76270000,0.76690000,3601798.40000000,1705913999999,2772457.84631000,8101,1670024.30000000,1285377.28597000,0
1705914000000,0.76690000,0.77160000,0.75850000,0.76050000,4965502.10000000,1705917599999,3799220.24313000,9199,2356570.90000000,1802911.73740000,0
1705917600000,0.76050000,0.76250000,0.75010000,0.76020000,5949636.80000000,1705921199999,4500942.04715000,12329,2906601.30000000,2199067.92088000,0
1705921200000,0.76030000,0.76600000,0.75860000,0.76480000,3759016.80000000,1705924799999,2866990.68367000,5794,1626649.00000000,1240690.22448000,0
1705924800000,0.76470000,0.76630000,0.76000000,0.76580000,3214328.30000000,1705928399999,2453106.54982000,4690,1374489.90000000,1048954.95203000,0
1705928400000,0.76580000,0.77870000,0.76560000,0.77080000,4028305.10000000,1705931999999,3110333.60391000,7706,1972651.60000000,1523458.59573000,0
1705932000000,0.77080000,0.77160000,0.75460000,0.75970000,5117784.50000000,1705935599999,3901832.44132000,8718,2581789.30000000,1968312.86740000,0
1705935600000,0.75970000,0.76360000,0.74890000,0.76180000,9070075.80000000,1705939199999,6839700.99493000,12459,4396514.20000000,3316820.26251000,0
1705939200000,0.76200000,0.76590000,0.75300000,0.75410000,4676906.60000000,1705942799999,3545632.75240000,7128,2353224.10000000,1783657.57229000,0
1705942800000,0.75400000,0.76150000,0.75160000,0.75900000,3506371.50000000,1705946399999,2654874.76184000,5432,1688685.00000000,1278473.19889000,0
1705946400000,0.75890000,0.76130000,0.75000000,0.75650000,4748635.30000000,1705949999999,3593684.56015000,7321,2288432.80000000,1731849.59232000,0
1705950000000,0.75660000,0.76150000,0.73150000,0.74390000,15169940.40000000,1705953599999,11271275.88556000,27350,6997444.10000000,5200159.22357000,0
1705953600000,0.74390000,0.77000000,0.74280000,0.75800000,7933480.80000000,1705957199999,5986354.33636000,12911,4224549.10000000,3187705.13818000,0
1705957200000,0.75800000,0.75800000,0.74770000,0.75220000,4066488.90000000,1705960799999,3057562.65255000,6289,1814823.50000000,1364624.06841000,0
1705960800000,0.75210000,0.75670000,0.74430000,0.74960000,3339323.50000000,1705964399999,2509499.50221000,5909,1479957.30000000,1112324.77770000,0
1705964400000,0.74950000,0.75240000,0.74370000,0.74730000,3745418.40000000,1705967999999,2796658.70701000,5276,1476731.50000000,1103163.53127000,0
1705968000000,0.74730000,0.75260000,0.74410000,0.75160000,2818927.30000000,1705971599999,2113316.15369000,5237,1433731.70000000,1074779.77301000,0
1705971600000,0.75140000,0.75600000,0.74780000,0.75350000,2293778.40000000,1705975199999,1725100.33579000,4074,939165.60000000,706161.88723000,0
1705975200000,0.75350000,0.75970000,0.75290000,0.75960000,2554181.50000000,1705978799999,1934056.81723000,3741,1074462.40000000,813607.83901000,0
1705978800000,0.75960000,0.76060000,0.75600000,0.75770000,2027014.90000000,1705982399999,1536954.40107000,2665,875196.70000000,663432.53520000,0
1705982400000,0.75790000,0.76180000,0.75790000,0.75840000,1098157.40000000,1705985999999,834775.33275000,2156,492289.10000000,374242.09071000,0
1705986000000,0.75850000,0.76280000,0.75830000,0.76130000,1415916.60000000,1705989599999,1077388.41779000,2533,758342.80000000,577033.79032000,0
1705989600000,0.76120000,0.76520000,0.75740000,0.75790000,4172916.10000000,1705993199999,3176643.83978000,4672,1892075.50000000,1440479.97330000,0
1705993200000,0.75790000,0.75860000,0.74270000,0.74650000,3105928.70000000,1705996799999,2330378.47993000,5999,1308094.70000000,980972.08748000,0
1705996800000,0.74660000,0.74990000,0.72450000,0.72950000,12308772.30000000,1706000399999,9032821.03896000,19283,5571331.40000000,4089877.15400000,0
1706000400000,0.72930000,0.73290000,0.70150000,0.71140000,21055657.10000000,1706003999999,15067681.11447000,33561,10244291.60000000,7331988.51362000,0
1706004000000,0.71140000,0.71920000,0.71050000,0.71210000,5598974.90000000,1706007599999,4003468.93160000,9473,2941938.40000000,2103831.81789000,0
1706007600000,0.71210000,0.71610000,0.70750000,0.71190000,5926085.30000000,1706011199999,4217211.09693000,9184,2702168.80000000,1922827.69131000,0
1706011200000,0.71190000,0.71500000,0.70650000,0.71320000,5444925.90000000,1706014799999,3872641.06726000,8770,3082054.20000000,2191822.90093000,0
1706014800000,0.71330000,0.71340000,0.70040000,0.70170000,6148273.80000000,1706018399999,4349745.74569000,9136,3190926.80000000,2257676.51065000,0
1706018400000,0.70150000,0.71060000,0.69130000,0.70920000,13270947.40000000,1706021999999,9276495.25115000,19974,6025803.20000000,4213650.70079000,0
1706022000000,0.70920000,0.71890000,0.70820000,0.71560000,6522905.30000000,1706025599999,4652079.79341000,10585,3426411.30000000,2443590.01605000,0
1706025600000,0.71560000,0.71610000,0.70830000,0.71400000,4403452.10000000,1706029199999,3133207.21068000,6488,2278257.60000000,1621224.83100000,0
1706029200000,0.71390000,0.72080000,0.71270000,0.71360000,5743254.40000000,1706032799999,4110591.13765000,7939,2970598.90000000,2125961.97283000,0
1706032800000,0.71370000,0.72010000,0.70590000,0.70600000,3967148.30000000,1706036399999,2828868.26377000,6213,2152543.30000000,1535157.72727000,0
1706036400000,0.70600000,0.71010000,0.70440000,0.70490000,3933070.40000000,1706039999999,2781585.28311000,5317,2232566.20000000,1578961.40030000,0
1706040000000,0.70490000,0.71170000,0.70430000,0.70920000,3227834.20000000,1706043599999,2287165.13501000,4705,1782137.10000000,1262470.90629000,0
1706043600000,0.70910000,0.71270000,0.70440000,0.70930000,2963356.20000000,1706047199999,2098009.87707000,4802,1514794.60000000,1072097.32373000,0
1706047200000,0.70930000,0.72060000,0.70880000,0.71890000,2272653.30000000,1706050799999,1626862.71643000,4177,1257378.80000000,900065.93826000,0
1706050800000,0.71910000,0.72590000,0.71880000,0.72550000,4007316.10000000,1706054399999,2896114.44020000,5776,2356032.70000000,1702841.39979000,0
1706054400000,0.72540000,0.72990000,0.71960000,0.72720000,3452568.90000000,1706057999999,2500732.23898000,5758,1698279.10000000,1230370.53476000,0
1706058000000,0.72710000,0.72710000,0.71670000,0.71690000,2600499.00000000,1706061599999,1875924.11848000,4346,1177403.70000000,849431.66762000,0
1706061600000,0.71700000,0.72240000,0.71610000,0.71910000,1818745.90000000,1706065199999,1308101.28097000,3026,871610.30000000,626935.26303000,0
1706065200000,0.71910000,0.72010000,0.71590000,0.71670000,1618906.50000000,1706068799999,1162130.25891000,2871,795399.10000000,570982.03081000,0
1706068800000,0.71670000,0.72090000,0.71650000,0.71750000,1302055.60000000,1706072399999,935950.23163000,2204,697942.10000000,501658.37833000,0
1706072400000,0.71750000,0.72500000,0.71750000,0.72160000,2040974.10000000,1706075999999,1472902.22567000,3093,1038623.70000000,749428.07305000,0
1706076000000,0.72160000,0.72450000,0.71640000,0.72400000,3207228.00000000,1706079599999,2311440.13701000,4292,1655088.00000000,1192606.16042000,0
1706079600000,0.72400000,0.72950000,0.72120000,0.72530000,4520454.70000000,1706083199999,3278469.49057000,5973,2267203.00000000,1645208.89308000,0
1706083200000,0.72540000,0.73340000,0.72320000,0.73150000,5273639.20000000,1706086799999,3838353.15813000,6611,2844056.20000000,2068847.72076000,0
1706086800000,0.73150000,0.73580000,0.73050000,0.73260000,4707672.10000000,1706090399999,3451611.90684000,6112,2426756.70000000,1778885.93431000,0
1706090400000,0.73260000,0.74660000,0.73090000,0.74470000,8781749.80000000,1706093999999,6512771.59023000,11354,4168283.20000000,3089083.68503000,0
1706094000000,0.74470000,0.74510000,0.73770000,0.73980000,3851359.70000000,1706097599999,2854359.74515000,6044,2142031.80000000,1587513.61101000,0
1706097600000,0.73990000,0.74190000,0.72910000,0.72980000,5356768.50000000,1706101199999,3940433.46891000,7475,2158016.40000000,1586267.10769000,0
1706101200000,0.72980000,0.73260000,0.72400000,0.72770000,3247086.80000000,1706104799999,2364540.62734000,5571,1677904.80000000,1222052.92797000,0
1706104800000,0.72770000,0.73430000,0.72510000,0.72980000,4035953.40000000,1706108399999,2944584.55176000,6641,1909799.40000000,1393338.85882000,0
1706108400000,0.72980000,0.73250000,0.72500000,0.73150000,3073393.80000000,1706111999999,2240899.20604000,4625,1577491.20000000,1150328.70043000,0
1706112000000,0.73140000,0.73680000,0.72660000,0.73620000,3796633.60000000,1706115599999,2775961.88893000,5068,1884840.40000000,1378766.04049000,0
1706115600000,0.73620000,0.73690000,0.73160000,0.73330000,3475106.60000000,1706119199999,2550947.37529000,4324,1596639.70000000,1172097.36688000,0
1706119200000,0.73320000,0.73360000,0.72240000,0.73160000,3603262.40000000,1706122799999,2626932.66963000,5997,1617895.40000000,1179091.72264000,0
1706122800000,0.73160000,0.73390000,0.72760000,0.73060000,1570357.80000000,1706126399999,1147925.30749000,3070,799412.80000000,584218.62771000,0
1706126400000,0.73050000,0.73490000,0.72370000,0.72470000,2255391.10000000,1706129999999,1644376.29215000,4278,964007.70000000,703000.82563000,0
1706130000000,0.72460000,0.72920000,0.72440000,0.72770000,1327110.00000000,1706133599999,964294.85649000,2696,683519.80000000,496716.07038000,0
1706133600000,0.72770000,0.73250000,0.72680000,0.73160000,1426982.80000000,1706137199999,1041675.52664000,2787,734358.20000000,536042.56375000,0
1706137200000,0.73160000,0.74000000,0.73130000,0.73900000,1931202.30000000,1706140799999,1422088.84098000,3945,896380.00000000,659994.84872000,0
1706140800000,0.73910000,0.73950000,0.73350000,0.73570000,2038576.60000000,1706144399999,1501944.58730000,3417,879143.20000000,647617.71778000,0
1706144400000,0.73580000,0.73620000,0.72770000,0.72890000,1807717.60000000,1706147999999,1323045.00597000,3438,819789.10000000,599972.00741000,0
1706148000000,0.72890000,0.73130000,0.72590000,0.72720000,1081207.50000000,1706151599999,787880.77103000,2493,511007.80000000,372381.26547000,0
1706151600000,0.72710000,0.73100000,0.72690000,0.72980000,722783.70000000,1706155199999,526908.23541000,1832,420816.30000000,306728.67804000,0
1706155200000,0.72960000,0.73120000,0.72550000,0.72750000,942586.30000000,1706158799999,686906.93600000,2081,476241.40000000,347023.67570000,0
1706158800000,0.72750000,0.72760000,0.72320000,0.72560000,1293543.50000000,1706162399999,937900.07942000,2627,650973.20000000,471998.49525000,0
1706162400000,0.72560000,0.73230000,0.72490000,0.73180000,1351886.60000000,1706165999999,984439.99185000,2602,711342.90000000,517975.26088000,0
1706166000000,0.73180000,0.73320000,0.72970000,0.73120000,1220451.20000000,1706169599999,892445.00829000,2258,676042.90000000,494347.93035000,0
1706169600000,0.73130000,0.73170000,0.72700000,0.72820000,1282585.70000000,1706173199999,935603.27760000,2381,708615.40000000,516912.10700000,0
1706173200000,0.72820000,0.73260000,0.72550000,0.72600000,2221972.00000000,1706176799999,1622013.74740000,3571,1177519.50000000,859653.99546000,0
1706176800000,0.72590000,0.73220000,0.72280000,0.73180000,2985184.20000000,1706180399999,2173660.35779000,5187,1599676.10000000,1164695.86515000,0
1706180400000,0.73180000,0.73820000,0.73080000,0.73580000,2574276.20000000,1706183999999,1893205.74737000,4399,1085399.00000000,798151.64529000,0
1706184000000,0.73570000,0.73820000,0.72460000,0.72670000,2001215.90000000,1706187599999,1461481.75063000,4559,971481.70000000,709465.19828000,0
1706187600000,0.72680000,0.72880000,0.72110000,0.72420000,2223602.10000000,1706191199999,1612503.67415000,4558,1117930.90000000,810833.11943000,0
1706191200000,0.72430000,0.72760000,0.72220000,0.72670000,3200471.30000000,1706194799999,2320451.38059000,4658,1431807.60000000,1038041.05482000,0
1706194800000,0.72680000,0.72720000,0.71700000,0.71970000,3797657.60000000,1706198399999,2739212.25384000,6187,1790841.00000000,1291724.37552000,0
1706198400000,0.71970000,0.72430000,0.71770000,0.72000000,2197596.40000000,1706201999999,1584399.64250000,4014,1009810.40000000,728017.83702000,0
1706202000000,0.72000000,0.72830000,0.71670000,0.72710000,1991664.60000000,1706205599999,1439773.10642000,4549,789286.70000000,570313.39717000,0
1706205600000,0.72710000,0.73420000,0.72600000,0.72810000,3178699.90000000,1706209199999,2320719.77978000,5561,1458426.20000000,1064735.50741000,0
1706209200000,0.72810000,0.73400000,0.72640000,0.73230000,1551555.90000000,1706212799999,1133890.76027000,3102,750242.90000000,548412.37966000,0
1706212800000,0.73230000,0.73260000,0.72810000,0.73140000,1668896.70000000,1706216399999,1218751.90325000,2754,870720.90000000,635755.11140000,0
1706216400000,0.73150000,0.73500000,0.72920000,0.73180000,1977448.90000000,1706219999999,1447873.54880000,3153,812096.50000000,594524.74664000,0
1706220000000,0.73180000,0.73400000,0.72930000,0.73340000,915353.50000000,1706223599999,669551.51926000,1963,527733.70000000,385986.07181000,0
1706223600000,0.73350000,0.73400000,0.73080000,0.73240000,1515760.70000000,1706227199999,1110303.46611000,2615,781903.10000000,572734.54095000,0
1706227200000,0.73250000,0.73250000,0.72700000,0.73000000,1406130.80000000,1706230799999,1025416.40772000,3487,657963.80000000,479754.53626000,0
1706230800000,0.73000000,0.73500000,0.72700000,0.73310000,1607743.00000000,1706234399999,1175940.43695000,3560,681991.10000000,498775.18894000,0
1706234400000,0.73320000,0.73880000,0.73320000,0.73830000,1937902.10000000,1706237999999,1428067.11766000,3941,985698.80000000,726333.65332000,0
1706238000000,0.73830000,0.73980000,0.73660000,0.73720000,908356.40000000,1706241599999,670739.54224000,2579,439793.40000000,324732.92162000,0
1706241600000,0.73730000,0.74000000,0.73620000,0.73670000,1887395.20000000,1706245199999,1393297.89345000,2760,613651.60000000,452978.35041000,0
1706245200000,0.73680000,0.73750000,0.73510000,0.73510000,759395.50000000,1706248799999,559035.46145000,2003,243252.80000000,179091.21243000,0
1706248800000,0.73520000,0.73910000,0.73240000,0.73330000,6312601.60000000,1706252399999,4651493.80722000,5789,2779123.60000000,2047856.93805000,0
1706252400000,0.73330000,0.73460000,0.73140000,0.73300000,1438774.90000000,1706255999999,1054941.08653000,3382,661745.70000000,485183.31097000,0
1706256000000,0.73300000,0.73800000,0.73280000,0.73640000,1476645.90000000,1706259599999,1086908.94071000,3488,802977.90000000,591060.46586000,0
1706259600000,0.73640000,0.74130000,0.73500000,0.73580000,2143484.50000000,1706263199999,1581443.72048000,4034,965553.40000000,712695.20742000,0
1706263200000,0.73570000,0.74790000,0.73460000,0.74780000,3219176.70000000,1706266799999,2387605.15192000,6545,1726136.70000000,1280720.36696000,0
1706266800000,0.74780000,0.75380000,0.74740000,0.75200000,5156601.10000000,1706270399999,3871229.37310000,8833,2580502.60000000,1937414.93624000,0
1706270400000,0.75200000,0.75340000,0.74760000,0.74830000,4900907.00000000,1706273999999,3680315.99793000,7710,2360026.80000000,1772940.96436000,0
1706274000000,0.74830000,0.75130000,0.74460000,0.74720000,1622139.30000000,1706277599999,1213987.63489000,4359,839065.30000000,627994.37305000,0
1706277600000,0.74730000,0.75230000,0.74660000,0.75230000,2440062.20000000,1706281199999,1827611.93578000,4213,1616548.00000000,1210794.12826000,0
1706281200000,0.75230000,0.75490000,0.74880000,0.75450000,2693518.90000000,1706284799999,2024348.78294000,5334,1423963.60000000,1070353.81685000,0
1706284800000,0.75450000,0.75890000,0.75310000,0.75760000,3431269.90000000,1706288399999,2594697.78738000,7054,1838579.50000000,1390463.30948000,0
1706288400000,0.75760000,0.75920000,0.75380000,0.75500000,2186015.80000000,1706291999999,1652794.62188000,4820,1120441.40000000,847073.81801000,0
1706292000000,0.75510000,0.76000000,0.75510000,0.75980000,2687097.60000000,1706295599999,2037478.76468000,5626,1688045.60000000,1280155.84217000,0
1706295600000,0.75980000,0.75990000,0.75570000,0.75820000,2043781.20000000,1706299199999,1548144.60174000,3877,1063516.60000000,805509.19144000,0
1706299200000,0.75820000,0.76050000,0.75480000,0.75750000,1800011.90000000,1706302799999,1363141.53863000,4195,1008135.20000000,763568.88413000,0
1706302800000,0.75750000,0.75810000,0.75420000,0.75680000,996815.30000000,1706306399999,754064.13980000,2548,465211.10000000,351919.22260000,0
1706306400000,0.75690000,0.76200000,0.75470000,0.76190000,1456981.60000000,1706309999999,1104651.13949000,3229,641312.60000000,486145.20020000,0
1706310000000,0.76190000,0.76280000,0.75640000,0.75900000,2568422.50000000,1706313599999,1948665.07495000,3820,893283.90000000,678035.53624000,0
1706313600000,0.75890000,0.76270000,0.75740000,0.76220000,1910549.90000000,1706317199999,1452447.57493000,4121,992450.00000000,754553.88830000,0
1706317200000,0.76210000,0.76290000,0.75860000,0.75990000,2157826.30000000,1706320799999,1640753.61230000,3501,1003595.60000000,763049.59739000,0
1706320800000,0.75990000,0.76440000,0.75990000,0.76390000,971748.10000000,1706324399999,740995.97788000,2548,491762.30000000,375028.92375000,0
1706324400000,0.76390000,0.76550000,0.76240000,0.76490000,1268294.80000000,1706327999999,968821.66067000,2561,605960.30000000,462948.25408000,0
1706328000000,0.76500000,0.76590000,0.76360000,0.76520000,861952.00000000,1706331599999,659287.70965000,1998,345461.20000000,264228.98009000,0
1706331600000,0.76520000,0.76630000,0.75910000,0.76000000,1677347.70000000,1706335199999,1280377.65211000,3093,729035.70000000,556176.74477000,0
1706335200000,0.75990000,0.76280000,0.75800000,0.75860000,1232970.30000000,1706338799999,937473.14498000,2730,687278.40000000,522700.26717000,0
1706338800000,0.75850000,0.76040000,0.75610000,0.75820000,1409754.70000000,1706342399999,1068065.94238000,3001,502367.70000000,380589.67902000,0
1706342400000,0.75820000,0.75970000,0.75570000,0.75630000,1289165.60000000,1706345999999,976606.04201000,2911,525839.80000000,398328.03542000,0
1706346000000,0.75630000,0.76470000,0.75530000,0.76350000,1455373.00000000,1706349599999,1107518.64593000,3573,745536.70000000,567364.12671000,0
1706349600000,0.76360000,0.76480000,0.76180000,0.76310000,1189892.60000000,1706353199999,908252.65402000,3009,575574.20000000,439334.65022000,0
1706353200000,0.76310000,0.76620000,0.76210000,0.76600000,1253132.80000000,1706356799999,958400.30936000,2784,549460.40000000,420235.22420000,0
1706356800000,0.76600000,0.77340000,0.76560000,0.77270000,2413092.90000000,1706360399999,1856215.13925000,5445,1286688.10000000,989713.00447000,0
1706360400000,0.77280000,0.77360000,0.76760000,0.77070000,2139509.00000000,1706363999999,1648468.32225000,4503,937674.00000000,722351.69708000,0
1706364000000,0.77080000,0.78080000,0.77040000,0.77620000,4365716.10000000,1706367599999,3394008.14877000,7360,2252815.10000000,1751039.78446000,0
1706367600000,0.77620000,0.78040000,0.77480000,0.77690000,2596228.10000000,1706371199999,2018452.85047000,4495,1091614.50000000,848623.36257000,0
1706371200000,0.77690000,0.78310000,0.77570000,0.78070000,2464377.30000000,1706374799999,1921987.74353000,5350,1221302.70000000,952324.88353000,0
1706374800000,0.78070000,0.78570000,0.77790000,0.78350000,3413581.50000000,1706378399999,2669703.92752000,5943,1351169.60000000,1056642.37616000,0
1706378400000,0.78350000,0.78780000,0.78130000,0.78260000,3633836.30000000,1706381999999,2848675.77565000,5485,1484485.60000000,1164009.65245000,0
1706382000000,0.78260000,0.78500000,0.78160000,0.78380000,2079522.30000000,1706385599999,1628595.43193000,3539,853089.10000000,668158.61596000,0
1706385600000,0.78390000,0.78740000,0.78320000,0.78580000,1903345.70000000,1706389199999,1495695.09479000,3145,765671.60000000,601617.03272000,0
1706389200000,0.78570000,0.78700000,0.78400000,0.78620000,1064597.80000000,1706392799999,836147.73420000,2831,478955.80000000,376142.00258000,0
1706392800000,0.78610000,0.78860000,0.78360000,0.78470000,1433634.70000000,1706396399999,1127248.78055000,3180,558708.60000000,439323.13758000,0
1706396400000,0.78470000,0.78830000,0.78330000,0.78810000,1628662.70000000,1706399999999,1279915.16779000,3154,783340.50000000,615667.70834000,0
1706400000000,0.78810000,0.79170000,0.78380000,0.78760000,3804144.20000000,1706403599999,2994846.29580000,6811,1757025.10000000,1382857.93246000,0
1706403600000,0.78760000,0.79360000,0.78740000,0.78950000,2349132.00000000,1706407199999,1857396.97826000,5201,1085847.50000000,858631.37560000,0
1706407200000,0.78960000,0.79410000,0.78940000,0.79360000,1511266.10000000,1706410799999,1196756.15183000,3612,787865.70000000,623859.46921000,0
1706410800000,0.79360000,0.80000000,0.79280000,0.79930000,2955909.90000000,1706414399999,2356355.13427000,6047,1612975.70000000,1286004.31251000,0
1706414400000,0.79930000,0.80020000,0.79490000,0.80000000,2374240.00000000,1706417999999,1893396.73058000,4776,1159912.60000000,925135.76248000,0
1706418000000,0.80000000,0.80530000,0.79650000,0.80430000,3882762.20000000,1706421599999,3112628.70604000,8165,2049638.40000000,1643178.21030000,0
1706421600000,0.80430000,0.80600000,0.79580000,0.79800000,2494121.00000000,1706425199999,1997419.41726000,5327,968791.10000000,775835.06876000,0
1706425200000,0.79790000,0.80590000,0.79700000,0.80010000,2602591.70000000,1706428799999,2087130.41576000,5314,1407268.30000000,1128427.70520000,0
1706428800000,0.80020000,0.80730000,0.79780000,0.80520000,2825112.40000000,1706432399999,2270947.20263000,6076,1271541.00000000,1021963.43731000,0
1706432400000,0.80510000,0.80720000,0.80300000,0.80450000,2058020.40000000,1706435999999,1657522.31128000,4135,1060780.50000000,854296.16579000,0
1706436000000,0.80440000,0.81020000,0.80370000,0.80800000,2770306.10000000,1706439599999,2237791.54571000,5730,1360724.10000000,1099493.74342000,0
1706439600000,0.80790000,0.81030000,0.79750000,0.79930000,4378533.90000000,1706443199999,3514983.84597000,7983,2117650.50000000,1700689.41507000,0
1706443200000,0.79940000,0.79990000,0.78940000,0.79520000,4205457.40000000,1706446799999,3336745.44717000,9622,1777885.00000000,1410532.61071000,0
1706446800000,0.79510000,0.80340000,0.79050000,0.80290000,4126604.90000000,1706450399999,3290073.79536000,8819,2463908.50000000,1965663.64361000,0
1706450400000,0.80290000,0.80500000,0.79180000,0.79220000,3522349.60000000,1706453999999,2814544.59046000,7690,1702610.40000000,1360709.77246000,0
1706454000000,0.79220000,0.79690000,0.79060000,0.79550000,2604369.20000000,1706457599999,2068029.17191000,5432,1337367.30000000,1061819.10102000,0
1706457600000,0.79550000,0.79970000,0.79390000,0.79880000,1358261.70000000,1706461199999,1082831.40837000,3914,673427.70000000,536965.86112000,0
1706461200000,0.79890000,0.79940000,0.79120000,0.79440000,2314817.30000000,1706464799999,1839128.57985000,5152,944267.70000000,750071.90022000,0
1706464800000,0.79440000,0.79530000,0.78680000,0.78990000,3256798.40000000,1706468399999,2574370.18727000,7206,1340974.60000000,1060060.92648000,0
1706468400000,0.78990000,0.79400000,0.78330000,0.78770000,2841121.90000000,1706471999999,2239905.23323000,6956,1217289.30000000,959437.60816000,0
1706472000000,0.78770000,0.79260000,0.78110000,0.79110000,3260359.70000000,1706475599999,2563640.14419000,6897,1408152.40000000,1107239.56416000,0
1706475600000,0.79120000,0.79310000,0.78720000,0.79130000,1366332.00000000,1706479199999,1080626.89186000,3838,675853.10000000,534556.91351000,0
1706479200000,0.79130000,0.79200000,0.78260000,0.78550000,1754012.10000000,1706482799999,1379535.37202000,4623,917560.90000000,721357.06987000,0
1706482800000,0.78550000,0.79160000,0.78210000,0.78900000,2348255.70000000,1706486399999,1848121.47194000,4983,1315808.20000000,1035631.89153000,0
1706486400000,0.78900000,0.79130000,0.78430000,0.78530000,2243859.10000000,1706489999999,1766814.04638000,4871,1182429.40000000,931205.64748000,0
1706490000000,0.78530000,0.79810000,0.78520000,0.79220000,2533009.70000000,1706493599999,2008846.83035000,6116,1306295.80000000,1035478.38865000,0
1706493600000,0.79210000,0.79700000,0.79170000,0.79420000,1369280.60000000,1706497199999,1088294.27894000,3064,735513.20000000,584552.67869000,0
1706497200000,0.79430000,0.79850000,0.79340000,0.79370000,1297206.40000000,1706500799999,1032676.55693000,2864,653301.70000000,520221.21377000,0
1706500800000,0.79370000,0.79450000,0.79100000,0.79280000,1145881.60000000,1706504399999,908178.15153000,2622,545964.40000000,432682.10228000,0
1706504400000,0.79290000,0.79470000,0.78990000,0.79060000,1809177.10000000,1706507999999,1433369.06020000,2955,960855.00000000,761357.21695000,0
1706508000000,0.79060000,0.79270000,0.78900000,0.78980000,1096442.00000000,1706511599999,867110.17685000,2482,584986.60000000,462626.99081000,0
1706511600000,0.78980000,0.79270000,0.78540000,0.78580000,1751146.00000000,1706515199999,1381146.42717000,4056,747011.50000000,589292.68352000,0
1706515200000,0.78590000,0.78890000,0.78300000,0.78780000,2286461.60000000,1706518799999,1796536.50295000,4851,1185708.90000000,931664.68742000,0
1706518800000,0.78780000,0.79200000,0.78390000,0.79140000,1206824.40000000,1706522399999,951708.49810000,3902,627931.90000000,495134.93462000,0
1706522400000,0.79140000,0.79280000,0.78860000,0.79060000,1883997.10000000,1706525999999,1489571.29511000,3581,963599.80000000,761917.55364000,0
1706526000000,0.79060000,0.79060000,0.78420000,0.78510000,1432542.90000000,1706529599999,1127979.55486000,3487,768056.50000000,604851.61668000,0
1706529600000,0.78520000,0.78850000,0.78120000,0.78360000,1729139.60000000,1706533199999,1357596.29164000,4503,883182.80000000,693222.07405000,0
1706533200000,0.78360000,0.78390000,0.77400000,0.77590000,3003754.90000000,1706536799999,2337077.13188000,8116,1602239.20000000,1246497.52401000,0
1706536800000,0.77580000,0.78040000,0.77450000,0.77970000,2652468.10000000,1706540399999,2063125.95486000,6550,1546810.30000000,1203195.37485000,0
1706540400000,0.77980000,0.79070000,0.77650000,0.79070000,2615627.90000000,1706543999999,2046721.08284000,7270,1477707.70000000,1156309.99779000,0
1706544000000,0.79070000,0.80580000,0.78850000,0.80560000,8419930.00000000,1706547599999,6723248.68729000,17387,4447534.10000000,3552347.73822000,0
1706547600000,0.80560000,0.80910000,0.80020000,0.80130000,5260849.70000000,1706551199999,4231281.88334000,10271,2730239.60000000,2196382.10521000,0
1706551200000,0.80130000,0.80560000,0.79840000,0.80320000,2588448.20000000,1706554799999,2076772.40546000,5822,1379974.30000000,1107073.33972000,0
1706554800000,0.80310000,0.81350000,0.80300000,0.80520000,4890980.40000000,1706558399999,3951975.09728000,10238,2636748.60000000,2130017.80851000,0
1706558400000,0.80510000,0.81230000,0.80420000,0.81050000,3660441.40000000,1706561999999,2961928.19291000,6659,1527563.60000000,1235253.66258000,0
1706562000000,0.81050000,0.81550000,0.80840000,0.81180000,8568604.50000000,1706565599999,6965303.61687000,9355,3232409.90000000,2627401.47438000,0
1706565600000,0.81180000,0.81500000,0.81090000,0.81270000,1597962.50000000,1706569199999,1299538.44446000,4039,873709.70000000,710525.31259000,0
1706569200000,0.81260000,0.81660000,0.81140000,0.81310000,2404856.50000000,1706572799999,1957860.11415000,4975,1422600.20000000,1158306.14794000,0
1706572800000,0.81300000,0.81430000,0.80710000,0.80790000,2164966.60000000,1706576399999,1752368.60895000,4602,936125.60000000,757776.20869000,0
1706576400000,0.80790000,0.81900000,0.80750000,0.81230000,2590648.90000000,1706579999999,2110360.75283000,5970,1443553.70000000,1175827.76960000,0
1706580000000,0.81230000,0.81890000,0.81230000,0.81470000,1761489.00000000,1706583599999,1436661.30916000,4028,903460.50000000,736690.00077000,0
1706583600000,0.81470000,0.81540000,0.80820000,0.80830000,1770421.60000000,1706587199999,1435966.12124000,4299,1022182.00000000,829030.34009000,0
1706587200000,0.80830000,0.81170000,0.80740000,0.81160000,1240410.70000000,1706590799999,1003466.37555000,3198,542249.30000000,438671.06246000,0
1706590800000,0.81170000,0.81210000,0.80750000,0.80890000,1292635.30000000,1706594399999,1045956.18891000,3045,550906.40000000,445821.18359000,0
1706594400000,0.80900000,0.80940000,0.80400000,0.80770000,7153287.90000000,1706597999999,5770765.46331000,8328,3498929.60000000,2821962.03641000,0
1706598000000,0.80780000,0.81170000,0.80590000,0.80810000,1961690.40000000,1706601599999,1586830.48466000,3683,1110122.30000000,898160.51494000,0
1706601600000,0.80820000,0.81210000,0.80540000,0.81000000,2186786.60000000,1706605199999,1769436.94394000,4355,1213050.80000000,981768.11361000,0
1706605200000,0.81010000,0.81270000,0.80820000,0.80970000,1260616.90000000,1706608799999,1021456.73453000,3752,688221.20000000,557688.14919000,0
1706608800000,0.80960000,0.81160000,0.80830000,0.81060000,1417378.50000000,1706612399999,1148378.65726000,3571,748246.30000000,606261.82583000,0
1706612400000,0.81060000,0.81530000,0.81060000,0.81480000,2040660.20000000,1706615999999,1658857.04171000,4724,1180021.60000000,959180.50948000,0
1706616000000,0.81470000,0.81790000,0.80040000,0.80280000,5587304.90000000,1706619599999,4519105.59933000,11535,3240613.90000000,2619053.48569000,0
1706619600000,0.80270000,0.80490000,0.79680000,0.80020000,4460134.20000000,1706623199999,3569711.07245000,9321,2082920.30000000,1666968.47556000,0
1706623200000,0.80020000,0.80300000,0.79560000,0.80180000,2843200.00000000,1706626799999,2273043.98030000,6310,1720843.50000000,1376076.61867000,0
1706626800000,0.80170000,0.80880000,0.79770000,0.80680000,2716515.20000000,1706630399999,2184361.53290000,6669,1512137.30000000,1215668.58819000,0
1706630400000,0.80670000,0.81680000,0.80310000,0.81450000,3922335.90000000,1706633999999,3178412.49740000,9472,2156963.10000000,1747804.35667000,0
1706634000000,0.81450000,0.82230000,0.81450000,0.81560000,4964191.90000000,1706637599999,4062257.48414000,10790,2660882.80000000,2177485.01025000,0
1706637600000,0.81550000,0.81880000,0.81190000,0.81610000,2958868.90000000,1706641199999,2412991.31978000,5699,1388917.10000000,1132533.64874000,0
1706641200000,0.81620000,0.81680000,0.81070000,0.81380000,3050434.60000000,1706644799999,2480557.91357000,5257,1306547.30000000,1062689.00968000,0
1706644800000,0.81380000,0.81760000,0.81190000,0.81340000,2340143.70000000,1706648399999,1905269.70830000,5830,1200489.90000000,977327.00722000,0
1706648400000,0.81350000,0.81390000,0.80820000,0.81120000,2509795.10000000,1706651999999,2034450.53892000,5801,1210287.70000000,981065.74931000,0
1706652000000,0.81120000,0.81190000,0.80450000,0.80520000,2346247.90000000,1706655599999,1899019.96895000,4612,1086393.60000000,879242.82939000,0
1706655600000,0.80520000,0.80940000,0.79590000,0.79930000,4112404.40000000,1706659199999,3299582.68454000,9627,2249134.20000000,1803761.00242000,0
1706659200000,0.79930000,0.80300000,0.79090000,0.79630000,4359895.90000000,1706662799999,3473732.54809000,9816,2105460.00000000,1677377.28418000,0
1706662800000,0.79620000,0.79980000,0.79140000,0.79560000,2178382.70000000,1706666399999,1732601.88440000,5637,1103088.20000000,877236.97170000,0
1706666400000,0.79550000,0.80110000,0.79080000,0.80050000,2366433.30000000,1706669999999,1884442.78462000,5625,1410562.20000000,1123002.20253000,0
1706670000000,0.80060000,0.81370000,0.79940000,0.81010000,3751905.50000000,1706673599999,3029383.87539000,9135,1882807.30000000,1520046.93296000,0
1706673600000,0.81010000,0.81020000,0.80390000,0.80990000,2015733.10000000,1706677199999,1626760.79875000,4342,1102648.10000000,889902.43453000,0
1706677200000,0.81000000,0.82120000,0.80790000,0.81570000,4264431.70000000,1706680799999,3475881.46472000,8619,2011488.20000000,1639009.04617000,0
1706680800000,0.81570000,0.81720000,0.81020000,0.81270000,3280456.80000000,1706684399999,2667006.70410000,5941,1755455.90000000,1427112.55984000,0
1706684400000,0.81260000,0.82990000,0.81160000,0.82690000,9596434.80000000,1706687999999,7910234.04229000,15822,4933009.90000000,4062211.47008000,0
1706688000000,0.82690000,0.83330000,0.82420000,0.83200000,5784012.20000000,1706691599999,4798897.82309000,12163,3131538.50000000,2598653.00094000,0
1706691600000,0.83210000,0.83410000,0.81740000,0.82140000,6568756.10000000,1706695199999,5415425.85282000,14651,2954423.50000000,2435965.60128000,0
1706695200000,0.82140000,0.82730000,0.79500000,0.79840000,11649511.60000000,1706698799999,9458690.27522000,23173,5588587.20000000,4535824.90747000,0
1706698800000,0.79830000,0.80500000,0.79730000,0.80450000,4825162.10000000,1706702399999,3865050.10945000,9000,2708795.40000000,2170011.12084000,0
1706702400000,0.80450000,0.80830000,0.79940000,0.80540000,3516899.60000000,1706705999999,2824691.10300000,7131,1856078.60000000,1490543.54174000,0
1706706000000,0.80540000,0.81080000,0.80140000,0.80300000,4598845.00000000,1706709599999,3705298.83638000,9199,2208679.30000000,1779310.75028000,0
1706709600000,0.80290000,0.80290000,0.79270000,0.79540000,6279888.30000000,1706713199999,5009520.69264000,11679,3160590.60000000,2520420.43959000,0
1706713200000,0.79530000,0.80490000,0.78360000,0.80340000,8105016.70000000,1706716799999,6435362.06347000,16566,3947440.10000000,3135135.29407000,0
1706716800000,0.80340000,0.81000000,0.80070000,0.80920000,3415048.60000000,1706720399999,2749085.12440000,8668,1837057.40000000,1478738.04581000,0
1706720400000,0.80920000,0.81200000,0.80630000,0.81090000,2930081.40000000,1706723999999,2371044.31578000,6096,1418027.40000000,1147483.89504000,0
1706724000000,0.81090000,0.81150000,0.80490000,0.80710000,3030075.10000000,1706727599999,2448872.67981000,5059,1184000.90000000,956623.26141000,0
1706727600000,0.80690000,0.80900000,0.79780000,0.80430000,3903397.80000000,1706731199999,3133764.83118000,8482,1816794.20000000,1458340.72460000,0
1706731200000,0.80430000,0.80460000,0.79040000,0.79150000,4291676.40000000,1706734799999,3417642.11771000,10916,2141313.90000000,1705505.20063000,0
1706734800000,0.79150000,0.79540000,0.77950000,0.78720000,4720829.90000000,1706738399999,3710577.22664000,11688,2087226.30000000,1641016.13226000,0
1706738400000,0.78720000,0.79190000,0.77880000,0.78810000,3073808.40000000,1706741999999,2412118.81801000,6910,1416239.50000000,1111078.56727000,0
1706742000000,0.78800000,0.78980000,0.78470000,0.78720000,2140055.50000000,1706745599999,1684524.93550000,4099,1135204.10000000,893401.73554000,0
