1709251200000,1.00150000,1.01560000,1.00130000,1.01530000,2614806.40000000,1709254799999,2635779.07640000,9577,1175830.70000000,1185588.40399000,0
1709254800000,1.01530000,1.02550000,1.01000000,1.02320000,3292147.30000000,1709258399999,3355100.24180000,11228,1598802.50000000,1629032.69215000,0
1709258400000,1.02330000,1.02590000,1.01170000,1.01730000,2541444.80000000,1709261999999,2584291.63101000,9327,1157561.30000000,1177116.26183000,0
1709262000000,1.01730000,1.02250000,1.01090000,1.01430000,2834712.80000000,1709265599999,2878301.97785000,8113,1191222.60000000,1209854.01806000,0
1709265600000,1.01420000,1.02270000,1.01350000,1.02150000,2202146.30000000,1709269199999,2244023.61347000,6268,1016314.50000000,1035491.51818000,0
1709269200000,1.02160000,1.02380000,1.01680000,1.01890000,2341381.80000000,1709272799999,2388344.49921000,5999,1197778.10000000,1221661.03171000,0
1709272800000,1.01890000,1.02530000,1.01730000,1.01900000,2701247.80000000,1709276399999,2759351.79857000,7460,1349924.00000000,1378902.95903000,0
1709276400000,1.01910000,1.02120000,1.00840000,1.00980000,2487840.60000000,1709279999999,2521504.33789000,8537,1134993.60000000,1150276.83715000,0
1709280000000,1.00990000,1.02490000,1.00770000,1.02100000,3049886.40000000,1709283599999,3102689.40409000,9746,1442239.20000000,1466944.74011000,0
1709283600000,1.02100000,1.02460000,1.01690000,1.01730000,2650486.60000000,1709287199999,2705828.35635000,7841,1581253.60000000,1613793.13149000,0
1709287200000,1.01740000,1.01750000,1.00940000,1.01150000,3464287.90000000,1709290799999,3507969.77376000,8780,1981900.10000000,2006692.66493000,0
1709290800000,1.01150000,1.01790000,1.01060000,1.01540000,2992213.80000000,1709294399999,3035739.39393000,8029,1705216.50000000,1729903.85008000,0
1709294400000,1.01540000,1.02170000,1.01410000,1.01800000,3215993.50000000,1709297999999,3275402.69124000,7896,1648068.10000000,1678810.63720000,0
1709298000000,1.01810000,1.04000000,1.01720000,1.02840000,7907454.30000000,1709301599999,8119163.85793000,17808,4852384.10000000,4985272.52042000,0
1709301600000,1.02830000,1.02990000,1.01260000,1.01500000,11325843.00000000,1709305199999,11554067.59807000,21604,6306100.80000000,6430523.70119000,0
1709305200000,1.01500000,1.01960000,1.00290000,1.00660000,9250772.30000000,1709308799999,9355593.28993000,21551,5439100.40000000,5501424.15960000,0
1709308800000,1.00660000,1.01000000,1.00150000,1.00510000,4996009.70000000,1709312399999,5024876.90338000,13937,2327043.50000000,2340411.94857000,0
1709312400000,1.00510000,1.02090000,1.00510000,1.01730000,4639414.80000000,1709315999999,4718081.77658000,11002,2373973.80000000,2414486.47452000,0
1709316000000,1.01730000,1.02000000,1.01330000,1.01780000,3260776.70000000,1709319599999,3315585.61110000,7834,1752153.00000000,1781944.39762000,0
1709319600000,1.01770000,1.01970000,1.01400000,1.01770000,2275462.00000000,1709323199999,2314543.02363000,6195,1330401.50000000,1353357.50572000,0
1709323200000,1.01770000,1.01950000,1.01300000,1.01920000,3122543.20000000,1709326799999,3171293.61614000,7404,1705605.60000000,1732209.51240000,0
1709326800000,1.01900000,1.01990000,1.01240000,1.01930000,2947730.70000000,1709330399999,2997541.86681000,7314,1627378.30000000,1654896.17730000,0
1709330400000,1.01940000,1.02550000,1.01860000,1.02160000,3002206.70000000,1709333999999,3070357.44753000,7525,1788253.00000000,1828726.33710000,0
1709334000000,1.02160000,1.02630000,1.02110000,1.02490000,2885172.70000000,1709337599999,2954580.54222000,6862,1634077.30000000,1673391.75413000,0
1709337600000,1.02480000,1.03590000,1.02330000,1.03220000,5749076.70000000,1709341199999,5919866.62595000,14809,3051322.40000000,3142172.33533000,0
1709341200000,1.03230000,1.04810000,1.03000000,1.04600000,12599901.20000000,1709344799999,13087384.93862000,26010,6013103.60000000,6247310.64324000,0
1709344800000,1.04600000,1.05160000,1.04170000,1.05050000,5151021.30000000,1709348399999,5391340.46547000,12187,2577939.20000000,2698628.07051000,0
1709348400000,1.05050000,1.05990000,1.04710000,1.05970000,6675225.90000000,1709351999999,7029978.68869000,13622,3950369.80000000,4161424.44657000,0
1709352000000,1.05970000,1.07500000,1.05970000,1.06780000,14542765.50000000,1709355599999,15544063.01020000,28158,8499557.50000000,9081592.19164000,0
1709355600000,1.06790000,1.07190000,1.05530000,1.06770000,11573819.20000000,1709359199999,12310367.50540000,22923,5799131.90000000,6169388.66426000,0
1709359200000,1.06770000,1.09000000,1.06710000,1.07460000,12894576.70000000,1709362799999,13915598.41445000,29689,7619595.00000000,8225938.35952000,0
1709362800000,1.07440000,1.07770000,1.06610000,1.06870000,4643157.70000000,1709366399999,4978142.63042000,13551,2349889.10000000,2519222.71512000,0
1709366400000,1.06880000,1.07480000,1.05430000,1.07040000,6767237.50000000,1709369999999,7216123.33288000,19555,3519859.50000000,3754471.99405000,0
1709370000000,1.07050000,1.07290000,1.05100000,1.06400000,9148143.50000000,1709373599999,9710708.07820000,30324,4394624.70000000,4664356.57453000,0
1709373600000,1.06430000,1.06900000,1.06060000,1.06400000,3579006.40000000,1709377199999,3814255.83617000,10011,1746470.10000000,1861307.53258000,0
1709377200000,1.06390000,1.06860000,1.06120000,1.06370000,3541896.80000000,1709380799999,3771691.22087000,9766,1719284.40000000,1830685.85424000,0
1709380800000,1.06370000,1.08450000,1.06320000,1.08280000,5895451.60000000,1709384399999,6347212.41756000,16310,3221047.40000000,3468534.86995000,0
1709384400000,1.08280000,1.09260000,1.07740000,1.08000000,8374100.70000000,1709387999999,9086779.72671000,21426,4065894.90000000,4412272.08833000,0
1709388000000,1.08020000,1.08810000,1.06600000,1.08550000,10065571.90000000,1709391599999,10826334.17274000,31782,4716478.40000000,5070616.77527000,0
1709391600000,1.08550000,1.08840000,1.06930000,1.07160000,5071881.70000000,1709395199999,5475225.51328000,15469,2507578.90000000,2706921.34435000,0
1709395200000,1.07170000,1.08310000,1.06490000,1.07440000,5703382.00000000,1709398799999,6120326.39430000,16500,3078670.40000000,3304362.90201000,0
1709398800000,1.07430000,1.08540000,1.07120000,1.08220000,6033149.30000000,1709402399999,6505341.52041000,13741,2972249.90000000,3204555.46685000,0
1709402400000,1.08220000,1.10000000,1.08030000,1.09970000,9369155.70000000,1709405999999,10224211.92575000,20994,5115508.40000000,5582252.34593000,0
1709406000000,1.09970000,1.10000000,1.09330000,1.09620000,4987411.80000000,1709409599999,5470237.47283000,12684,2580757.10000000,2830422.48003000,0
1709409600000,1.09620000,1.09840000,1.07790000,1.08530000,5309264.60000000,1709413199999,5762008.73564000,14982,2474847.30000000,2686042.87881000,0
1709413200000,1.08530000,1.09300000,1.08290000,1.08940000,5192342.40000000,1709416799999,5650654.97678000,10570,2885071.00000000,3139743.32666000,0
1709416800000,1.08930000,1.09400000,1.08490000,1.08510000,2672216.00000000,1709420399999,2910077.05790000,7427,1347518.50000000,1467530.44868000,0
1709420400000,1.08510000,1.09570000,1.07780000,1.09460000,4290349.30000000,1709423999999,4674907.17996000,10385,2001276.30000000,2181797.28780000,0
1709424000000,1.09460000,1.10750000,1.08640000,1.09040000,14290219.20000000,1709427599999,15693569.24905000,37528,7717446.60000000,8472343.80774000,0
1709427600000,1.09040000,1.09780000,1.08430000,1.08810000,4866666.00000000,1709431199999,5300718.12470000,12974,2390622.80000000,2603530.40463000,0
1709431200000,1.08810000,1.08940000,1.07590000,1.08320000,4947014.30000000,1709434799999,5351255.38668000,12662,2501822.10000000,2706432.56428000,0
1709434800000,1.08330000,1.08720000,1.07950000,1.08710000,4056552.30000000,1709438399999,4393559.89211000,8094,2001315.00000000,2167257.93141000,0
1709438400000,1.08690000,1.09220000,1.08550000,1.09080000,2974511.70000000,1709441999999,3240039.23665000,6481,1479173.20000000,1611113.06795000,0
1709442000000,1.09090000,1.11840000,1.08960000,1.10780000,12521805.20000000,1709445599999,13836678.06432000,34365,6796256.00000000,7505629.46499000,0
1709445600000,1.10780000,1.10840000,1.08610000,1.09770000,7294930.00000000,1709449199999,8010184.73181000,22588,3485106.20000000,3826100.45997000,0
1709449200000,1.09780000,1.09830000,1.03000000,1.05710000,23622773.40000000,1709452799999,25017486.91674000,67827,10884898.10000000,11542444.89208000,0
1709452800000,1.05710000,1.08130000,1.04250000,1.07470000,17870046.50000000,1709456399999,18947428.38173000,49888,9875872.00000000,10474895.05128000,0
1709456400000,1.07450000,1.08550000,1.07170000,1.08240000,6468398.60000000,1709459999999,6978417.18770000,16965,3301444.90000000,3561567.00196000,0
1709460000000,1.08240000,1.08240000,1.06690000,1.06840000,4997786.70000000,1709463599999,5368209.23786000,13762,2305703.40000000,2476590.46383000,0
1709463600000,1.06830000,1.07540000,1.06430000,1.07480000,3053001.00000000,1709467199999,3269358.05658000,9724,1379688.00000000,1477595.75405000,0
1709467200000,1.07470000,1.08410000,1.06960000,1.06980000,4110625.90000000,1709470799999,4430035.96287000,12797,1922644.80000000,2071944.53190000,0
1709470800000,1.06990000,1.07500000,1.06710000,1.07330000,2523437.80000000,1709474399999,2702702.41817000,8723,1216228.50000000,1302479.31400000,0
1709474400000,1.07330000,1.07510000,1.06660000,1.07010000,3522702.60000000,1709477999999,3773940.62878000,9448,1670228.10000000,1789455.60715000,0
1709478000000,1.07020000,1.07780000,1.06950000,1.07160000,3021880.50000000,1709481599999,3245971.75535000,8954,1575907.30000000,1692690.61180000,0
1709481600000,1.07160000,1.08100000,1.06650000,1.08060000,5711190.50000000,1709485199999,6131808.94540000,14975,2962434.70000000,3180204.19701000,0
1709485200000,1.08060000,1.08630000,1.07540000,1.08420000,5379976.90000000,1709488799999,5814661.00622000,12999,2746670.10000000,2967902.71668000,0
1709488800000,1.08410000,1.08460000,1.07460000,1.07960000,3271138.80000000,1709492399999,3532772.01081000,8913,1774668.00000000,1916849.42963000,0
1709492400000,1.07970000,1.08250000,1.07720000,1.08170000,2757133.90000000,1709495999999,2976872.14745000,6958,1355845.30000000,1463774.48887000,0
1709496000000,1.08180000,1.08300000,1.07120000,1.07320000,2660501.10000000,1709499599999,2864315.53040000,7882,1401603.90000000,1508677.71585000,0
1709499600000,1.07310000,1.08100000,1.07220000,1.07920000,2337114.60000000,1709503199999,2517573.76078000,6734,1314269.10000000,1415485.00025000,0
1709503200000,1.07930000,1.09400000,1.07770000,1.09290000,5791126.10000000,1709506799999,6293929.92533000,16542,3198991.40000000,3475608.03321000,0
1709506800000,1.09290000,1.09710000,1.08480000,1.08930000,6435335.10000000,1709510399999,7021986.11233000,13876,3151755.20000000,3438558.48878000,0
1709510400000,1.08940000,1.11000000,1.08190000,1.10210000,12718879.30000000,1709513999999,13970733.94626000,40296,6465350.90000000,7099730.42843000,0
1709514000000,1.10210000,1.12090000,1.09830000,1.10120000,16488895.10000000,1709517599999,18326248.63760000,41370,7936174.20000000,8821621.25987000,0
1709517600000,1.10120000,1.10240000,1.08790000,1.09380000,7017558.40000000,1709521199999,7681238.14431000,19050,3693329.60000000,4041889.98638000,0
1709521200000,1.09360000,1.09750000,1.08540000,1.09160000,5159815.50000000,1709524799999,5631628.28298000,13384,2800435.00000000,3055410.63999000,0
1709524800000,1.09160000,1.10220000,1.08540000,1.10100000,4382671.70000000,1709528399999,4795177.25832000,10601,2463466.50000000,2694823.73352000,0
1709528400000,1.10100000,1.10290000,1.08510000,1.08770000,4076203.80000000,1709531999999,4449389.56649000,10028,1911343.60000000,2086811.80952000,0
1709532000000,1.08760000,1.09260000,1.07970000,1.09240000,5840152.30000000,1709535599999,6333408.78788000,13227,3166555.90000000,3434825.80208000,0
1709535600000,1.09250000,1.09900000,1.08850000,1.09630000,4761295.10000000,1709539199999,5213932.25435000,11349,2341284.00000000,2563790.00032000,0
1709539200000,1.09640000,1.11650000,1.09560000,1.10880000,10447040.40000000,1709542799999,11565973.51650000,30070,5135514.80000000,5684207.04045000,0
1709542800000,1.10880000,1.11300000,1.09510000,1.11110000,9491382.20000000,1709546399999,10506513.45119000,21267,4783264.70000000,5296023.56684000,0
1709546400000,1.11120000,1.11130000,1.08460000,1.09130000,8999281.40000000,1709549999999,9867990.97219000,23082,4446958.70000000,4874869.56895000,0
1709550000000,1.09140000,1.09920000,1.08780000,1.09600000,5371591.90000000,1709553599999,5873740.97403000,12410,2920514.40000000,3194481.16930000,0
1709553600000,1.09610000,1.11960000,1.09080000,1.11790000,11562866.70000000,1709557199999,12843934.37971000,26294,5785420.30000000,6423664.79908000,0
1709557200000,1.11790000,1.12000000,1.09010000,1.09270000,9267715.50000000,1709560799999,10261644.82357000,23075,4508491.90000000,4992314.44652000,0
1709560800000,1.09280000,1.10910000,1.08210000,1.10500000,12250375.00000000,1709564399999,13438501.56479000,28289,6338641.20000000,6953913.52012000,0
1709564400000,1.10500000,1.13470000,1.10210000,1.12800000,19936502.90000000,1709567999999,22333281.67215000,40028,10315883.60000000,11567143.96309000,0
1709568000000,1.12810000,1.13580000,1.11550000,1.12100000,15887859.40000000,1709571599999,17893119.37727000,37566,8000173.40000000,9010603.83900000,0
1709571600000,1.12100000,1.13320000,1.10040000,1.10070000,19937855.80000000,1709575199999,22304397.05773000,46474,8841849.00000000,9891666.01541000,0
1709575200000,1.10070000,1.13940000,1.09220000,1.13740000,19699476.70000000,1709578799999,21940356.82934000,50420,9738402.90000000,10844793.98464000,0
1709578800000,1.13740000,1.14700000,1.12960000,1.13960000,14359376.50000000,1709582399999,16357919.06622000,35786,7358829.90000000,8382577.89824000,0
1709582400000,1.13970000,1.14850000,1.13130000,1.13680000,9728282.30000000,1709585999999,11100196.41081000,24494,4734366.50000000,5400863.55196000,0
1709586000000,1.13680000,1.14600000,1.12440000,1.14550000,7964176.10000000,1709589599999,9033517.42325000,21754,3769786.40000000,4275362.13901000,0
1709589600000,1.14550000,1.14850000,1.13770000,1.14590000,5588538.20000000,1709593199999,6389155.28257000,14060,2869435.90000000,3280373.16320000,0
1709593200000,1.14590000,1.15000000,1.13610000,1.14450000,7975710.40000000,1709596799999,9129342.31385000,20646,4663836.80000000,5338622.43067000,0
1709596800000,1.14450000,1.14580000,1.12200000,1.12220000,10056546.60000000,1709600399999,11374127.55952000,26385,5083461.30000000,5748323.46861000,0
1709600400000,1.12230000,1.14050000,1.11890000,1.13670000,9603619.20000000,1709603999999,10852213.39173000,21752,5178053.70000000,5852407.82520000,0
1709604000000,1.13670000,1.13760000,1.10870000,1.11690000,10928407.70000000,1709607599999,12237193.74351000,27901,5611496.10000000,6284845.29390000,0
1709607600000,1.11680000,1.12520000,1.10780000,1.12410000,6838929.90000000,1709611199999,7637058.72444000,15332,3795416.00000000,4238725.93178000,0
1709611200000,1.12400000,1.14740000,1.10890000,1.11920000,18682880.40000000,1709614799999,21129216.02874000,53297,10032730.60000000,11343107.36330000,0
1709614800000,1.11910000,1.13680000,1.09170000,1.13660000,17499868.50000000,1709618399999,19567057.87258000,56713,8786287.00000000,9822102.09650000,0
1709618400000,1.13670000,1.13880000,1.12350000,1.13410000,10416230.80000000,1709621999999,11788030.16893000,25385,4868093.70000000,5508153.65757000,0
1709622000000,1.13410000,1.13710000,1.11420000,1.11420000,10236082.30000000,1709625599999,11519647.36923000,27691,5027029.10000000,5656002.10929000,0
1709625600000,1.11430000,1.12430000,1.10560000,1.12210000,11497974.70000000,1709629199999,12844263.46304000,28268,5883292.70000000,6571158.40245000,0
1709629200000,1.12210000,1.13050000,1.11570000,1.12430000,6993405.40000000,1709632799999,7853162.60127000,17189,3254075.70000000,3652645.36812000,0
1709632800000,1.12430000,1.14160000,1.12420000,1.13840000,8832697.40000000,1709636399999,10027063.73506000,20656,3817303.10000000,4333312.41284000,0
1709636400000,1.13830000,1.14490000,1.13500000,1.13530000,9071964.90000000,1709639999999,10343139.99887000,20883,4674275.30000000,5329368.99195000,0
1709640000000,1.13530000,1.14630000,1.13460000,1.14620000,6911107.70000000,1709643599999,7896899.77094000,15174,3467960.30000000,3962186.92087000,0
1709643600000,1.14630000,1.14660000,1.13350000,1.13590000,7687944.70000000,1709647199999,8763450.62362000,17911,3685215.70000000,4199583.94533000,0
1709647200000,1.13590000,1.13660000,1.11600000,1.12740000,16221753.40000000,1709650799999,18245653.57574000,36500,8907545.90000000,10016419.51254000,0
1709650800000,1.12740000,1.13540000,1.10070000,1.11420000,22604457.80000000,1709654399999,25316744.60968000,64841,11312820.00000000,12667499.76848000,0
1709654400000,1.11420000,1.12200000,1.06300000,1.08680000,31155567.80000000,1709657999999,33969821.29404000,100912,15304179.40000000,16689108.45867000,0
1709658000000,1.08690000,1.09650000,1.05500000,1.09560000,19624624.70000000,1709661599999,21102557.21688000,57006,10010902.80000000,10763876.66546000,0
1709661600000,1.09550000,1.09550000,1.07080000,1.07560000,10042980.70000000,1709665199999,10886425.76515000,27594,5018858.40000000,5439787.36734000,0
1709665200000,1.07560000,1.08110000,0.92840000,0.98730000,32682923.90000000,1709668799999,33448810.91761000,105835,14640518.10000000,15025326.40468000,0
1709668800000,0.98720000,1.01090000,0.96230000,0.98460000,31947829.20000000,1709672399999,31758674.89295000,122497,16815429.10000000,16715840.06766000,0
1709672400000,0.98460000,1.01790000,0.98390000,1.01540000,19771965.60000000,1709675999999,19946585.36725000,47982,10712088.70000000,10808233.90889000,0
1709676000000,1.01550000,1.01660000,0.99630000,1.01590000,8529930.50000000,1709679599999,8593211.05019000,23144,4633513.10000000,4668939.12918000,0
1709679600000,1.01600000,1.03860000,1.01360000,1.03330000,7135113.80000000,1709683199999,7337623.70215000,20134,3818009.70000000,3926543.81101000,0
1709683200000,1.03320000,1.04140000,1.02440000,1.02520000,7887833.70000000,1709686799999,8151342.72564000,21677,4414303.60000000,4561381.86913000,0
1709686800000,1.02530000,1.03360000,1.00070000,1.01250000,8194313.90000000,1709690399999,8357450.05395000,22813,3560075.00000000,3634431.22930000,0
1709690400000,1.01250000,1.01560000,0.99390000,0.99450000,8397854.20000000,1709693999999,8443183.47152000,20385,4644727.90000000,4671102.96988000,0
1709694000000,0.99460000,1.01130000,0.99440000,1.01020000,4497912.50000000,1709697599999,4521151.19959000,12241,2408099.70000000,2420624.19262000,0
1709697600000,1.01030000,1.03750000,1.01030000,1.03730000,5893644.10000000,1709701199999,6018116.81176000,16854,2937692.70000000,2999840.11555000,0
1709701200000,1.03730000,1.05660000,1.03270000,1.05420000,9958093.00000000,1709704799999,10443303.01016000,24564,4909972.70000000,5150139.41467000,0
1709704800000,1.05420000,1.06220000,1.05140000,1.06020000,8082823.20000000,1709708399999,8553305.33215000,15927,4120191.40000000,4358879.89721000,0
1709708400000,1.06010000,1.07390000,1.05290000,1.07370000,6836602.90000000,1709711999999,7274597.80453000,16655,3469192.00000000,3691850.45307000,0
1709712000000,1.07370000,1.09530000,1.07020000,1.07890000,23312522.00000000,1709715599999,25337934.75405000,44008,10761681.40000000,11687807.25531000,0
1709715600000,1.07890000,1.08030000,1.05310000,1.05410000,16253931.40000000,1709719199999,17422299.98409000,35197,8515039.00000000,9125683.76753000,0
1709719200000,1.05410000,1.06730000,1.05410000,1.06490000,4961642.00000000,1709722799999,5274939.54102000,15494,2461125.00000000,2616382.25886000,0
1709722800000,1.06500000,1.07870000,1.06050000,1.07190000,6114464.90000000,1709726399999,6549254.44355000,16310,3206548.00000000,3434010.31258000,0
1709726400000,1.07180000,1.07660000,1.03990000,1.05580000,13561921.70000000,1709729999999,14410093.29514000,41260,6747470.20000000,7169482.21492000,0
1709730000000,1.05580000,1.06500000,1.04510000,1.06260000,9149128.30000000,1709733599999,9653060.74743000,27354,4408646.80000000,4652326.97848000,0
1709733600000,1.06270000,1.07150000,1.05510000,1.06420000,6852682.00000000,1709737199999,7297713.97386000,24240,3189382.00000000,3396404.79238000,0
1709737200000,1.06440000,1.07540000,1.04690000,1.07010000,8654232.80000000,1709740799999,9192962.11705000,29724,4364246.40000000,4636593.41172000,0
1709740800000,1.07010000,1.08890000,1.06480000,1.07660000,8060661.30000000,1709744399999,8671249.56405000,25821,4386418.90000000,4721309.82334000,0
1709744400000,1.07680000,1.08670000,1.07020000,1.08550000,4707881.40000000,1709747999999,5086433.67229000,13717,2472081.60000000,2670169.70600000,0
1709748000000,1.08550000,1.08640000,1.07640000,1.08550000,3883848.10000000,1709751599999,4203757.14719000,10231,1747239.00000000,1891439.06123000,0
1709751600000,1.08550000,1.09110000,1.07820000,1.08190000,5160772.10000000,1709755199999,5591748.24915000,12032,2879012.10000000,3117912.14369000,0
1709755200000,1.08200000,1.08750000,1.07670000,1.08540000,3541856.40000000,1709758799999,3831218.44996000,9156,1965357.40000000,2126018.68614000,0
1709758800000,1.08540000,1.10120000,1.08370000,1.10020000,5992230.60000000,1709762399999,6558176.52505000,14712,2966605.80000000,3245554.37682000,0
1709762400000,1.10020000,1.10450000,1.09100000,1.09900000,4143237.30000000,1709765999999,4553421.76201000,12106,1742847.70000000,1915483.06054000,0
1709766000000,1.09910000,1.11860000,1.09650000,1.11820000,5594844.90000000,1709769599999,6221242.49940000,16748,3131154.10000000,3480555.76200000,0
1709769600000,1.11820000,1.13160000,1.11310000,1.12830000,9184409.20000000,1709773199999,10338480.72195000,25594,4246363.70000000,4778281.46653000,0
1709773200000,1.12840000,1.13070000,1.11280000,1.13050000,5748678.60000000,1709776799999,6455557.88629000,15791,2607567.30000000,2929134.77339000,0
1709776800000,1.13050000,1.13340000,1.11940000,1.13010000,6373334.00000000,1709780399999,7194764.25098000,15905,2468898.40000000,2786084.35982000,0
1709780400000,1.13010000,1.13480000,1.11740000,1.12890000,6432724.30000000,1709783999999,7258596.84598000,16737,2843194.40000000,3207946.69065000,0
1709784000000,1.12870000,1.13910000,1.11520000,1.11910000,8420059.40000000,1709787599999,9501484.19993000,21302,3940905.70000000,4448473.85818000,0
1709787600000,1.11900000,1.12390000,1.09850000,1.10350000,6830060.00000000,1709791199999,7591144.27686000,19158,3092387.40000000,3438495.10183000,0
1709791200000,1.10340000,1.11660000,1.10040000,1.11450000,4699419.20000000,1709794799999,5212844.46018000,13576,2166315.10000000,2403376.98413000,0
1709794800000,1.11460000,1.13070000,1.11340000,1.12750000,5333855.00000000,1709798399999,5996629.66875000,15076,2325168.10000000,2613099.97553000,0
1709798400000,1.12760000,1.13570000,1.12550000,1.13350000,5523635.30000000,1709801999999,6251075.98089000,14868,2447553.10000000,2770351.70383000,0
1709802000000,1.13360000,1.13940000,1.13160000,1.13760000,6037935.90000000,1709805599999,6860865.41240000,13501,3686909.20000000,4190076.14448000,0
1709805600000,1.13790000,1.14260000,1.13340000,1.13480000,6818156.40000000,1709809199999,7762303.88536000,16366,3467888.60000000,3949242.75758000,0
1709809200000,1.13480000,1.14140000,1.12760000,1.13280000,9204323.80000000,1709812799999,10430639.04795000,19259,3514088.60000000,3982695.10026000,0
1709812800000,1.13280000,1.13840000,1.12520000,1.12880000,3886154.90000000,1709816399999,4401624.67373000,11052,1980402.20000000,2242784.20723000,0
1709816400000,1.12900000,1.14300000,1.12200000,1.14120000,4297449.30000000,1709819999999,4869289.10462000,13411,2109248.90000000,2390907.26070000,0
1709820000000,1.14120000,1.14960000,1.12510000,1.14840000,11522663.20000000,1709823599999,13140926.51570000,35350,5813159.90000000,6633326.88509000,0
1709823600000,1.14830000,1.15920000,1.13500000,1.15800000,11335167.30000000,1709827199999,13004702.53896000,33119,6083963.30000000,6982549.52338000,0
1709827200000,1.15800000,1.17360000,1.15000000,1.16560000,12473197.60000000,1709830799999,14498858.64574000,37124,6051807.80000000,7035338.67040000,0
1709830800000,1.16570000,1.17500000,1.16170000,1.16810000,5886043.30000000,1709834399999,6871351.07398000,17587,2849672.20000000,3327129.05689000,0
1709834400000,1.16810000,1.16840000,1.15550000,1.16110000,4919851.20000000,1709837999999,5708754.21403000,13695,2641643.10000000,3064673.89759000,0
1709838000000,1.16140000,1.16890000,1.15760000,1.16880000,3391670.50000000,1709841599999,3950671.54494000,9917,1659191.10000000,1932663.92023000,0
1709841600000,1.16870000,1.17450000,1.16420000,1.16940000,4530889.20000000,1709845199999,5297169.63686000,11277,2628089.80000000,3072139.08670000,0
1709845200000,1.16930000,1.17010000,1.15870000,1.16710000,4430950.30000000,1709848799999,5159011.09550000,12298,2155603.50000000,2509855.96818000,0
1709848800000,1.16720000,1.16870000,1.15900000,1.16290000,2920532.00000000,1709852399999,3403319.70001000,8190,1308689.60000000,1525350.80586000,0
1709852400000,1.16300000,1.16510000,1.15690000,1.16050000,3581783.60000000,1709855999999,4155813.88398000,8962,1554394.10000000,1803381.07171000,0
1709856000000,1.16060000,1.17430000,1.15660000,1.17080000,4670092.00000000,1709859599999,5438567.96390000,12431,2336025.40000000,2720613.40108000,0
1709859600000,1.17070000,1.17730000,1.16010000,1.16040000,4876753.00000000,1709863199999,5706368.54569000,13549,2369285.80000000,2772615.02016000,0
1709863200000,1.16030000,1.16420000,1.15410000,1.15560000,3073789.30000000,1709866799999,3562637.83131000,9358,1585403.50000000,1837405.95246000,0
1709866800000,1.15560000,1.15780000,1.14890000,1.15730000,4163709.30000000,1709870399999,4799318.75372000,9615,2230052.00000000,2570735.85315000,0
1709870400000,1.15730000,1.16400000,1.15540000,1.16070000,2668235.10000000,1709873999999,3095601.18240000,7127,1399237.00000000,1623069.00145000,0
1709874000000,1.16060000,1.16200000,1.15020000,1.15630000,2932530.00000000,1709877599999,3386806.11806000,6926,1384880.70000000,1599826.67578000,0
1709877600000,1.15640000,1.16480000,1.15180000,1.16380000,2674725.10000000,1709881199999,3099364.43396000,6676,1284296.80000000,1488795.95022000,0
1709881200000,1.16380000,1.16560000,1.15220000,1.15320000,3529659.70000000,1709884799999,4093256.65665000,8460,1991111.10000000,2309224.41356000,0
1709884800000,1.15320000,1.15930000,1.14660000,1.15620000,3646015.40000000,1709888399999,4202271.68219000,8593,1878230.00000000,2164519.58365000,0
1709888400000,1.15610000,1.16290000,1.15370000,1.15800000,2462506.60000000,1709891999999,2853807.32269000,6534,1052658.90000000,1219750.96488000,0
1709892000000,1.15790000,1.16440000,1.15760000,1.16070000,1900953.80000000,1709895599999,2207327.15440000,6096,1024455.70000000,1189772.79931000,0
1709895600000,1.16080000,1.16140000,1.15050000,1.15850000,3065108.10000000,1709899199999,3542950.75228000,7856,1484805.60000000,1716106.17530000,0
1709899200000,1.15860000,1.15990000,1.15120000,1.15310000,3078476.60000000,1709902799999,3552227.11629000,7201,1508680.80000000,1740935.75617000,0
1709902800000,1.15300000,1.15790000,1.14720000,1.14860000,5484765.70000000,1709906399999,6320458.21773000,11096,2945066.20000000,3394081.24788000,0
1709906400000,1.14860000,1.15070000,1.14270000,1.14680000,7431144.40000000,1709909999999,8523097.54848000,14619,3176963.70000000,3644067.50237000,0
1709910000000,1.14680000,1.14920000,1.10200000,1.11770000,23893113.40000000,1709913599999,26948371.83110000,72921,12485767.90000000,14097769.53752000,0
1709913600000,1.11760000,1.12880000,1.09560000,1.12850000,18983888.90000000,1709917199999,21120019.57540000,50112,9960947.00000000,11086534.07978000,0
1709917200000,1.12850000,1.14030000,1.12670000,1.13120000,5863465.00000000,1709920799999,6646772.94431000,15250,3368899.70000000,3819121.38807000,0
1709920800000,1.13110000,1.13160000,1.12340000,1.12700000,5151571.20000000,1709924399999,5807099.00896000,10021,2917047.20000000,3288151.44866000,0
1709924400000,1.12690000,1.13110000,1.12090000,1.12820000,3540892.60000000,1709927999999,3986367.72220000,8118,1865695.80000000,2100438.59089000,0
1709928000000,1.12820000,1.13530000,1.12480000,1.12920000,3140335.70000000,1709931599999,3547716.00581000,7489,1660550.50000000,1876160.34432000,0
1709931600000,1.12910000,1.13390000,1.12060000,1.12380000,4582873.10000000,1709935199999,5175471.56788000,8380,2639602.80000000,2981496.61909000,0
1709935200000,1.12390000,1.12930000,1.12010000,1.12290000,2172300.80000000,1709938799999,2444224.08660000,5256,1072014.60000000,1206416.84914000,0
1709938800000,1.12280000,1.12740000,1.12100000,1.12540000,2711868.80000000,1709942399999,3049341.32815000,5412,1657103.70000000,1863304.90114000,0
1709942400000,1.12550000,1.12830000,1.12000000,1.12420000,2762178.90000000,1709945999999,3102932.14842000,6089,1499164.40000000,1684044.95123000,0
1709946000000,1.12420000,1.12930000,1.11720000,1.12790000,3430383.90000000,1709949599999,3852874.86156000,7389,1864577.50000000,2093724.87585000,0
1709949600000,1.12780000,1.13450000,1.12550000,1.13100000,3916334.40000000,1709953199999,4430905.33956000,7617,2346157.50000000,2654083.92656000,0
1709953200000,1.13100000,1.13760000,1.12820000,1.13670000,2055559.50000000,1709956799999,2328648.49551000,6021,1094215.00000000,1239623.78878000,0
1709956800000,1.13670000,1.14160000,1.13330000,1.14130000,2840830.00000000,1709960399999,3233481.26779000,5982,1614180.00000000,1837355.04056000,0
1709960400000,1.14130000,1.14160000,1.13260000,1.13340000,2188770.70000000,1709963999999,2486010.11340000,5615,962675.20000000,1093316.74056000,0
1709964000000,1.13340000,1.13560000,1.13150000,1.13350000,2066566.20000000,1709967599999,2341999.40506000,5913,1027465.80000000,1164416.33200000,0
1709967600000,1.13340000,1.13910000,1.13300000,1.13680000,2535366.70000000,1709971199999,2881952.23568000,5868,1255447.00000000,1427530.25671000,0
1709971200000,1.13670000,1.13860000,1.13040000,1.13160000,3297335.70000000,1709974799999,3744047.22069000,6739,1649246.40000000,1872311.70199000,0
1709974800000,1.13160000,1.13830000,1.13020000,1.13430000,3045413.40000000,1709978399999,3454163.96935000,7241,1465446.60000000,1662220.93172000,0
1709978400000,1.13440000,1.13900000,1.12170000,1.13280000,4916564.80000000,1709981999999,5558222.36623000,12244,2550552.20000000,2883529.05209000,0
1709982000000,1.13290000,1.13760000,1.12790000,1.13600000,3296538.70000000,1709985599999,3736229.13676000,7774,1760010.60000000,1994557.05724000,0
1709985600000,1.13600000,1.14000000,1.13430000,1.13980000,3233708.70000000,1709989199999,3679432.93229000,7865,1660221.20000000,1889230.13673000,0
1709989200000,1.13980000,1.14080000,1.13480000,1.13910000,4721818.80000000,1709992799999,5376880.39510000,7308,2855517.10000000,3251951.62574000,0
1709992800000,1.13910000,1.14240000,1.13210000,1.13450000,3883560.10000000,1709996399999,4418815.41866000,10153,2036485.10000000,2316878.46456000,0
1709996400000,1.13460000,1.14370000,1.13460000,1.14360000,2988291.60000000,1709999999999,3405152.06948000,7142,1401147.60000000,1596597.90237000,0
1710000000000,1.14360000,1.14470000,1.13000000,1.13170000,4986675.60000000,1710003599999,5668393.60867000,10568,2521630.20000000,2866045.30078000,0
1710003600000,1.13170000,1.13490000,1.12540000,1.13010000,4735835.40000000,1710007199999,5352463.14856000,10099,2398978.70000000,2710917.42431000,0
1710007200000,1.13010000,1.13400000,1.12690000,1.12950000,3263390.60000000,1710010799999,3688307.97633000,6397,1615557.10000000,1825896.05674000,0
1710010800000,1.12940000,1.13450000,1.12730000,1.12870000,2184046.80000000,1710014399999,2470187.45111000,4720,895666.30000000,1012930.97115000,0
1710014400000,1.12870000,1.13750000,1.12830000,1.13730000,1966396.00000000,1710017999999,2228885.12741000,5171,724876.70000000,821551.96546000,0
1710018000000,1.13730000,1.13960000,1.13290000,1.13960000,2293978.10000000,1710021599999,2607729.92325000,5020,783460.30000000,890632.54180000,0
1710021600000,1.13950000,1.15040000,1.13920000,1.14080000,6932189.60000000,1710025199999,7930346.70503000,13971,3467160.10000000,3963997.08246000,0
1710025200000,1.14080000,1.15740000,1.13960000,1.15660000,4485817.70000000,1710028799999,5155910.52646000,12811,2176343.90000000,2503467.63102000,0
1710028800000,1.15660000,1.15940000,1.14910000,1.15600000,4212519.00000000,1710032399999,4866170.30220000,11873,1891966.70000000,2185735.99989000,0
1710032400000,1.15600000,1.16060000,1.14830000,1.15310000,4471824.00000000,1710035999999,5160895.51536000,11170,2277338.00000000,2628564.47356000,0
1710036000000,1.15320000,1.16280000,1.14310000,1.15950000,5477311.50000000,1710039599999,6312098.46815000,12352,2340278.10000000,2695907.08699000,0
1710039600000,1.15950000,1.16810000,1.15850000,1.16800000,4319000.50000000,1710043199999,5030823.93478000,10115,1889493.00000000,2200912.05160000,0
1710043200000,1.16800000,1.16850000,1.16130000,1.16320000,3456733.10000000,1710046799999,4025021.71602000,7304,1408736.90000000,1640125.59097000,0
1710046800000,1.16310000,1.17900000,1.16170000,1.17860000,5027163.10000000,1710050399999,5889583.51806000,13160,2595269.00000000,3041117.25281000,0
1710050400000,1.17860000,1.18560000,1.17290000,1.17910000,8259331.30000000,1710053999999,9741919.60656000,19380,4112451.00000000,4850836.02755000,0
1710054000000,1.17910000,1.19470000,1.17910000,1.19270000,10022957.00000000,1710057599999,11913624.66325000,20977,4844609.70000000,5758232.69225000,0
1710057600000,1.19280000,1.22030000,1.18920000,1.21630000,17171464.00000000,1710061199999,20701029.43698000,38927,10210088.00000000,12303798.89107000,0
1710061200000,1.21630000,1.22900000,1.20500000,1.21470000,18102655.90000000,1710064799999,22048613.44780000,45102,8905429.30000000,10850435.04474000,0
1710064800000,1.21480000,1.22520000,1.20720000,1.21280000,7672507.20000000,1710068399999,9319308.88069000,18716,3361091.50000000,4082227.16810000,0
1710068400000,1.21290000,1.21990000,1.20750000,1.21420000,6975715.50000000,1710071999999,8469143.70496000,14672,2914368.00000000,3537428.69594000,0
1710072000000,1.21430000,1.22830000,1.20500000,1.21660000,9542567.10000000,1710075599999,11621318.40433000,20236,4401084.00000000,5362955.06794000,0
1710075600000,1.21670000,1.24940000,1.21590000,1.22490000,18044000.80000000,1710079199999,22239572.72566000,52029,9194753.20000000,11334840.89527000,0
1710079200000,1.22470000,1.23050000,1.19540000,1.22970000,14565585.90000000,1710082799999,17678237.36093000,41948,6304377.80000000,7651593.00587000,0
1710082800000,1.22960000,1.23590000,1.21050000,1.21130000,10116404.20000000,1710086399999,12396208.09547000,26146,4071758.50000000,4986998.21359000,0
1710086400000,1.21130000,1.22560000,1.21080000,1.21550000,6424864.40000000,1710089999999,7831091.40574000,14426,2714085.40000000,3308312.71266000,0
1710090000000,1.21550000,1.24060000,1.21320000,1.23470000,6416501.40000000,1710093599999,7875980.90988000,16785,3153867.70000000,3870186.74663000,0
1710093600000,1.23480000,1.24090000,1.21510000,1.21560000,7875465.90000000,1710097199999,9686205.59079000,18175,3812130.00000000,4688906.61050000,0
1710097200000,1.21570000,1.21770000,1.20390000,1.20910000,7157635.10000000,1710100799999,8663928.92586000,14135,3771585.90000000,4565411.55040000,0
1710100800000,1.20950000,1.21570000,1.20650000,1.21570000,3170933.30000000,1710104399999,3836483.86707000,5848,1805196.70000000,2184268.91943000,0
1710104400000,1.21570000,1.21830000,1.20520000,1.21250000,3350746.10000000,1710107999999,4064542.71351000,8203,1531314.20000000,1856903.91512000,0
1710108000000,1.21260000,1.21540000,1.19060000,1.20250000,7969635.80000000,1710111599999,9579166.33755000,25167,3750202.00000000,4507139.41430000,0
1710111600000,1.20250000,1.23880000,1.20100000,1.22830000,9360064.90000000,1710115199999,11463528.01456000,27889,4507218.70000000,5522343.70135000,0
1710115200000,1.22820000,1.23100000,1.16600000,1.19420000,10844297.90000000,1710118799999,13009509.51671000,36579,5029045.60000000,6043598.37614000,0
1710118800000,1.19430000,1.19990000,1.17190000,1.18790000,10065430.20000000,1710122399999,11947256.95929000,29331,5267883.90000000,6252744.36116000,0
1710122400000,1.18800000,1.20230000,1.18640000,1.19580000,6607983.30000000,1710125999999,7889242.61013000,17761,3215802.00000000,3839175.98862000,0
1710126000000,1.19570000,1.20830000,1.19190000,1.19820000,5137856.70000000,1710129599999,6159443.22803000,11590,2837315.20000000,3399919.10940000,0
1710129600000,1.19810000,1.20110000,1.18800000,1.18990000,3487458.20000000,1710133199999,4155738.91369000,7894,1884443.90000000,2245520.62472000,0
1710133200000,1.18990000,1.20140000,1.17980000,1.19450000,5721330.60000000,1710136799999,6817879.30823000,10558,2676324.80000000,3190835.54251000,0
1710136800000,1.19450000,1.20300000,1.18610000,1.20300000,3600330.70000000,1710140399999,4297268.03248000,7934,2045310.90000000,2442066.67834000,0
1710140400000,1.20310000,1.22610000,1.20230000,1.21920000,15065826.10000000,1710143999999,18313200.44404000,38293,7782480.20000000,9457848.82849000,0
1710144000000,1.21930000,1.22750000,1.21930000,1.22300000,7438461.70000000,1710147599999,9101502.93502000,17134,3625473.20000000,4436198.62053000,0
1710147600000,1.22300000,1.22670000,1.21340000,1.22450000,6051614.60000000,1710151199999,7381153.56595000,13308,3211328.00000000,3915976.32925000,0
1710151200000,1.22450000,1.23160000,1.21990000,1.22250000,8371086.90000000,1710154799999,10258213.24087000,14813,4441513.60000000,5441199.82459000,0
1710154800000,1.22260000,1.23110000,1.21620000,1.21970000,5568411.90000000,1710158399999,6808945.88468000,12858,2822448.60000000,3451228.31366000,0
1710158400000,1.21940000,1.22510000,1.21700000,1.21990000,4396559.60000000,1710161999999,5366769.02771000,9943,2253065.90000000,2750018.78161000,0
1710162000000,1.22000000,1.22190000,1.20340000,1.20560000,5373743.30000000,1710165599999,6524227.47013000,15000,2476209.40000000,3005854.65401000,0
1710165600000,1.20560000,1.21440000,1.20480000,1.20680000,4331389.30000000,1710169199999,5238427.60195000,10925,2203648.70000000,2664790.56328000,0
1710169200000,1.20680000,1.21410000,1.20370000,1.20440000,6015592.40000000,1710172799999,7272251.45992000,11581,3253040.20000000,3932109.58224000,0
1710172800000,1.20440000,1.21450000,1.19640000,1.21160000,8702098.40000000,1710176399999,10484803.30448000,20913,4414306.80000000,5317318.79091000,0
1710176400000,1.21170000,1.21500000,1.20500000,1.21030000,5189620.70000000,1710179999999,6277695.29445000,11445,2727246.90000000,3298331.80093000,0
1710180000000,1.21030000,1.22800000,1.20920000,1.21470000,7088567.20000000,1710183599999,8642426.48347000,15753,3716147.40000000,4531115.85355000,0
1710183600000,1.21470000,1.21480000,1.19850000,1.20890000,5764092.20000000,1710187199999,6966513.68097000,12049,2803342.90000000,3388938.42914000,0
1710187200000,1.20890000,1.22100000,1.20780000,1.21610000,5435481.10000000,1710190799999,6603427.05095000,9391,2879882.70000000,3498345.37985000,0
1710190800000,1.21600000,1.22730000,1.21320000,1.22560000,3640229.70000000,1710194399999,4446829.18110000,7856,1870125.30000000,2284066.56527000,0
1710194400000,1.22570000,1.24430000,1.22260000,1.23990000,7366385.00000000,1710197999999,9098775.38679000,20549,3726930.90000000,4603258.94641000,0
1710198000000,1.23980000,1.24980000,1.23710000,1.24030000,7874406.90000000,1710201599999,9799306.23538000,17299,3991888.60000000,4967991.59873000,0
1710201600000,1.24040000,1.24640000,1.23010000,1.23300000,5809758.40000000,1710205199999,7206313.85227000,15093,3080295.10000000,3820543.37398000,0
1710205200000,1.23300000,1.23790000,1.22820000,1.23000000,2990984.30000000,1710208799999,3688989.96253000,7656,1474998.10000000,1819145.96149000,0
1710208800000,1.23000000,1.24000000,1.22850000,1.23750000,3591549.50000000,1710212399999,4432441.87667000,7195,1943147.40000000,2397257.33348000,0
1710212400000,1.23750000,1.23910000,1.21200000,1.21360000,6313052.10000000,1710215999999,7722778.56138000,15448,2778700.50000000,3398330.81630000,0
1710216000000,1.21380000,1.21900000,1.20680000,1.21320000,4809906.40000000,1710219599999,5836149.33233000,12422,2547634.50000000,3091120.52765000,0
1710219600000,1.21310000,1.21520000,1.20700000,1.21040000,3742770.30000000,1710223199999,4530270.43763000,7082,1978969.30000000,2395046.15706000,0
1710223200000,1.21050000,1.21080000,1.18670000,1.19890000,8755051.60000000,1710226799999,10471153.98491000,23318,4070695.20000000,4867620.84245000,0
1710226800000,1.19900000,1.20010000,1.18800000,1.19020000,6638439.60000000,1710230399999,7920031.48019000,13211,3443218.30000000,4107355.15859000,0
1710230400000,1.19020000,1.19350000,1.16130000,1.17030000,11172301.40000000,1710233999999,13101967.37927000,28985,4698009.40000000,5506091.62275000,0
1710234000000,1.17020000,1.19070000,1.16990000,1.18910000,4219146.50000000,1710237599999,4990950.30714000,11196,2338765.80000000,2765192.37766000,0
1710237600000,1.18910000,1.19210000,1.18100000,1.18680000,3763395.50000000,1710241199999,4465135.78211000,8199,1786504.40000000,2119495.50405000,0
1710241200000,1.18680000,1.19850000,1.18510000,1.19040000,4163225.20000000,1710244799999,4965794.88147000,10425,2399196.40000000,2861585.50262000,0
1710244800000,1.19050000,1.19430000,1.17060000,1.19290000,6362424.00000000,1710248399999,7532813.40526000,18363,3236590.50000000,3832392.77938000,0
1710248400000,1.19300000,1.19420000,1.17930000,1.18830000,4801801.70000000,1710251999999,5701821.46701000,12909,2476340.10000000,2940829.20731000,0
1710252000000,1.18830000,1.19570000,1.17020000,1.17340000,9697806.10000000,1710255599999,11445137.62344000,22669,5101188.30000000,6019627.42383000,0
1710255600000,1.17370000,1.18980000,1.16580000,1.18570000,5695566.30000000,1710259199999,6719321.54269000,15957,2622520.80000000,3095197.34183000,0
1710259200000,1.18570000,1.18830000,1.15570000,1.15940000,10031548.20000000,1710262799999,11730732.41360000,29020,4931268.40000000,5767795.07864000,0
1710262800000,1.15950000,1.16500000,1.12180000,1.16500000,16336710.40000000,1710266399999,18754672.57630000,60013,8419841.10000000,9668249.19119000,0
1710266400000,1.16500000,1.17510000,1.15990000,1.17490000,4880012.50000000,1710269999999,5693931.26795000,13115,2873540.40000000,3353215.60078000,0
1710270000000,1.17490000,1.17860000,1.17160000,1.17450000,3414645.10000000,1710273599999,4013956.54281000,8707,1942770.10000000,2283775.22289000,0
1710273600000,1.17440000,1.17780000,1.15910000,1.16370000,4279733.30000000,1710277199999,5001563.64386000,10821,2581342.10000000,3017422.96251000,0
1710277200000,1.16370000,1.16680000,1.15900000,1.16340000,2299932.20000000,1710280799999,2673017.25439000,6019,1437711.50000000,1671023.11927000,0
1710280800000,1.16330000,1.16800000,1.16040000,1.16580000,2478958.00000000,1710284399999,2886067.00904000,6075,1705272.70000000,1985345.32647000,0
1710284400000,1.16570000,1.18240000,1.16420000,1.18180000,3527316.80000000,1710287999999,4146897.19273000,9049,2103547.30000000,2472571.80579000,0
1710288000000,1.18180000,1.18320000,1.17610000,1.17900000,2917899.20000000,1710291599999,3441458.23770000,7559,1403033.20000000,1654791.89197000,0
1710291600000,1.17890000,1.19340000,1.17650000,1.19270000,3397846.50000000,1710295199999,4030463.78616000,10043,1740956.80000000,2065270.82665000,0
1710295200000,1.19260000,1.19930000,1.19000000,1.19910000,2565337.40000000,1710298799999,3063859.32360000,6710,1225033.60000000,1463094.97482000,0
1710298800000,1.19920000,1.20970000,1.19630000,1.20940000,3201044.90000000,1710302399999,3850572.77553000,9901,1548782.30000000,1863217.34005000,0
1710302400000,1.20940000,1.21250000,1.20210000,1.20500000,4316957.10000000,1710305999999,5215985.10179000,10327,1822120.50000000,2201266.17078000,0
1710306000000,1.20500000,1.20580000,1.19940000,1.20010000,2409121.80000000,1710309599999,2896345.41542000,6438,1186171.90000000,1426157.07305000,0
1710309600000,1.20020000,1.21310000,1.19910000,1.21260000,3383857.80000000,1710313199999,4088974.20866000,8000,1994220.80000000,2409308.88645000,0
1710313200000,1.21270000,1.21700000,1.20380000,1.20540000,4196251.70000000,1710316799999,5085204.63277000,9268,2158932.00000000,2616514.53831000,0
1710316800000,1.20550000,1.22100000,1.20500000,1.22090000,4501990.50000000,1710320399999,5472538.75565000,11126,2393861.90000000,2908845.61199000,0
1710320400000,1.22090000,1.22830000,1.21800000,1.22770000,4226763.80000000,1710323999999,5172296.44597000,11253,1989665.30000000,2434836.16226000,0
1710324000000,1.22770000,1.24190000,1.22140000,1.24130000,9490987.80000000,1710327599999,11715439.73652000,22203,5004299.30000000,6177089.00477000,0
1710327600000,1.24140000,1.25000000,1.23130000,1.24980000,8258649.30000000,1710331199999,10260995.03621000,19262,4111266.10000000,5108628.68386000,0
1710331200000,1.24980000,1.27000000,1.24970000,1.26760000,17633555.10000000,1710334799999,22246433.42196000,41025,9387724.50000000,11840686.48818000,0
1710334800000,1.26760000,1.28580000,1.24440000,1.26240000,22908565.00000000,1710338399999,29079258.61990000,55405,10430104.70000000,13242905.62017000,0
1710338400000,1.26240000,1.29000000,1.25830000,1.25900000,14896847.60000000,1710341999999,19007072.12700000,44123,7472078.10000000,9537346.68259000,0
1710342000000,1.25890000,1.28650000,1.25210000,1.27450000,11887086.20000000,1710345599999,15125331.99992000,31489,5482383.30000000,6978601.42585000,0
1710345600000,1.27450000,1.28510000,1.26500000,1.27290000,8668936.00000000,1710349199999,11067165.60731000,19933,3805339.40000000,4856482.45310000,0
1710349200000,1.27290000,1.28300000,1.26130000,1.27270000,7575651.30000000,1710352799999,9613499.93746000,17086,3684870.00000000,4676805.55359000,0
1710352800000,1.27250000,1.28260000,1.26700000,1.27480000,8005247.70000000,1710356399999,10215231.56686000,14774,3269927.80000000,4171595.48260000,0
1710356400000,1.27480000,1.28070000,1.26660000,1.27260000,4637052.10000000,1710359999999,5909264.40684000,10318,2062516.70000000,2627889.20590000,0
1710360000000,1.27270000,1.27740000,1.25650000,1.26070000,4764903.60000000,1710363599999,6029290.99567000,12570,2291822.00000000,2900056.38823000,0
1710363600000,1.26080000,1.27340000,1.26050000,1.26600000,3504982.80000000,1710367199999,4447953.48458000,10500,1776207.10000000,2253721.85300000,0
1710367200000,1.26600000,1.27410000,1.25920000,1.26160000,5240996.40000000,1710370799999,6633654.76125000,12082,2535840.90000000,3209536.75168000,0
1710370800000,1.26170000,1.27480000,1.26080000,1.27040000,3806690.60000000,1710374399999,4833587.82085000,10987,1673110.20000000,2124221.72307000,0
1710374400000,1.27040000,1.28480000,1.26290000,1.27320000,6239515.30000000,1710377999999,7958442.49804000,16831,3266986.30000000,4167657.26786000,0
1710378000000,1.27330000,1.27730000,1.25460000,1.26310000,6738069.80000000,1710381599999,8511221.06458000,17775,3423941.90000000,4324859.02611000,0
1710381600000,1.26320000,1.27580000,1.26000000,1.26510000,4284184.90000000,1710385199999,5439027.84245000,11047,1773845.90000000,2251783.37865000,0
1710385200000,1.26510000,1.26640000,1.24970000,1.25130000,4856517.50000000,1710388799999,6108567.28604000,12049,2806386.20000000,3530973.43937000,0
1710388800000,1.25130000,1.25160000,1.23330000,1.23990000,5734564.90000000,1710392399999,7127280.78998000,16103,2738387.80000000,3404511.73340000,0
1710392400000,1.23990000,1.24920000,1.23590000,1.24170000,4416748.40000000,1710395999999,5492345.24243000,9467,2244256.60000000,2790837.73185000,0
1710396000000,1.24140000,1.24670000,1.23560000,1.23950000,2852472.00000000,1710399599999,3540129.93256000,7740,1561672.80000000,1938035.40979000,0
1710399600000,1.23960000,1.24200000,1.23080000,1.23310000,4343473.60000000,1710403199999,5361305.98375000,10043,2313740.00000000,2855838.33630000,0
1710403200000,1.23310000,1.23940000,1.23200000,1.23440000,5160014.60000000,1710406799999,6375499.57183000,9650,2975878.50000000,3677037.77606000,0
1710406800000,1.23430000,1.26080000,1.23380000,1.25740000,8009471.10000000,1710410399999,10015695.00756000,20677,4601668.40000000,5752692.84452000,0
1710410400000,1.25740000,1.25910000,1.24090000,1.24460000,3983983.20000000,1710413999999,4984714.20679000,11096,2162048.80000000,2704343.24910000,0
1710414000000,1.24450000,1.24520000,1.22460000,1.23470000,6144480.50000000,1710417599999,7570821.73884000,16779,3214302.70000000,3960392.50537000,0
1710417600000,1.23470000,1.24660000,1.22690000,1.23380000,5946116.10000000,1710421199999,7351327.07660000,15488,2973053.40000000,3674523.18185000,0
1710421200000,1.23380000,1.23610000,1.19290000,1.20440000,11467424.60000000,1710424799999,13894275.64118000,33915,5746336.00000000,6963916.67849000,0
1710424800000,1.20420000,1.22660000,1.20270000,1.22050000,10093749.90000000,1710428399999,12271259.29220000,25864,5641852.30000000,6857829.87926000,0
1710428400000,1.22030000,1.22550000,1.18900000,1.20030000,8918211.30000000,1710431999999,10754942.97017000,23414,4171834.80000000,5034793.70801000,0
1710432000000,1.20020000,1.21670000,1.18720000,1.21580000,8178665.00000000,1710435599999,9831760.15291000,22142,4360605.40000000,5241956.01100000,0
1710435600000,1.21570000,1.21720000,1.20460000,1.21500000,3328379.40000000,1710439199999,4031062.21215000,10443,1704160.90000000,2063615.74609000,0
1710439200000,1.21500000,1.21500000,1.18040000,1.19210000,6598849.90000000,1710442799999,7897315.88615000,19743,2884304.40000000,3452300.20870000,0
1710442800000,1.19210000,1.19820000,1.16210000,1.18390000,13002284.90000000,1710446399999,15319651.53944000,36286,5961773.30000000,7028046.60126000,0
1710446400000,1.18390000,1.20080000,1.18260000,1.19550000,8600567.00000000,1710449999999,10277039.19388000,18097,4690484.90000000,5604979.90283000,0
1710450000000,1.19540000,1.20930000,1.18620000,1.20920000,3834299.80000000,1710453599999,4593161.57173000,10437,2013296.30000000,2412803.24661000,0
1710453600000,1.20920000,1.22110000,1.20910000,1.21570000,4182169.70000000,1710457199999,5087118.52073000,11036,1805526.40000000,2195412.90495000,0
1710457200000,1.21570000,1.22340000,1.21370000,1.22210000,2621401.70000000,1710460799999,3197678.97622000,6506,1556311.40000000,1898179.20533000,0
1710460800000,1.22230000,1.23060000,1.21570000,1.22380000,3939380.10000000,1710464399999,4826970.33319000,10218,1908372.50000000,2338628.20151000,0
1710464400000,1.22380000,1.22480000,1.20580000,1.20690000,5497771.00000000,1710467999999,6670933.96598000,11640,2742151.90000000,3326857.97004000,0
1710468000000,1.20740000,1.20880000,1.14120000,1.15990000,16397424.20000000,1710471599999,19256612.42672000,45042,7219587.40000000,8469287.49876000,0
1710471600000,1.16050000,1.16680000,1.10200000,1.14800000,18234327.50000000,1710475199999,20813760.93519000,55947,9091262.40000000,10381828.96913000,0
1710475200000,1.14810000,1.15120000,1.12320000,1.13110000,12279043.00000000,1710478799999,13960837.94846000,34165,6089358.80000000,6923373.40526000,0
1710478800000,1.13120000,1.14690000,1.12660000,1.13020000,8574253.10000000,1710482399999,9746718.01601000,19414,3828873.40000000,4353219.47526000,0
1710482400000,1.13020000,1.15770000,1.13010000,1.15730000,7434289.70000000,1710485999999,8529230.27607000,14573,3858337.40000000,4426411.38927000,0
1710486000000,1.15730000,1.15820000,1.14270000,1.15040000,6229284.70000000,1710489599999,7172665.60670000,11077,2507753.00000000,2889151.18525000,0
1710489600000,1.15040000,1.15170000,1.10100000,1.10200000,10217185.70000000,1710493199999,11481061.00211000,27253,4789512.50000000,5387220.26829000,0
1710493200000,1.10220000,1.12010000,1.06400000,1.11960000,16827799.10000000,1710496799999,18462065.57804000,52732,8210435.20000000,9014954.39912000,0
1710496800000,1.11960000,1.12180000,1.10200000,1.10650000,6611890.10000000,1710500399999,7358057.70304000,15472,3007632.50000000,3349406.40931000,0
1710500400000,1.10660000,1.11590000,1.08340000,1.11220000,10040017.70000000,1710503999999,11027611.96756000,24053,4987957.90000000,5478760.34959000,0
1710504000000,1.11210000,1.11830000,1.10580000,1.11390000,4191071.00000000,1710507599999,4657611.49406000,12580,2269692.90000000,2522017.74071000,0
1710507600000,1.11380000,1.13000000,1.10580000,1.12800000,5338703.10000000,1710511199999,5966734.96200000,16392,2887643.30000000,3228007.61391000,0
1710511200000,1.12790000,1.13070000,1.11450000,1.13020000,4965026.50000000,1710514799999,5571909.88952000,13170,2584795.70000000,2901142.17863000,0
1710514800000,1.13010000,1.13230000,1.12260000,1.12430000,4328692.80000000,1710518399999,4879084.68079000,11072,2016717.40000000,2273066.04253000,0
1710518400000,1.12440000,1.13060000,1.11200000,1.11790000,4681468.60000000,1710521999999,5242679.59135000,12408,2446938.50000000,2740154.60066000,0
1710522000000,1.11790000,1.12460000,1.11010000,1.11860000,4327252.20000000,1710525599999,4834942.58078000,8846,2249709.40000000,2513346.67132000,0
1710525600000,1.11860000,1.14790000,1.11850000,1.14740000,6034422.70000000,1710529199999,6829697.78395000,12495,3516146.70000000,3980284.50662000,0
1710529200000,1.14740000,1.15690000,1.11530000,1.12060000,11442200.50000000,1710532799999,13035277.46898000,23816,5747443.40000000,6552632.76652000,0
1710532800000,1.12060000,1.12150000,1.09790000,1.10500000,6447947.20000000,1710536399999,7148732.87314000,17856,3158168.70000000,3501496.55236000,0
1710536400000,1.10500000,1.12120000,1.10350000,1.12120000,3166568.50000000,1710539999999,3530396.73779000,7133,1460533.80000000,1628685.42814000,0
1710540000000,1.12130000,1.13560000,1.11830000,1.13550000,2340708.70000000,1710543599999,2635108.52699000,6727,1218539.00000000,1371645.86009000,0
1710543600000,1.13530000,1.14540000,1.12910000,1.14140000,3347036.10000000,1710547199999,3808701.64775000,9752,1615686.20000000,1838657.20128000,0
1710547200000,1.14160000,1.14830000,1.13740000,1.13860000,3315729.80000000,1710550799999,3790772.72195000,9044,1679735.00000000,1920516.80691000,0
1710550800000,1.13840000,1.14610000,1.13600000,1.13830000,3794864.20000000,1710554399999,4332069.40057000,8268,1618427.90000000,1846949.88479000,0
1710554400000,1.13820000,1.14110000,1.13450000,1.13560000,2369760.10000000,1710557999999,2696237.96984000,6776,1144898.10000000,1302669.55671000,0
1710558000000,1.13560000,1.14370000,1.13070000,1.14200000,2898222.30000000,1710561599999,3300727.93692000,5682,1307309.90000000,1488747.28652000,0
1710561600000,1.14200000,1.14600000,1.13470000,1.13550000,4823240.40000000,1710565199999,5496061.69115000,7665,2483425.00000000,2829414.60190000,0
1710565200000,1.13560000,1.13780000,1.11920000,1.13480000,6056291.60000000,1710568799999,6829468.80666000,12724,2695533.90000000,3039411.43312000,0
1710568800000,1.13490000,1.14660000,1.13450000,1.14550000,5290191.50000000,1710572399999,6031000.47895000,8889,2437560.40000000,2777746.45153000,0
1710572400000,1.14540000,1.16230000,1.14330000,1.16220000,6086277.60000000,1710575999999,7017731.71947000,12169,3441996.50000000,3968615.59644000,0
1710576000000,1.16230000,1.16850000,1.15890000,1.15930000,5745225.60000000,1710579599999,6679290.73055000,12946,2944961.80000000,3424579.99238000,0
1710579600000,1.15920000,1.16070000,1.15110000,1.15320000,4393828.20000000,1710583199999,5079711.06024000,9596,2099704.60000000,2426921.01188000,0
1710583200000,1.15320000,1.15570000,1.14350000,1.14480000,5223391.00000000,1710586799999,6004065.83707000,11182,2695299.90000000,3098222.64860000,0
1710586800000,1.14470000,1.14940000,1.12760000,1.13790000,4553196.00000000,1710590399999,5186419.54531000,12308,2042985.10000000,2326345.58090000,0
1710590400000,1.13790000,1.14340000,1.12320000,1.12420000,5812809.70000000,1710593999999,6581003.86877000,13679,2816786.40000000,3189005.94170000,0
1710594000000,1.12420000,1.13140000,1.10190000,1.10280000,8038860.00000000,1710597599999,8974706.22395000,19478,4099583.20000000,4575150.93114000,0
1710597600000,1.10290000,1.11200000,1.09780000,1.10980000,5644590.10000000,1710601199999,6235295.33562000,15456,2692487.80000000,2973669.83199000,0
1710601200000,1.10970000,1.11630000,1.09400000,1.11460000,10070274.30000000,1710604799999,11129656.12194000,16373,5625819.80000000,6213530.34453000,0
1710604800000,1.11460000,1.11460000,1.10030000,1.10450000,3785553.20000000,1710608399999,4189740.69700000,9174,2028548.60000000,2244673.58116000,0
1710608400000,1.10440000,1.10640000,1.08080000,1.08410000,8323155.90000000,1710611999999,9079937.17486000,18440,4101253.40000000,4473530.76113000,0
1710612000000,1.08420000,1.09000000,1.04410000,1.05350000,18991903.40000000,1710615599999,20216221.28227000,41199,9085901.30000000,9679722.13067000,0
1710615600000,1.05370000,1.07550000,1.04960000,1.05500000,10906112.80000000,1710619199999,11617318.07745000,20550,5786582.40000000,6163998.31565000,0
1710619200000,1.05460000,1.06680000,1.04450000,1.05920000,6796380.60000000,1710622799999,7178531.80056000,14321,3550743.40000000,3749122.94851000,0
1710622800000,1.05930000,1.06400000,1.03660000,1.04650000,6861328.30000000,1710626399999,7184547.51393000,15603,3180411.60000000,3330071.12974000,0
1710626400000,1.04640000,1.05580000,1.03810000,1.04810000,4664253.10000000,1710629999999,4883933.33841000,10650,2259331.00000000,2367524.21045000,0
1710630000000,1.04770000,1.04780000,1.02350000,1.04240000,8469682.80000000,1710633599999,8789810.09981000,22240,3899578.60000000,4047889.28035000,0
1710633600000,1.04230000,1.05800000,1.02620000,1.02690000,6512341.60000000,1710637199999,6805361.91115000,16164,3208135.50000000,3351060.53486000,0
1710637200000,1.02690000,1.05210000,1.02690000,1.05180000,4985518.30000000,1710640799999,5193915.73791000,12979,2401089.30000000,2501301.55050000,0
1710640800000,1.05160000,1.06040000,1.04500000,1.05760000,4058579.40000000,1710644399999,4276921.18184000,8328,2161608.00000000,2277334.29686000,0
1710644400000,1.05760000,1.05930000,1.05150000,1.05820000,3265282.00000000,1710647999999,3447052.99577000,7091,1473657.80000000,1555849.07437000,0
1710648000000,1.05810000,1.05900000,1.05050000,1.05460000,3038474.60000000,1710651599999,3205074.57147000,5806,1646464.30000000,1736796.05055000,0
1710651600000,1.05470000,1.05930000,1.04620000,1.05080000,2672726.90000000,1710655199999,2813238.49113000,6015,1274972.10000000,1342283.30612000,0
1710655200000,1.05100000,1.05370000,1.02410000,1.02430000,4926361.80000000,1710658799999,5109621.93945000,12151,2085868.20000000,2165346.82724000,0
1710658800000,1.02400000,1.03540000,1.00530000,1.03330000,13433184.20000000,1710662399999,13698828.72413000,28348,5929653.00000000,6051211.87242000,0
1710662400000,1.03290000,1.05990000,1.02830000,1.05680000,7323822.00000000,1710665999999,7656159.20230000,14575,3772063.70000000,3943952.03287000,0
1710666000000,1.05670000,1.06160000,1.05230000,1.05660000,4475160.80000000,1710669599999,4732450.76517000,10021,2461750.00000000,2603406.09176000,0
1710669600000,1.05680000,1.06840000,1.05670000,1.06610000,3703174.40000000,1710673199999,3938035.80110000,9659,2214516.30000000,2354676.57969000,0
1710673200000,1.06610000,1.07040000,1.06010000,1.06380000,3786346.00000000,1710676799999,4034014.61583000,8440,2298381.00000000,2448874.53443000,0
1710676800000,1.06380000,1.07210000,1.04300000,1.04720000,6497668.90000000,1710680399999,6883061.20360000,12639,2918097.40000000,3091968.30539000,0
1710680400000,1.04710000,1.06460000,1.04710000,1.06160000,4954088.70000000,1710683999999,5244004.53716000,9626,2622686.70000000,2775731.69012000,0
1710684000000,1.06160000,1.07370000,1.05560000,1.07350000,4959618.90000000,1710687599999,5285474.67409000,10674,2631860.50000000,2804987.99077000,0
1710687600000,1.07350000,1.08660000,1.06800000,1.08200000,6246888.80000000,1710691199999,6738024.02042000,14972,3163059.70000000,3411593.82111000,0
1710691200000,1.08190000,1.08560000,1.07370000,1.07540000,4955400.00000000,1710694799999,5348453.84688000,12208,2332182.50000000,2517267.44370000,0
1710694800000,1.07530000,1.08490000,1.07320000,1.08430000,3314520.10000000,1710698399999,3575199.28851000,7438,1599511.80000000,1725502.80727000,0
1710698400000,1.08410000,1.08410000,1.07540000,1.07950000,3981254.00000000,1710701999999,4296495.50649000,9356,1956723.60000000,2111844.38710000,0
1710702000000,1.07950000,1.09230000,1.07610000,1.09090000,6340943.90000000,1710705599999,6884174.99670000,10761,3421575.30000000,3713379.89910000,0
1710705600000,1.09090000,1.09240000,1.08320000,1.08530000,2280396.20000000,1710709199999,2482522.69972000,5819,980514.30000000,1067543.43850000,0
1710709200000,1.08510000,1.08990000,1.08480000,1.08910000,1992467.60000000,1710712799999,2167365.43443000,4788,916283.40000000,996748.96407000,0
1710712800000,1.08900000,1.09960000,1.08780000,1.08860000,3941892.30000000,1710716399999,4312198.62304000,9700,1823001.50000000,1994225.05514000,0
1710716400000,1.08860000,1.09170000,1.08310000,1.08860000,2497648.00000000,1710719999999,2717004.88753000,6319,1227442.30000000,1335420.22076000,0
1710720000000,1.08860000,1.08860000,1.06540000,1.06560000,5487210.10000000,1710723599999,5909349.33681000,13008,2470508.70000000,2661318.89275000,0
1710723600000,1.06560000,1.08020000,1.05720000,1.07530000,3714558.40000000,1710727199999,3977833.54371000,10892,1872373.70000000,2006407.58685000,0
1710727200000,1.07530000,1.08430000,1.07200000,1.07580000,2554058.80000000,1710730799999,2750536.93539000,6707,1341083.30000000,1444351.79441000,0
1710730800000,1.07560000,1.07950000,1.07250000,1.07310000,1999839.70000000,1710734399999,2151298.45155000,4509,1239313.10000000,1332943.94333000,0
1710734400000,1.07320000,1.08240000,1.06650000,1.07920000,3562454.00000000,1710737999999,3830813.17164000,7328,2052284.90000000,2207499.47603000,0
1710738000000,1.07930000,1.08990000,1.07350000,1.08400000,3822604.90000000,1710741599999,4137836.45839000,8099,2332535.90000000,2524647.61039000,0
1710741600000,1.08400000,1.08470000,1.07660000,1.07880000,2521460.10000000,1710745199999,2723383.13832000,5411,1354263.00000000,1462668.78164000,0
1710745200000,1.07860000,1.08140000,1.07300000,1.07520000,2734497.10000000,1710748799999,2944295.29051000,6218,1420372.50000000,1529364.00304000,0
1710748800000,1.07520000,1.07550000,1.05300000,1.06440000,4456266.40000000,1710752399999,4735991.99443000,11636,2235996.60000000,2376136.95554000,0
1710752400000,1.06430000,1.06520000,1.05240000,1.05460000,4204579.20000000,1710755999999,4444001.80610000,8989,1981840.70000000,2094472.20088000,0
1710756000000,1.05450000,1.06660000,1.05130000,1.06660000,3196108.30000000,1710759599999,3384805.46525000,8341,1501490.70000000,1589861.15300000,0
1710759600000,1.06650000,1.07550000,1.06230000,1.06810000,2759615.70000000,1710763199999,2951130.43449000,6928,1386505.20000000,1482524.76912000,0
1710763200000,1.06810000,1.07210000,1.05930000,1.06740000,3763082.40000000,1710766799999,4006090.49098000,8607,1674552.70000000,1782696.21017000,0
1710766800000,1.06740000,1.06870000,1.04190000,1.04810000,6843782.90000000,1710770399999,7199613.61082000,17263,3348767.90000000,3520816.87772000,0
1710770400000,1.04800000,1.05370000,1.02850000,1.03450000,7816513.20000000,1710773999999,8131305.95604000,17072,3782453.80000000,3933088.42244000,0
1710774000000,1.03460000,1.04080000,1.02520000,1.03900000,5202986.00000000,1710777599999,5381320.93506000,11222,2807795.40000000,2904708.33478000,0
1710777600000,1.03880000,1.04870000,1.02250000,1.02650000,4651515.00000000,1710781199999,4816888.85881000,12025,2452290.00000000,2539352.21695000,0
1710781200000,1.02640000,1.02820000,1.01140000,1.02540000,6501439.80000000,1710784799999,6633638.65876000,17108,3176540.80000000,3240641.93339000,0
1710784800000,1.02540000,1.02940000,1.01260000,1.01350000,3481412.60000000,1710788399999,3553578.19658000,8038,1847143.40000000,1884757.62892000,0
1710788400000,1.01350000,1.02560000,1.00880000,1.01690000,3120202.00000000,1710791999999,3175020.70625000,8083,1554331.30000000,1581782.77950000,0
1710792000000,1.01710000,1.02910000,1.01680000,1.02630000,3051029.80000000,1710795599999,3126811.53076000,6182,1501545.50000000,1538180.86591000,0
1710795600000,1.02620000,1.03640000,1.02550000,1.02760000,3823966.90000000,1710799199999,3943876.20379000,6786,2098850.80000000,2165163.29910000,0
1710799200000,1.02750000,1.03020000,1.01910000,1.02660000,2280316.60000000,1710802799999,2334489.01582000,6421,1003416.20000000,1027117.28454000,0
1710802800000,1.02670000,1.03730000,1.02400000,1.03040000,2238998.80000000,1710806399999,2311283.12656000,5877,1144676.70000000,1181774.53358000,0
1710806400000,1.03030000,1.03670000,1.00440000,1.00800000,4781128.60000000,1710809999999,4878542.84308000,12548,2506538.00000000,2556783.95861000,0
1710810000000,1.00850000,1.00890000,0.98000000,0.98600000,12434478.80000000,1710813599999,12329124.79420000,30941,5692505.70000000,5639636.23630000,0
1710813600000,0.98600000,1.00230000,0.98470000,0.98940000,4976508.80000000,1710817199999,4945762.27718000,11430,2556759.20000000,2541336.46958000,0
1710817200000,0.98950000,0.99470000,0.96670000,0.98790000,8470236.40000000,1710820799999,8309616.71119000,18820,3955779.50000000,3884777.55732000,0
1710820800000,0.98760000,0.99090000,0.97030000,0.97110000,5958407.50000000,1710824399999,5842029.72417000,11603,2881125.00000000,2823940.71602000,0
1710824400000,0.97110000,0.98040000,0.95590000,0.96790000,6980294.90000000,1710827999999,6749726.21435000,16325,3422762.20000000,3311026.25067000,0
1710828000000,0.96790000,0.97280000,0.95000000,0.95940000,6270289.40000000,1710831599999,6021176.04344000,16048,2951470.80000000,2835392.16248000,0
1710831600000,0.95950000,0.96140000,0.93030000,0.96140000,14809275.30000000,1710835199999,14047905.14016000,27925,8332323.00000000,7907969.40394000,0
1710835200000,0.96140000,0.96160000,0.92020000,0.92480000,10420335.20000000,1710838799999,9771396.71217000,25812,4985292.00000000,4677122.28452000,0
1710838800000,0.92470000,0.94750000,0.90970000,0.94640000,13258737.50000000,1710842399999,12331858.34663000,36295,6800454.00000000,6331882.14778000,0
1710842400000,0.94650000,0.94650000,0.91790000,0.92970000,8071357.80000000,1710845999999,7499090.55829000,18154,4008991.30000000,3724810.05711000,0
1710846000000,0.92980000,0.94320000,0.91720000,0.94200000,7435658.00000000,1710849599999,6907289.57822000,16697,3995880.60000000,3711377.04262000,0
1710849600000,0.94200000,0.95760000,0.93860000,0.95100000,8507563.30000000,1710853199999,8076972.44110000,20220,3988432.90000000,3785502.27524000,0
1710853200000,0.95120000,0.95470000,0.94160000,0.95040000,7334234.50000000,1710856799999,6958100.25273000,15905,3783448.70000000,3588777.01175000,0
1710856800000,0.95020000,0.95040000,0.93140000,0.94750000,6247224.90000000,1710860399999,5878820.71328000,12673,3217095.30000000,3027666.21201000,0
1710860400000,0.94760000,0.96920000,0.93860000,0.96830000,8266505.20000000,1710863999999,7919357.04952000,17089,4159070.20000000,3985238.57411000,0
1710864000000,0.96840000,0.97320000,0.95960000,0.96580000,8510846.60000000,1710867599999,8222415.49596000,16216,4288938.20000000,4144254.67373000,0
1710867600000,0.96580000,0.97540000,0.96210000,0.96490000,6053459.70000000,1710871199999,5865229.26543000,12736,3000224.40000000,2907368.28002000,0
1710871200000,0.96470000,0.96960000,0.95550000,0.96410000,3728759.10000000,1710874799999,3588993.61692000,8089,2127599.70000000,2048061.31916000,0
1710874800000,0.96410000,0.97660000,0.96130000,0.96790000,5099427.60000000,1710878399999,4953198.99597000,9162,2184172.60000000,2120563.47317000,0
1710878400000,0.96800000,0.96950000,0.94510000,0.94830000,5689206.60000000,1710881999999,5425679.96019000,11712,2811991.70000000,2681317.04062000,0
1710882000000,0.94840000,0.96000000,0.94020000,0.95760000,4338903.10000000,1710885599999,4118083.34755000,10513,2143058.40000000,2033675.27845000,0
1710885600000,0.95750000,0.96440000,0.92390000,0.93210000,8545389.80000000,1710889199999,8055214.62190000,20695,3715747.70000000,3499312.93488000,0
1710889200000,0.93220000,0.93600000,0.91300000,0.93190000,7724974.50000000,1710892799999,7139377.73161000,18600,3509191.60000000,3244405.21434000,0
1710892800000,0.93180000,0.95330000,0.92990000,0.95290000,6538507.60000000,1710896399999,6143278.86168000,13878,3390606.60000000,3186010.79935000,0
1710896400000,0.95300000,0.95340000,0.92920000,0.93810000,5858939.20000000,1710899999999,5500568.39079000,13129,2626569.50000000,2465568.69675000,0
1710900000000,0.93810000,0.95700000,0.93420000,0.95570000,2982345.10000000,1710903599999,2830471.09429000,7759,1426688.00000000,1353194.32928000,0
1710903600000,0.95570000,0.96580000,0.93600000,0.93870000,5778329.70000000,1710907199999,5517178.75046000,14501,2984717.60000000,2850745.38208000,0
1710907200000,0.93880000,0.94850000,0.92470000,0.93400000,7447096.00000000,1710910799999,6975682.69010000,15673,3604222.50000000,3376808.71107000,0
1710910800000,0.93420000,0.93860000,0.91020000,0.93180000,8803546.60000000,1710914399999,8129340.97370000,19150,4400047.50000000,4062397.57901000,0
1710914400000,0.93160000,0.96120000,0.93130000,0.95580000,6538166.80000000,1710917999999,6207887.91315000,14558,3548741.10000000,3368565.03658000,0
1710918000000,0.95600000,0.97290000,0.95430000,0.96900000,6548999.80000000,1710921599999,6321639.47907000,12696,3066661.70000000,2959672.86404000,0
1710921600000,0.96900000,0.97360000,0.96030000,0.96100000,4239488.10000000,1710925199999,4101319.54911000,9114,2195131.10000000,2123521.39371000,0
1710925200000,0.96100000,0.97220000,0.95970000,0.96650000,5286170.90000000,1710928799999,5112037.77872000,10468,2904160.40000000,2808997.97536000,0
1710928800000,0.96650000,0.97190000,0.96150000,0.96380000,3598050.70000000,1710932399999,3475589.43412000,7705,1728728.80000000,1669662.35025000,0
1710932400000,0.96380000,0.97490000,0.96150000,0.96550000,4661858.50000000,1710935999999,4508475.49995000,11430,2268796.40000000,2194912.04469000,0
1710936000000,0.96540000,0.97470000,0.96190000,0.97200000,7491487.90000000,1710939599999,7270174.56095000,17847,3437156.00000000,3334836.05032000,0
1710939600000,0.97200000,0.97240000,0.96030000,0.96310000,5650309.30000000,1710943199999,5455021.38865000,9767,3231408.00000000,3119714.70232000,0
1710943200000,0.96320000,0.96930000,0.95830000,0.96770000,4373343.80000000,1710946799999,4216963.43045000,8867,2450642.10000000,2363364.24184000,0
1710946800000,0.96770000,0.97100000,0.94360000,0.94720000,7782568.60000000,1710950399999,7439986.00347000,15634,3805747.00000000,3640020.65984000,0
1710950400000,0.94730000,0.95010000,0.91320000,0.93480000,9960540.30000000,1710953999999,9277896.51398000,23987,4627510.50000000,4312752.18750000,0
1710954000000,0.93490000,0.95920000,0.93100000,0.94570000,7333985.10000000,1710957599999,6950446.64239000,16603,3849569.40000000,3647945.41763000,0
1710957600000,0.94580000,0.98450000,0.94580000,0.98430000,7384144.30000000,1710961199999,7123700.15601000,20882,4035699.20000000,3895819.69372000,0
1710961200000,0.98440000,0.99080000,0.97870000,0.98650000,6480610.60000000,1710964799999,6379391.42957000,17223,3300551.80000000,3249389.03202000,0
1710964800000,0.98650000,1.01770000,0.98390000,1.00780000,9678334.80000000,1710968399999,9717859.06233000,22985,5352757.00000000,5374883.55910000,0
1710968400000,1.00780000,1.01490000,1.00200000,1.01100000,3782758.80000000,1710971999999,3817357.21778000,9913,2022758.40000000,2041449.29913000,0
1710972000000,1.01110000,1.01700000,1.00660000,1.01330000,3982469.00000000,1710975599999,4027964.91848000,10655,2054411.40000000,2078185.49474000,0
1710975600000,1.01320000,1.01380000,1.00630000,1.00810000,3444282.80000000,1710979199999,3478610.28340000,7099,1565244.70000000,1581332.50240000,0
1710979200000,1.00820000,1.00820000,0.99620000,1.00180000,4990431.40000000,1710982799999,5000959.42720000,11219,2620107.30000000,2625600.61490000,0
1710982800000,1.00180000,1.00480000,0.99570000,1.00090000,3720204.50000000,1710986399999,3722466.18731000,7060,1782708.00000000,1783976.03523000,0
1710986400000,1.00100000,1.00620000,0.99740000,1.00190000,2692082.10000000,1710989999999,2698297.45597000,5795,1607372.30000000,1611081.34243000,0
1710990000000,1.00190000,1.01250000,0.99020000,0.99500000,5708819.40000000,1710993599999,5711781.76402000,11462,2500811.90000000,2502641.07857000,0
1710993600000,0.99540000,1.00040000,0.98810000,0.99100000,4297054.70000000,1710997199999,4271484.92484000,9277,2098510.40000000,2086238.34586000,0
1710997200000,0.99090000,0.99390000,0.97560000,0.99230000,3937011.20000000,1711000799999,3875200.41906000,11218,2004852.70000000,1973622.16786000,0
1711000800000,0.99230000,0.99810000,0.98850000,0.99110000,3465813.40000000,1711004399999,3440139.80632000,8422,1946059.30000000,1931628.42129000,0
1711004400000,0.99100000,0.99770000,0.98900000,0.98940000,2458701.10000000,1711007999999,2444590.14953000,5392,1333206.60000000,1325691.11941000,0
1711008000000,0.98950000,0.99970000,0.98920000,0.99510000,3177258.00000000,1711011599999,3160935.30475000,8030,1783469.70000000,1774289.09242000,0
1711011600000,0.99520000,0.99880000,0.98900000,0.99450000,2212452.40000000,1711015199999,2199547.48496000,6208,1066552.90000000,1060843.63005000,0
1711015200000,0.99450000,1.00070000,0.99260000,0.99860000,2470885.50000000,1711018799999,2464643.03619000,6681,1353447.10000000,1350072.91527000,0
1711018800000,0.99860000,1.00120000,0.99270000,0.99730000,2115845.00000000,1711022399999,2109697.62155000,5291,1109883.80000000,1106675.51887000,0
1711022400000,0.99730000,1.00600000,0.99340000,0.99820000,3355132.50000000,1711025999999,3354621.49711000,7939,1770521.60000000,1770636.29248000,0
1711026000000,0.99820000,1.00500000,0.99410000,0.99610000,3096553.60000000,1711029599999,3094873.65497000,7321,1724485.00000000,1724061.62873000,0
1711029600000,0.99600000,1.00470000,0.99380000,0.99900000,3936787.30000000,1711033199999,3937373.87304000,8207,2399428.90000000,2400425.05306000,0
1711033200000,0.99900000,1.00080000,0.98730000,0.99720000,4069212.50000000,1711036799999,4039633.58763000,11161,1664410.40000000,1652504.23483000,0
1711036800000,0.99730000,1.00810000,0.99320000,1.00750000,4037498.50000000,1711040399999,4045261.27157000,9241,2160511.00000000,2164151.56049000,0
1711040400000,1.00740000,1.01340000,0.98840000,0.99240000,5055147.90000000,1711043999999,5056304.97730000,13850,2233032.20000000,2233978.85376000,0
1711044000000,0.99240000,0.99510000,0.97130000,0.97810000,5843535.80000000,1711047599999,5728969.36363000,14139,2849621.80000000,2793514.81850000,0
1711047600000,0.97810000,0.99140000,0.97520000,0.98540000,4289282.20000000,1711051199999,4224015.01471000,7839,1888623.20000000,1859535.06143000,0
1711051200000,0.98530000,0.99670000,0.97470000,0.99160000,5031213.80000000,1711054799999,4971923.82452000,11483,2576198.00000000,2546586.30125000,0
1711054800000,0.99170000,0.99630000,0.98500000,0.99490000,2016037.60000000,1711058399999,1994287.49178000,4741,1033634.60000000,1022617.03240000,0
1711058400000,0.99490000,1.00190000,0.99360000,0.99520000,2159198.30000000,1711061999999,2154313.81837000,7292,1028191.10000000,1025753.73493000,0
1711062000000,0.99520000,0.99690000,0.98970000,0.99560000,1472028.90000000,1711065599999,1463120.99567000,5053,566984.50000000,563591.88017000,0
1711065600000,0.99560000,1.00330000,0.99140000,0.99900000,2647944.30000000,1711069199999,2641376.30789000,7423,1307724.30000000,1304505.92526000,0
1711069200000,0.99890000,0.99960000,0.98370000,0.98500000,2637984.20000000,1711072799999,2617720.22126000,6807,1131595.10000000,1123502.29430000,0
1711072800000,0.98510000,0.98950000,0.98080000,0.98880000,2161047.40000000,1711076399999,2128116.56907000,5957,1097657.90000000,1080998.70231000,0
1711076400000,0.98880000,1.01030000,0.98880000,1.00870000,4211210.70000000,1711079999999,4217759.70573000,10020,1888070.60000000,1892140.14089000,0
1711080000000,1.00870000,1.01080000,1.00140000,1.00770000,3094232.80000000,1711083599999,3114773.56722000,6471,1679328.70000000,1690660.11815000,0
1711083600000,1.00770000,1.01200000,1.00140000,1.01000000,2125881.20000000,1711087199999,2141659.12470000,5023,1194131.10000000,1203114.26755000,0
1711087200000,1.01000000,1.01310000,1.00620000,1.01110000,1985002.90000000,1711090799999,2004106.28511000,5432,1123081.80000000,1133947.97555000,0
1711090800000,1.01120000,1.01600000,1.00560000,1.01360000,3197549.90000000,1711094399999,3236228.48006000,7600,1785466.00000000,1807642.28493000,0
1711094400000,1.01360000,1.01880000,1.00580000,1.00820000,2316046.10000000,1711097999999,2345914.89574000,6587,1122899.00000000,1138013.69779000,0
1711098000000,1.00810000,1.01160000,1.00250000,1.00290000,2538060.60000000,1711101599999,2553761.56853000,4830,874615.00000000,880358.80112000,0
1711101600000,1.00290000,1.00450000,0.98300000,0.98330000,3303297.30000000,1711105199999,3278202.30262000,9167,1371066.60000000,1359677.97306000,0
1711105200000,0.98340000,0.99220000,0.98010000,0.98370000,4647240.80000000,1711108799999,4582216.01784000,9556,2358609.30000000,2325030.50698000,0
1711108800000,0.98360000,0.99160000,0.97690000,0.98810000,2623300.10000000,1711112399999,2588210.22850000,7163,1157193.10000000,1141568.51063000,0
1711112400000,0.98800000,0.99260000,0.96080000,0.96490000,6348377.50000000,1711115999999,6198846.37994000,14590,2805569.50000000,2739168.44510000,0
1711116000000,0.96480000,0.96920000,0.95260000,0.95590000,6602336.60000000,1711119599999,6339265.69947000,14826,3026641.20000000,2906562.43256000,0
1711119600000,0.95600000,0.97900000,0.95490000,0.97340000,5930176.30000000,1711123199999,5755347.94293000,13388,2848791.40000000,2765084.63236000,0
1711123200000,0.97350000,0.97370000,0.95740000,0.96190000,3740615.10000000,1711126799999,3605663.40280000,8545,1774741.10000000,1710571.29398000,0
1711126800000,0.96190000,0.97460000,0.96170000,0.97360000,2718668.00000000,1711130399999,2631433.67166000,6718,1346265.90000000,1302751.66758000,0
1711130400000,0.97350000,0.97930000,0.96860000,0.97470000,2299339.10000000,1711133999999,2240049.69419000,7144,1025584.10000000,998818.60989000,0
1711134000000,0.97460000,0.98200000,0.96910000,0.97760000,2457680.90000000,1711137599999,2398296.48755000,6885,1061781.90000000,1035882.80166000,0
1711137600000,0.97760000,0.97900000,0.96870000,0.97060000,1987140.40000000,1711141199999,1932852.44523000,5913,905678.60000000,880836.68466000,0
1711141200000,0.97070000,0.97110000,0.95440000,0.96330000,3446173.00000000,1711144799999,3317270.46120000,9038,1402161.10000000,1348837.94937000,0
1711144800000,0.96330000,0.96540000,0.95040000,0.95940000,3410243.20000000,1711148399999,3264266.60259000,8382,1603442.70000000,1535623.40917000,0
1711148400000,0.95940000,0.97320000,0.95830000,0.97320000,2220230.40000000,1711151999999,2143482.20763000,6338,1176203.40000000,1135573.45464000,0
1711152000000,0.97310000,0.97320000,0.96680000,0.96930000,2555384.60000000,1711155599999,2477882.85268000,7357,1352849.00000000,1311695.85756000,0
1711155600000,0.96930000,0.98650000,0.96860000,0.98530000,3973016.80000000,1711159199999,3896734.51223000,11278,1957130.80000000,1918620.53722000,0
1711159200000,0.98550000,0.98820000,0.97090000,0.97430000,3249717.90000000,1711162799999,3182977.06217000,7466,1661462.30000000,1626011.17497000,0
1711162800000,0.97410000,0.97450000,0.95450000,0.96360000,3287937.10000000,1711166399999,3165181.36346000,8977,1813035.80000000,1745032.53872000,0
1711166400000,0.96340000,0.97320000,0.96250000,0.96820000,2145612.10000000,1711169999999,2079895.19664000,5022,1080184.10000000,1047053.83816000,0
1711170000000,0.96820000,0.97250000,0.96570000,0.97200000,1847220.90000000,1711173599999,1791577.07448000,3719,857951.30000000,832076.64130000,0
1711173600000,0.97190000,0.97790000,0.96980000,0.97590000,2369048.70000000,1711177199999,2307511.95823000,5057,1253577.60000000,1220739.04792000,0
1711177200000,0.97580000,0.98630000,0.97510000,0.97970000,3305437.20000000,1711180799999,3243354.68593000,7510,1891229.70000000,1855329.92956000,0
1711180800000,0.97980000,0.98370000,0.97620000,0.98010000,2655897.40000000,1711184399999,2601985.44580000,5397,1348362.00000000,1320932.67273000,0
1711184400000,0.98010000,0.98110000,0.97470000,0.98100000,1889217.80000000,1711187999999,1846339.66281000,6700,907085.80000000,886626.81685000,0
1711188000000,0.98120000,0.98780000,0.98000000,0.98200000,3289010.30000000,1711191599999,3235399.38523000,7932,1686757.50000000,1659240.75317000,0
1711191600000,0.98200000,0.98740000,0.98060000,0.98570000,1926468.00000000,1711195199999,1897811.27222000,6682,1074901.00000000,1059082.56983000,0
1711195200000,0.98570000,0.99140000,0.98300000,0.98910000,2256067.60000000,1711198799999,2227107.20592000,5562,1125453.80000000,1111422.65598000,0
1711198800000,0.98900000,0.99490000,0.98570000,0.99310000,2711182.30000000,1711202399999,2684683.48127000,9577,1535744.00000000,1521033.85674000,0
1711202400000,0.99310000,1.00300000,0.98880000,1.00070000,4371486.50000000,1711205999999,4360065.02167000,12140,2189775.30000000,2184217.84598000,0
1711206000000,1.00070000,1.00220000,0.99240000,0.99850000,3507639.00000000,1711209599999,3499259.83864000,8741,1705279.10000000,1701674.21262000,0
1711209600000,0.99860000,1.00130000,0.99240000,0.99580000,2198907.00000000,1711213199999,2192943.59345000,5081,1277798.10000000,1274837.28824000,0
1711213200000,0.99580000,0.99650000,0.99180000,0.99400000,1909274.40000000,1711216799999,1898367.45986000,4636,1022227.50000000,1016369.76336000,0
1711216800000,0.99400000,0.99840000,0.99360000,0.99660000,1352749.00000000,1711220399999,1346869.35691000,4526,663691.90000000,660928.28640000,0
1711220400000,0.99670000,0.99880000,0.99200000,0.99370000,1215234.10000000,1711223999999,1209462.14698000,3911,490372.30000000,487974.45430000,0
1711224000000,0.99380000,0.99570000,0.99100000,0.99240000,1008105.10000000,1711227599999,1001004.78501000,3297,516903.80000000,513269.19037000,0
1711227600000,0.99230000,0.99600000,0.98990000,0.99270000,970190.80000000,1711231199999,962826.70060000,3126,411953.80000000,408838.50381000,0
1711231200000,0.99260000,0.99490000,0.98860000,0.99040000,1274095.90000000,1711234799999,1263759.36865000,3205,739451.90000000,733582.09421000,0
1711234800000,0.99030000,0.99130000,0.97810000,0.97920000,1654597.80000000,1711238399999,1631066.10422000,4648,680468.30000000,670813.46540000,0
1711238400000,0.97920000,0.99000000,0.97780000,0.98950000,1348507.50000000,1711241999999,1328885.50131000,3877,697638.80000000,687391.60917000,0
1711242000000,0.98940000,0.99160000,0.98380000,0.98890000,1252130.40000000,1711245599999,1236852.73308000,3189,564990.80000000,558066.86319000,0
1711245600000,0.98870000,0.99000000,0.98520000,0.98970000,1471572.80000000,1711249199999,1454281.10800000,2652,857684.00000000,847820.50936000,0
1711249200000,0.98980000,0.99000000,0.97870000,0.97990000,1447361.60000000,1711252799999,1422558.00630000,4021,650193.60000000,638779.64084000,0
1711252800000,0.98000000,0.98300000,0.97500000,0.98160000,1450008.00000000,1711256399999,1419335.01054000,3773,748620.00000000,732867.29092000,0
1711256400000,0.98180000,0.98930000,0.98010000,0.98800000,1365412.50000000,1711259999999,1344688.39745000,3454,599554.80000000,590170.04730000,0
1711260000000,0.98800000,0.98830000,0.97760000,0.98120000,1157617.10000000,1711263599999,1137680.37901000,3379,674125.70000000,662384.19701000,0
1711263600000,0.98110000,0.98770000,0.97850000,0.98750000,1018359.20000000,1711267199999,1000582.80914000,3234,535660.70000000,526272.21325000,0
1711267200000,0.98750000,0.99800000,0.98510000,0.99800000,2682987.30000000,1711270799999,2662727.46771000,5266,1518158.90000000,1506931.18386000,0
1711270800000,0.99790000,0.99800000,0.99340000,0.99610000,1551669.20000000,1711274399999,1545563.06062000,4244,697974.30000000,695220.39769000,0
1711274400000,0.99600000,1.00120000,0.99570000,0.99810000,2385777.00000000,1711277999999,2382058.55740000,5184,1208263.20000000,1206487.31319000,0
1711278000000,0.99800000,1.00270000,0.99410000,1.00120000,1600133.10000000,1711281599999,1597552.56168000,4577,799213.70000000,798225.91328000,0
1711281600000,1.00130000,1.00600000,0.99790000,1.00330000,2171121.40000000,1711285199999,2175464.16773000,5666,1164889.30000000,1167629.55954000,0
1711285200000,1.00340000,1.00600000,0.99810000,1.00050000,2830922.90000000,1711288799999,2833387.89732000,5181,1053238.10000000,1054181.51514000,0
1711288800000,1.00060000,1.01180000,0.99990000,1.00300000,3024790.80000000,1711292399999,3044525.77428000,9354,1525978.70000000,1535570.79342000,0
1711292400000,1.00300000,1.00670000,0.99770000,0.99890000,3144559.10000000,1711295999999,3146768.63263000,5845,1545121.80000000,1546303.35678000,0
1711296000000,0.99890000,1.00100000,0.99310000,0.99380000,1498142.70000000,1711299599999,1494046.73126000,4422,720031.50000000,718134.80425000,0
1711299600000,0.99380000,0.99510000,0.98310000,0.99090000,3325449.50000000,1711303199999,3287657.34533000,8147,1735242.70000000,1715893.84373000,0
1711303200000,0.99090000,1.00260000,0.98980000,0.99730000,3021570.50000000,1711306799999,3013497.65911000,6326,1365498.80000000,1361449.39170000,0
1711306800000,0.99750000,0.99970000,0.99450000,0.99770000,1783847.20000000,1711310399999,1778269.26252000,3417,685020.30000000,682955.14975000,0
1711310400000,0.99770000,1.00970000,0.99520000,1.00780000,2664513.10000000,1711313999999,2676937.59229000,5717,1598673.00000000,1606499.24839000,0
1711314000000,1.00780000,1.01170000,1.00350000,1.00610000,2848596.90000000,1711317599999,2868672.12651000,5820,1737444.60000000,1749410.08073000,0
1711317600000,1.00620000,1.01210000,1.00430000,1.01010000,2518004.80000000,1711321199999,2541146.36825000,6324,1501124.50000000,1515035.60525000,0
1711321200000,1.01010000,1.01510000,1.00980000,1.01160000,2902041.00000000,1711324799999,2938019.49152000,6259,1735338.20000000,1756878.89592000,0
1711324800000,1.01170000,1.01300000,1.00210000,1.00470000,1931371.60000000,1711328399999,1944956.01450000,5031,877327.40000000,883620.24068000,0
1711328400000,1.00450000,1.01450000,1.00370000,1.01160000,1803181.70000000,1711331999999,1824093.32712000,4343,898999.70000000,909257.35795000,0
1711332000000,1.01160000,1.01670000,1.00790000,1.01500000,1708341.70000000,1711335599999,1730639.43100000,3984,728838.90000000,738075.20739000,0
1711335600000,1.01500000,1.01930000,1.01260000,1.01710000,1663571.00000000,1711339199999,1689947.43715000,4004,915200.80000000,929793.14241000,0
1711339200000,1.01700000,1.02190000,1.01090000,1.02180000,2466576.50000000,1711342799999,2507973.44149000,5051,1443741.10000000,1468362.25205000,0
1711342800000,1.02190000,1.02520000,1.01930000,1.02290000,2554302.60000000,1711346399999,2611213.81673000,5584,1349776.00000000,1379524.67729000,0
1711346400000,1.02300000,1.02330000,1.01540000,1.01810000,1732131.70000000,1711349999999,1765119.13420000,4251,827067.80000000,842850.90133000,0
1711350000000,1.01810000,1.02210000,1.01410000,1.01850000,5856778.80000000,1711353599999,5962043.11060000,7950,3070257.10000000,3125174.73291000,0
1711353600000,1.01860000,1.02950000,1.01850000,1.02420000,5340109.30000000,1711357199999,5473614.07293000,9214,3165960.60000000,3245278.76944000,0
1711357200000,1.02400000,1.02970000,1.01890000,1.02940000,2328790.80000000,1711360799999,2383444.95407000,5071,1309824.20000000,1340829.82759000,0
1711360800000,1.02940000,1.03280000,1.02440000,1.03190000,3235460.70000000,1711364399999,3328947.69908000,6795,1514356.90000000,1558712.80282000,0
1711364400000,1.03190000,1.03270000,1.01850000,1.01990000,2113780.30000000,1711367999999,2163386.03278000,6124,1013634.90000000,1037324.55680000,0
1711368000000,1.01970000,1.02320000,1.01850000,1.01970000,2083937.90000000,1711371599999,2127441.59160000,5370,1083385.50000000,1106079.63072000,0
1711371600000,1.01960000,1.02730000,1.01220000,1.02710000,2954569.30000000,1711375199999,3006467.86871000,10626,1499119.00000000,1526097.13703000,0
1711375200000,1.02710000,1.04560000,1.02020000,1.04480000,7725586.60000000,1711378799999,7994171.43080000,20624,4413812.90000000,4569355.43662000,0
1711378800000,1.04480000,1.05240000,1.03880000,1.05080000,5552634.40000000,1711382399999,5811926.91794000,16948,2982244.00000000,3121659.15084000,0
1711382400000,1.05080000,1.05500000,1.04570000,1.05330000,4603489.70000000,1711385999999,4840531.02069000,12426,2775440.50000000,2918949.84068000,0
1711386000000,1.05320000,1.06090000,1.05010000,1.05460000,5561446.60000000,1711389599999,5875877.47901000,14355,3313855.00000000,3502223.71650000,0
1711389600000,1.05470000,1.05610000,1.04780000,1.05310000,2786545.70000000,1711393199999,2931552.07567000,7990,1339824.60000000,1409835.51034000,0
1711393200000,1.05300000,1.05870000,1.04750000,1.05840000,3389181.70000000,1711396799999,3572204.38836000,7422,2117103.70000000,2232351.89050000,0
1711396800000,1.05840000,1.06000000,1.05160000,1.05610000,2603621.50000000,1711400399999,2747318.36490000,8622,1389434.30000000,1466547.76968000,0
1711400400000,1.05610000,1.05620000,1.03820000,1.04540000,4460541.80000000,1711403999999,4676478.74727000,16005,2245950.50000000,2354588.68255000,0
1711404000000,1.04550000,1.05420000,1.04550000,1.05110000,1841482.70000000,1711407599999,1935009.14527000,6333,903771.30000000,949625.92579000,0
1711407600000,1.05110000,1.05280000,1.04120000,1.04560000,2008091.70000000,1711411199999,2102319.79129000,5860,895260.20000000,937929.28214000,0
1711411200000,1.04560000,1.05480000,1.04360000,1.04880000,2082417.00000000,1711414799999,2184385.99714000,6049,920445.40000000,966207.02886000,0
1711414800000,1.04890000,1.05550000,1.04690000,1.05510000,1786448.30000000,1711418399999,1880684.93904000,4632,856145.80000000,901335.23898000,0
1711418400000,1.05520000,1.06050000,1.05150000,1.06030000,2499251.20000000,1711421999999,2640936.94257000,5737,1418286.50000000,1498772.45750000,0
1711422000000,1.06030000,1.06180000,1.05590000,1.05940000,1818748.80000000,1711425599999,1926696.91203000,4784,1045489.70000000,1107446.96278000,0
1711425600000,1.05950000,1.06590000,1.05750000,1.06580000,1383395.50000000,1711429199999,1468198.23810000,4762,838257.50000000,889852.52227000,0
1711429200000,1.06580000,1.06830000,1.06190000,1.06520000,1910594.30000000,1711432799999,2036325.25105000,5579,960663.10000000,1023965.71599000,0
1711432800000,1.06520000,1.07500000,1.06310000,1.07390000,4915912.50000000,1711436399999,5254640.88813000,8539,3034797.60000000,3244026.87504000,0
1711436400000,1.07410000,1.07750000,1.06340000,1.06560000,7990898.00000000,1711439999999,8579635.03811000,13019,3916848.30000000,4205716.45192000,0
1711440000000,1.06560000,1.06960000,1.06100000,1.06810000,2257037.20000000,1711443599999,2405967.63079000,6252,1123574.50000000,1197685.67175000,0
1711443600000,1.06820000,1.06980000,1.06490000,1.06870000,1703548.40000000,1711447199999,1818680.18513000,4228,842350.70000000,899189.62597000,0
1711447200000,1.06870000,1.06970000,1.06360000,1.06780000,1963027.80000000,1711450799999,2094169.49905000,5125,878152.80000000,936967.09223000,0
1711450800000,1.06790000,1.06870000,1.06210000,1.06260000,2778918.30000000,1711454399999,2963064.17072000,6012,1582096.70000000,1687178.28547000,0
1711454400000,1.06250000,1.06710000,1.05150000,1.06290000,4812424.40000000,1711457999999,5109041.80505000,9798,2163585.90000000,2298126.64708000,0
1711458000000,1.06290000,1.06430000,1.04840000,1.05260000,5564682.40000000,1711461599999,5878299.33158000,10724,2887616.00000000,3050923.25876000,0
1711461600000,1.05260000,1.05510000,1.02000000,1.04880000,8584062.90000000,1711465199999,8943534.47294000,22750,3976825.50000000,4144738.13508000,0
1711465200000,1.04880000,1.04970000,1.03460000,1.04500000,4265516.90000000,1711468799999,4439095.56274000,9757,2218004.70000000,2308596.90799000,0
1711468800000,1.04500000,1.04960000,1.02580000,1.02990000,5686313.70000000,1711472399999,5883138.09885000,14860,2744619.60000000,2839547.74614000,0
1711472400000,1.02960000,1.04260000,1.02750000,1.03910000,3802342.70000000,1711475999999,3936344.61502000,10273,2195126.70000000,2273278.21359000,0
1711476000000,1.03920000,1.04600000,1.03890000,1.03940000,2566946.10000000,1711479599999,2677237.27439000,6794,1354311.40000000,1412316.77430000,0
1711479600000,1.03940000,1.04100000,1.03210000,1.03400000,2699553.60000000,1711483199999,2796577.52059000,7909,1278276.90000000,1324106.04996000,0
1711483200000,1.03400000,1.04330000,1.03400000,1.04170000,2317286.60000000,1711486799999,2410253.70383000,6114,1190279.10000000,1237974.68606000,0
1711486800000,1.04160000,1.04840000,1.04110000,1.04630000,1944250.00000000,1711490399999,2031883.77208000,5113,1102157.60000000,1152027.85487000,0
1711490400000,1.04630000,1.04840000,1.03710000,1.04830000,2333444.60000000,1711493999999,2434404.76969000,5975,1349128.10000000,1407827.85703000,0
1711494000000,1.04830000,1.05060000,1.04470000,1.04600000,1557841.80000000,1711497599999,1632188.63095000,4282,809897.70000000,848605.89094000,0
1711497600000,1.04610000,1.05300000,1.04150000,1.05290000,2125358.20000000,1711501199999,2227362.12272000,5344,1017699.30000000,1066441.84752000,0
1711501200000,1.05280000,1.05720000,1.05160000,1.05220000,3014599.90000000,1711504799999,3178941.70236000,7395,1510926.90000000,1593201.84189000,0
1711504800000,1.05220000,1.05610000,1.04890000,1.05600000,1230362.80000000,1711508399999,1294418.25191000,3794,735746.00000000,774011.68691000,0
1711508400000,1.05610000,1.05660000,1.04680000,1.04810000,1429055.20000000,1711511999999,1502447.01243000,3830,701270.40000000,737343.44378000,0
1711512000000,1.04820000,1.05090000,1.04240000,1.04530000,1455337.30000000,1711515599999,1523965.53070000,4227,677937.50000000,710012.52774000,0
1711515600000,1.04520000,1.04730000,1.04160000,1.04530000,1723363.70000000,1711519199999,1799303.71450000,4105,949613.70000000,991660.18404000,0
1711519200000,1.04530000,1.04680000,1.03910000,1.04310000,2155328.30000000,1711522799999,2247583.44408000,5503,1142835.50000000,1191631.18851000,0
1711522800000,1.04310000,1.04360000,1.02420000,1.02660000,4418695.60000000,1711526399999,4566509.99022000,10975,2033943.30000000,2101521.56311000,0
1711526400000,1.02670000,1.03470000,1.01940000,1.02070000,2984145.10000000,1711529999999,3065359.49959000,8377,1460940.90000000,1500999.46532000,0
1711530000000,1.02060000,1.03060000,1.01370000,1.02950000,3489914.90000000,1711533599999,3567817.02216000,9470,1775414.30000000,1814493.33641000,0
1711533600000,1.02960000,1.03470000,1.02720000,1.03360000,3410209.00000000,1711537199999,3515985.18011000,7759,1875313.90000000,1933695.26672000,0
1711537200000,1.03370000,1.04140000,1.02990000,1.04040000,5022585.90000000,1711540799999,5202481.57309000,9933,2865947.50000000,2968521.54606000,0
1711540800000,1.04030000,1.06850000,1.03690000,1.05880000,10887665.40000000,1711544399999,11431930.75297000,29410,5866055.00000000,6156382.68501000,0
1711544400000,1.05880000,1.08700000,1.03450000,1.04510000,19672649.50000000,1711547999999,20929673.63826000,52954,9598052.10000000,10215631.86018000,0
1711548000000,1.04540000,1.04800000,1.01690000,1.04480000,14236018.40000000,1711551599999,14743761.77944000,34268,7216892.00000000,7479321.45585000,0
1711551600000,1.04490000,1.04570000,1.02080000,1.02150000,9049913.00000000,1711555199999,9335390.89532000,21247,4403319.60000000,4541776.09451000,0
1711555200000,1.02160000,1.03230000,1.01620000,1.02870000,7599915.50000000,1711558799999,7785229.31387000,16744,3999607.30000000,4097042.26933000,0
1711558800000,1.02840000,1.03360000,1.02220000,1.02540000,2899571.20000000,1711562399999,2985226.53937000,6973,1448617.20000000,1491503.28208000,0
1711562400000,1.02540000,1.02580000,1.00010000,1.00120000,11195899.60000000,1711565999999,11320007.45863000,23232,5411760.50000000,5473317.73012000,0
1711566000000,1.00120000,1.01300000,1.00110000,1.00910000,4400712.10000000,1711569599999,4437904.58023000,7281,2487989.50000000,2509067.34041000,0
1711569600000,1.00900000,1.01420000,1.00680000,1.01050000,2675487.60000000,1711573199999,2703650.81872000,6151,1389713.80000000,1404113.71780000,0
1711573200000,1.01050000,1.01750000,1.00940000,1.01000000,2264493.90000000,1711576799999,2295812.20804000,5949,1163738.80000000,1179869.12393000,0
1711576800000,1.00990000,1.01560000,1.00970000,1.01520000,1827918.80000000,1711580399999,1852285.46400000,4381,979906.80000000,993070.28263000,0
1711580400000,1.01520000,1.01520000,1.00440000,1.00870000,2546429.30000000,1711583999999,2568149.04675000,5722,1224716.40000000,1235183.09859000,0
1711584000000,1.00870000,1.01580000,1.00590000,1.01300000,2827719.70000000,1711587599999,2858966.52755000,7018,1692466.10000000,1711191.44550000,0
1711587600000,1.01300000,1.01360000,1.00000000,1.00530000,3060788.30000000,1711591199999,3078419.73914000,7166,1659491.10000000,1669313.80639000,0
1711591200000,1.00530000,1.01140000,0.99830000,1.00280000,3054046.70000000,1711594799999,3069204.63339000,6985,1553418.10000000,1562129.68868000,0
1711594800000,1.00280000,1.00640000,0.99590000,1.00500000,2572911.70000000,1711598399999,2575942.78199000,6504,1289439.00000000,1290827.62389000,0
1711598400000,1.00490000,1.01190000,1.00370000,1.01070000,1637070.90000000,1711601999999,1651872.31266000,4225,901729.30000000,909853.38260000,0
1711602000000,1.01070000,1.01270000,1.00440000,1.01020000,2068105.50000000,1711605599999,2086085.42333000,5125,1114907.80000000,1124567.20090000,0
1711605600000,1.01030000,1.01980000,1.00670000,1.01970000,2586017.50000000,1711609199999,2624678.49058000,6402,1497215.20000000,1519362.19576000,0
1711609200000,1.01970000,1.02340000,1.01760000,1.02270000,2268911.80000000,1711612799999,2315753.97462000,5575,1170012.90000000,1194202.43239000,0
1711612800000,1.02260000,1.02490000,1.01970000,1.02240000,2641314.90000000,1711616399999,2700040.25901000,5474,1407000.90000000,1437980.49503000,0
1711616400000,1.02240000,1.02610000,1.01550000,1.01960000,4272231.10000000,1711619999999,4354420.15508000,9800,2127516.20000000,2168062.06473000,0
1711620000000,1.01950000,1.01990000,1.01220000,1.01510000,2631918.90000000,1711623599999,2672234.08949000,5883,1500099.40000000,1523005.22683000,0
1711623600000,1.01510000,1.01700000,1.00950000,1.01540000,5290532.80000000,1711627199999,5360102.85275000,8912,3652630.00000000,3700894.04785000,0
1711627200000,1.01550000,1.01690000,1.00340000,1.01060000,3614916.70000000,1711630799999,3651557.89589000,8730,2081844.00000000,2103812.90691000,0
1711630800000,1.01050000,1.01600000,1.00260000,1.01270000,3152815.90000000,1711634399999,3185903.80179000,7808,1724488.80000000,1742996.03142000,0
1711634400000,1.01260000,1.02100000,1.00870000,1.01990000,3592127.70000000,1711637999999,3648631.63143000,9528,1805044.70000000,1833599.86189000,0
1711638000000,1.01980000,1.02010000,1.01010000,1.01470000,3062062.30000000,1711641599999,3103814.93245000,6861,1544740.20000000,1565603.41694000,0
1711641600000,1.01470000,1.01510000,1.00100000,1.00390000,3639616.90000000,1711645199999,3666189.17042000,9159,1857001.00000000,1870516.32604000,0
1711645200000,1.00390000,1.00540000,1.00030000,1.00190000,2308198.00000000,1711648799999,2314443.33682000,5819,1322089.80000000,1325826.43284000,0
1711648800000,1.00190000,1.00440000,0.99920000,0.99980000,3018298.30000000,1711652399999,3023134.75673000,5691,1513502.70000000,1516363.24309000,0
1711652400000,0.99980000,1.00480000,0.99950000,1.00290000,2706338.40000000,1711655999999,2713011.97130000,5745,1744911.00000000,1748910.96759000,0
1711656000000,1.00290000,1.00410000,0.99950000,1.00290000,2118736.10000000,1711659599999,2121500.36132000,4555,1088251.20000000,1089698.78949000,0
1711659600000,1.00290000,1.00650000,1.00220000,1.00370000,1764429.30000000,1711663199999,1772665.16328000,3893,1101931.50000000,1107132.36518000,0
1711663200000,1.00350000,1.00630000,0.99780000,1.00620000,1980223.70000000,1711666799999,1982836.82731000,5483,1036740.90000000,1038142.34048000,0
1711666800000,1.00620000,1.00770000,1.00100000,1.00210000,3030358.70000000,1711670399999,3045032.53679000,4953,1375593.40000000,1382134.17770000,0
1711670400000,1.00210000,1.00240000,0.99860000,1.00200000,1813351.60000000,1711673999999,1813595.17669000,4702,942219.30000000,942312.89290000,0
1711674000000,1.00190000,1.00620000,0.99990000,1.00150000,1590127.40000000,1711677599999,1595332.79533000,3740,837393.50000000,840106.35728000,0
1711677600000,1.00150000,1.00160000,0.98600000,0.99590000,5840765.90000000,1711681199999,5797175.06284000,14522,2699353.60000000,2678240.57942000,0
1711681200000,0.99640000,0.99860000,0.99090000,0.99640000,1889605.10000000,1711684799999,1880810.53527000,4103,898392.30000000,894221.62732000,0
1711684800000,0.99640000,1.00180000,0.99070000,0.99390000,2401073.00000000,1711688399999,2391554.76781000,5355,1097873.00000000,1093616.51325000,0
1711688400000,0.99380000,0.99840000,0.99140000,0.99440000,1455389.40000000,1711691999999,1446815.51951000,3489,707035.00000000,702798.56173000,0
1711692000000,0.99440000,0.99810000,0.98810000,0.99660000,1817202.50000000,1711695599999,1806240.99506000,4715,989435.50000000,983531.72914000,0
1711695600000,0.99660000,0.99810000,0.97960000,0.98250000,2986258.10000000,1711699199999,2946825.31852000,8371,1380829.40000000,1363378.74426000,0
1711699200000,0.98250000,0.99270000,0.98170000,0.99060000,2091211.90000000,1711702799999,2064942.95872000,5793,1143504.40000000,1129214.30593000,0
1711702800000,0.99050000,0.99310000,0.98440000,0.98820000,1509451.10000000,1711706399999,1493078.36007000,5462,816496.30000000,807682.45795000,0
1711706400000,0.98830000,0.99550000,0.98470000,0.99410000,2200107.40000000,1711709999999,2179114.25468000,5133,1283216.60000000,1271475.57696000,0
1711710000000,0.99410000,0.99880000,0.99300000,0.99700000,2492837.60000000,1711713599999,2481996.92235000,5808,1374375.10000000,1368698.41201000,0
1711713600000,0.99700000,0.99950000,0.99280000,0.99760000,2417187.60000000,1711717199999,2409371.81426000,5769,1379330.20000000,1374783.52505000,0
1711717200000,0.99760000,1.00130000,0.99170000,0.99940000,3642673.70000000,1711720799999,3628340.68796000,7234,1642105.30000000,1636475.09973000,0
1711720800000,0.99940000,1.00630000,0.99890000,1.00100000,3360478.70000000,1711724399999,3369938.96355000,7917,1996711.70000000,2002232.36847000,0
1711724400000,1.00100000,1.00360000,0.97930000,0.98520000,5821934.70000000,1711727999999,5760640.03000000,15011,2874215.20000000,2843428.34515000,0
1711728000000,0.98530000,0.99250000,0.98370000,0.98470000,4096298.70000000,1711731599999,4046259.90589000,9774,2143514.60000000,2116657.02840000,0
1711731600000,0.98470000,0.99040000,0.98180000,0.98630000,2170219.10000000,1711735199999,2140822.98114000,6148,1109544.00000000,1094496.34306000,0
1711735200000,0.98640000,0.98890000,0.98340000,0.98540000,1498042.80000000,1711738799999,1477117.94231000,4725,856683.20000000,844600.56803000,0
1711738800000,0.98540000,0.98750000,0.98210000,0.98750000,1492033.30000000,1711742399999,1468498.87090000,4217,819134.30000000,806335.72200000,0
1711742400000,0.98760000,0.98780000,0.98420000,0.98620000,744760.80000000,1711745999999,734219.36839000,3109,367887.60000000,362661.72726000,0
1711746000000,0.98630000,0.98690000,0.97640000,0.98060000,2943944.20000000,1711749599999,2886856.49807000,6185,1458131.00000000,1429933.40292000,0
1711749600000,0.98060000,0.98990000,0.98050000,0.98960000,1719906.40000000,1711753199999,1694791.91896000,4864,982470.40000000,968392.72409000,0
1711753200000,0.98950000,0.99210000,0.98860000,0.99070000,1157112.50000000,1711756799999,1146229.38352000,3413,612637.80000000,606864.14831000,0
1711756800000,0.99070000,0.99250000,0.98620000,0.99200000,1969215.40000000,1711760399999,1946431.65197000,5278,1035566.00000000,1023498.29218000,0
1711760400000,0.99200000,0.99690000,0.99000000,0.99440000,2685991.80000000,1711763999999,2669323.52799000,8776,1563487.60000000,1553756.60602000,0
1711764000000,0.99440000,0.99510000,0.98920000,0.99070000,1192788.60000000,1711767599999,1182773.38802000,3235,629118.80000000,623865.38131000,0
1711767600000,0.99090000,0.99360000,0.98700000,0.98770000,1299885.70000000,1711771199999,1287053.41051000,3281,709029.20000000,702216.73652000,0
1711771200000,0.98760000,0.99500000,0.98700000,0.99460000,951504.20000000,1711774799999,942499.19383000,3227,579800.10000000,574269.01813000,0
1711774800000,0.99470000,1.00400000,0.99300000,0.99350000,17974837.30000000,1711778399999,17956804.22484000,25741,9272499.00000000,9267988.54625000,0
1711778400000,0.99350000,0.99430000,0.98290000,0.98740000,9471888.60000000,1711781999999,9364324.54393000,16020,4367308.00000000,4316908.09311000,0
1711782000000,0.98740000,0.99290000,0.98570000,0.98770000,2325508.20000000,1711785599999,2302139.05066000,4463,1231243.70000000,1218685.53049000,0
1711785600000,0.98760000,0.99310000,0.98530000,0.99040000,1486119.00000000,1711789199999,1470546.10884000,4136,684791.10000000,677644.04839000,0
1711789200000,0.99030000,0.99440000,0.98940000,0.99300000,1678146.90000000,1711792799999,1664068.22410000,3630,736272.00000000,730085.07713000,0
1711792800000,0.99310000,0.99560000,0.98960000,0.99440000,1261858.10000000,1711796399999,1252782.21199000,3108,654972.10000000,650338.29862000,0
1711796400000,0.99440000,0.99990000,0.99440000,0.99960000,1674983.30000000,1711799999999,1671362.47670000,3941,811132.40000000,809254.78252000,0
1711800000000,0.99980000,1.00150000,0.99750000,0.99890000,2018309.70000000,1711803599999,2016748.96633000,4196,893259.20000000,892733.59774000,0
1711803600000,0.99890000,0.99900000,0.99170000,0.99520000,2007269.30000000,1711807199999,1997470.09814000,4819,1069278.60000000,1064160.19238000,0
1711807200000,0.99520000,0.99800000,0.99240000,0.99490000,1427430.00000000,1711810799999,1420541.03440000,5092,683164.50000000,679805.25300000,0
1711810800000,0.99490000,0.99730000,0.99050000,0.99310000,1285361.40000000,1711814399999,1277250.74117000,3640,517784.30000000,514468.89749000,0
1711814400000,0.99300000,0.99670000,0.98880000,0.99410000,2026973.50000000,1711817999999,2012220.28459000,4957,1206824.60000000,1197453.05477000,0
1711818000000,0.99410000,0.99450000,0.99060000,0.99420000,1120829.80000000,1711821599999,1112680.89321000,2980,514235.40000000,510516.49244000,0
1711821600000,0.99420000,0.99420000,0.98840000,0.98920000,1254357.00000000,1711825199999,1243994.33705000,3355,402292.20000000,399182.11550000,0
1711825200000,0.98910000,0.98920000,0.98010000,0.98890000,2747426.30000000,1711828799999,2706107.48602000,6529,1433318.10000000,1411906.60101000,0
1711828800000,0.98890000,0.99020000,0.98570000,0.98580000,1137686.80000000,1711832399999,1123855.91661000,2977,473062.40000000,467440.64003000,0
1711832400000,0.98600000,0.98690000,0.97950000,0.98190000,1481725.60000000,1711835999999,1456023.94821000,4093,694200.10000000,682077.51345000,0
1711836000000,0.98180000,0.98440000,0.97860000,0.98050000,1230775.10000000,1711839599999,1207054.38320000,3530,619827.70000000,607896.10084000,0
1711839600000,0.98040000,0.98250000,0.97510000,0.97950000,1520619.20000000,1711843199999,1488428.25705000,4846,731039.20000000,715484.94814000,0
1711843200000,0.97960000,0.98310000,0.97690000,0.98030000,2047752.90000000,1711846799999,2008200.28018000,4647,849330.80000000,832645.70428000,0
1711846800000,0.98030000,0.98500000,0.97960000,0.98320000,1069999.00000000,1711850399999,1051597.78275000,3185,592059.10000000,581882.47028000,0
1711850400000,0.98300000,0.98750000,0.98140000,0.98440000,905262.00000000,1711853999999,891290.67889000,2919,498466.70000000,490700.36414000,0
1711854000000,0.98440000,0.98450000,0.97850000,0.98180000,1149784.00000000,1711857599999,1128565.38632000,3056,525444.60000000,515702.79083000,0
1711857600000,0.98180000,0.98650000,0.97950000,0.98600000,871930.50000000,1711861199999,857165.12412000,2774,425355.30000000,418048.77287000,0
1711861200000,0.98600000,0.99740000,0.98520000,0.99700000,2365839.80000000,1711864799999,2347454.26460000,5803,1250329.90000000,1240470.82393000,0
1711864800000,0.99700000,0.99880000,0.99390000,0.99640000,1345732.20000000,1711868399999,1341404.96816000,3766,755948.60000000,753580.11528000,0
1711868400000,0.99660000,0.99730000,0.99340000,0.99620000,1539629.10000000,1711871999999,1533132.29161000,3940,604392.30000000,601645.22482000,0
1711872000000,0.99640000,0.99960000,0.99590000,0.99590000,1248934.00000000,1711875599999,1245963.75544000,3435,761059.20000000,759307.88232000,0
1711875600000,0.99580000,0.99630000,0.99280000,0.99380000,982348.30000000,1711879199999,977334.79385000,2770,479465.50000000,477057.78512000,0
1711879200000,0.99380000,0.99670000,0.99360000,0.99470000,793324.40000000,1711882799999,789544.59030000,2535,377103.50000000,375321.52259000,0
1711882800000,0.99460000,0.99780000,0.99450000,0.99700000,883525.30000000,1711886399999,880145.58033000,3382,513329.20000000,511329.04675000,0
1711886400000,0.99700000,0.99930000,0.99480000,0.99660000,1209219.50000000,1711889999999,1205873.06665000,2885,602567.10000000,600947.85820000,0
1711890000000,0.99650000,0.99950000,0.99560000,0.99620000,1414386.30000000,1711893599999,1411068.40881000,3323,695430.60000000,693807.60461000,0
1711893600000,0.99630000,0.99870000,0.99390000,0.99840000,1531043.60000000,1711897199999,1525505.67014000,4201,821878.10000000,818998.88341000,0
1711897200000,0.99840000,1.00280000,0.99720000,0.99860000,2058325.00000000,1711900799999,2058256.32909000,6284,1238915.70000000,1239027.62975000,0
1711900800000,0.99860000,1.00270000,0.99770000,0.99890000,1278129.90000000,1711904399999,1278193.89018000,3160,696373.10000000,696442.77347000,0
1711904400000,0.99880000,1.00040000,0.99700000,0.99830000,976176.30000000,1711907999999,974952.40294000,2435,360777.20000000,360353.38202000,0
1711908000000,0.99830000,1.00240000,0.99520000,0.99770000,1777345.40000000,1711911599999,1774699.85119000,3896,777731.40000000,776734.56592000,0
1711911600000,0.99780000,1.00140000,0.99380000,1.00060000,1448802.10000000,1711915199999,1447485.15377000,3975,695115.00000000,694303.37618000,0
1711915200000,1.00070000,1.00280000,0.99720000,1.00040000,1212460.20000000,1711918799999,1213046.19887000,3231,642021.00000000,642239.96676000,0
1711918800000,1.00040000,1.00230000,0.99700000,0.99800000,1081416.60000000,1711922399999,1080844.93145000,3075,518607.30000000,518317.29209000,0
1711922400000,0.99810000,1.00140000,0.99810000,1.00040000,1371186.80000000,1711925999999,1371173.40231000,3139,743646.00000000,743544.91131000,0
1711926000000,1.00040000,1.00400000,0.99980000,1.00330000,1371886.00000000,1711929599999,1374917.64937000,3289,786599.70000000,788312.44356000,0
