1714521600000,0.66720000,0.66990000,0.66190000,0.66430000,2337310.90000000,1714525199999,1556796.78999000,4243,1059212.20000000,705568.68267000,0
1714525200000,0.66430000,0.66950000,0.66060000,0.66820000,3133804.70000000,1714528799999,2087363.75982000,4316,1525774.80000000,1016263.49013000,0
1714528800000,0.66810000,0.66890000,0.65950000,0.66830000,2710398.20000000,1714532399999,1802542.67553000,3884,1372183.20000000,912510.56086000,0
1714532400000,0.66830000,0.67060000,0.66580000,0.66950000,1533727.30000000,1714535999999,1025050.52585000,2159,784850.40000000,524601.49683000,0
1714536000000,0.66960000,0.67540000,0.66900000,0.67420000,1709300.20000000,1714539599999,1149443.94604000,2648,867454.80000000,583317.01808000,0
1714539600000,0.67420000,0.67590000,0.67020000,0.67180000,1622500.10000000,1714543199999,1091034.96387000,2691,672878.90000000,452455.20381000,0
1714543200000,0.67170000,0.67240000,0.66130000,0.66240000,1880795.40000000,1714546799999,1253751.17126000,3170,840825.60000000,560525.89769000,0
1714546800000,0.66230000,0.66320000,0.64000000,0.64710000,17255511.20000000,1714550399999,11190517.12659000,22267,8249858.70000000,5350014.92729000,0
1714550400000,0.64720000,0.64950000,0.63220000,0.64310000,10208247.20000000,1714553999999,6518023.06646000,13993,4755515.90000000,3035321.12197000,0
1714554000000,0.64310000,0.65170000,0.64180000,0.64920000,4287652.30000000,1714557599999,2779583.21157000,6264,1958185.30000000,1269241.17727000,0
1714557600000,0.64920000,0.65430000,0.64700000,0.65260000,3290273.30000000,1714561199999,2139852.36970000,4469,1653411.60000000,1075465.79539000,0
1714561200000,0.65260000,0.65900000,0.65090000,0.65900000,2207920.10000000,1714564799999,1443201.95873000,3778,1143653.00000000,747734.52563000,0
1714564800000,0.65880000,0.67140000,0.65760000,0.67040000,4272826.00000000,1714568399999,2840885.02151000,7426,2270302.20000000,1509488.82380000,0
1714568400000,0.67060000,0.67970000,0.66760000,0.66990000,8180894.60000000,1714571999999,5514844.66178000,13037,4512755.90000000,3043343.37585000,0
1714572000000,0.67000000,0.67390000,0.66620000,0.67320000,4057769.90000000,1714575599999,2720939.49629000,8082,1802934.00000000,1208993.09658000,0
1714575600000,0.67340000,0.67370000,0.66470000,0.67100000,2546271.40000000,1714579199999,1704693.68796000,4642,1260130.10000000,843614.90033000,0
1714579200000,0.67090000,0.67410000,0.66370000,0.66490000,2718280.40000000,1714582799999,1819180.11819000,4672,1243948.10000000,832270.75160000,0
1714582800000,0.66470000,0.67760000,0.66160000,0.67500000,3655027.40000000,1714586399999,2442021.52002000,5622,1531054.30000000,1022981.72194000,0
1714586400000,0.67510000,0.69770000,0.67510000,0.69390000,8177432.40000000,1714589999999,5620900.11348000,15433,4148852.30000000,2850173.76306000,0
1714590000000,0.69400000,0.69740000,0.67270000,0.67650000,6478795.30000000,1714593599999,4412791.29650000,11925,2941551.70000000,2001587.22915000,0
1714593600000,0.67680000,0.68400000,0.67310000,0.68260000,2207247.90000000,1714597199999,1500412.76027000,3943,1142688.30000000,776827.53402000,0
1714597200000,0.68280000,0.68840000,0.68040000,0.68680000,1803648.60000000,1714600799999,1235619.78110000,3107,949292.30000000,650537.49245000,0
1714600800000,0.68690000,0.69060000,0.68680000,0.68850000,1270280.70000000,1714604399999,875013.64816000,2290,648418.70000000,446636.87541000,0
1714604400000,0.68850000,0.69390000,0.68710000,0.69190000,1421399.90000000,1714607999999,981641.49202000,2590,796055.00000000,549618.67854000,0
1714608000000,0.69190000,0.69290000,0.68290000,0.68360000,1686988.70000000,1714611599999,1160790.84088000,3568,772472.10000000,531546.10657000,0
1714611600000,0.68350000,0.68640000,0.67300000,0.68010000,2357054.00000000,1714615199999,1602465.10258000,4772,1173044.40000000,797598.66713000,0
1714615200000,0.68020000,0.68360000,0.67820000,0.68050000,1319475.70000000,1714618799999,898176.71387000,2337,635633.50000000,432674.63696000,0
1714618800000,0.68070000,0.68800000,0.68030000,0.68580000,1102096.00000000,1714622399999,754799.67563000,2202,494961.80000000,338882.72549000,0
1714622400000,0.68570000,0.68960000,0.68430000,0.68590000,1009124.30000000,1714625999999,693387.39966000,2273,466559.70000000,320714.04377000,0
1714626000000,0.68590000,0.68780000,0.68140000,0.68730000,760842.00000000,1714629599999,520959.50028000,1872,377013.50000000,258185.90254000,0
1714629600000,0.68730000,0.69220000,0.68640000,0.68970000,1118454.20000000,1714633199999,771486.03985000,2959,604226.20000000,416797.31796000,0
1714633200000,0.68960000,0.69590000,0.68960000,0.69180000,2026202.00000000,1714636799999,1405541.88562000,3520,1038094.20000000,720249.73818000,0
1714636800000,0.69180000,0.69610000,0.69080000,0.69590000,1311268.10000000,1714640399999,910201.84770000,2926,784883.60000000,544769.10928000,0
1714640400000,0.69600000,0.70000000,0.69580000,0.69920000,1347221.40000000,1714643999999,940397.18112000,3149,754726.40000000,526860.88676000,0
1714644000000,0.69920000,0.70980000,0.69830000,0.70760000,3433743.20000000,1714647599999,2419058.68028000,6810,1841175.80000000,1297459.06273000,0
1714647600000,0.70750000,0.71660000,0.70750000,0.71530000,3919146.10000000,1714651199999,2795490.75948000,6481,2041573.90000000,1456169.81692000,0
1714651200000,0.71530000,0.71920000,0.71090000,0.71170000,4551941.80000000,1714654799999,3253737.43766000,8315,2112482.00000000,1510042.95589000,0
1714654800000,0.71160000,0.71410000,0.70450000,0.70710000,2579329.90000000,1714658399999,1830653.69797000,5463,1309405.90000000,929492.44889000,0
1714658400000,0.70710000,0.71420000,0.70520000,0.71300000,2864426.10000000,1714661999999,2033633.53429000,4937,1434093.20000000,1018240.69519000,0
1714662000000,0.71290000,0.71690000,0.71140000,0.71380000,2399774.60000000,1714665599999,1713894.79865000,4466,1323090.20000000,945031.89232000,0
1714665600000,0.71380000,0.71760000,0.71100000,0.71270000,2131456.30000000,1714669199999,1523738.07740000,4071,1108665.70000000,792477.66710000,0
1714669200000,0.71290000,0.71630000,0.71240000,0.71580000,868333.70000000,1714672799999,620523.94893000,2043,417150.10000000,298111.33525000,0
1714672800000,0.71600000,0.72400000,0.71230000,0.71880000,2381025.40000000,1714676399999,1709854.98031000,5127,1282510.90000000,921745.11117000,0
1714676400000,0.71890000,0.72110000,0.71590000,0.72020000,862903.70000000,1714679999999,619903.80728000,1853,432897.00000000,311031.93055000,0
1714680000000,0.72030000,0.72240000,0.71500000,0.72120000,1988737.80000000,1714683599999,1430494.37800000,2971,940444.10000000,676434.99600000,0
1714683600000,0.72120000,0.72570000,0.72050000,0.72180000,1488073.70000000,1714687199999,1075995.33105000,3166,794113.20000000,574192.98685000,0
1714687200000,0.72180000,0.72650000,0.72120000,0.72360000,1115959.90000000,1714690799999,808120.62160000,2476,592817.10000000,429305.84078000,0
1714690800000,0.72360000,0.72390000,0.71870000,0.72050000,2606921.00000000,1714694399999,1880218.22481000,3349,1243789.60000000,897068.33668000,0
1714694400000,0.72060000,0.72600000,0.72040000,0.72470000,1175462.70000000,1714697999999,850347.81709000,2128,713905.00000000,516461.29883000,0
1714698000000,0.72460000,0.72950000,0.72390000,0.72720000,2168464.10000000,1714701599999,1576283.80944000,3736,1345075.30000000,977841.60213000,0
1714701600000,0.72710000,0.73180000,0.72270000,0.72370000,1645635.10000000,1714705199999,1196233.74736000,3340,736966.10000000,535904.66813000,0
1714705200000,0.72380000,0.72710000,0.72140000,0.72220000,935245.60000000,1714708799999,677183.37334000,1846,466989.90000000,338082.16369000,0
1714708800000,0.72220000,0.72350000,0.71700000,0.71900000,1937361.00000000,1714712399999,1394699.30298000,3356,815975.20000000,587383.51147000,0
1714712400000,0.71900000,0.72030000,0.71710000,0.71790000,846617.10000000,1714715999999,608318.59207000,1985,483367.20000000,347353.41768000,0
1714716000000,0.71780000,0.71910000,0.71600000,0.71640000,1030502.10000000,1714719599999,739355.43637000,2195,477855.60000000,342920.53953000,0
1714719600000,0.71640000,0.72020000,0.71450000,0.71630000,1838049.60000000,1714723199999,1318553.56351000,3253,996807.80000000,714977.66168000,0
1714723200000,0.71640000,0.71950000,0.71630000,0.71770000,773823.90000000,1714726799999,555440.84544000,1524,354310.20000000,254251.63589000,0
1714726800000,0.71780000,0.72590000,0.71730000,0.72330000,895483.70000000,1714730399999,646599.24864000,2061,529085.30000000,382039.04447000,0
1714730400000,0.72340000,0.72340000,0.71450000,0.71890000,1351428.90000000,1714733999999,971045.14141000,2807,673940.10000000,484136.98681000,0
1714734000000,0.71890000,0.72470000,0.71700000,0.72320000,1912888.70000000,1714737599999,1379894.60001000,3395,1020775.70000000,736435.02887000,0
1714737600000,0.72310000,0.73350000,0.72150000,0.72990000,4671690.30000000,1714741199999,3401357.07597000,7763,2404942.80000000,1751644.68021000,0
1714741200000,0.73000000,0.73410000,0.72850000,0.73260000,3581166.10000000,1714744799999,2619361.26691000,5672,1944012.20000000,1421938.98256000,0
1714744800000,0.73270000,0.73400000,0.72720000,0.72960000,3964401.30000000,1714748399999,2896159.37132000,5773,1735637.60000000,1268145.90834000,0
1714748400000,0.72960000,0.73180000,0.72510000,0.73050000,1697164.70000000,1714751999999,1236772.82235000,3676,906052.60000000,660188.50662000,0
1714752000000,0.73050000,0.73300000,0.72790000,0.72870000,1628926.70000000,1714755599999,1190734.68383000,2980,783972.50000000,573199.54315000,0
1714755600000,0.72870000,0.73330000,0.72650000,0.73230000,1496727.10000000,1714759199999,1092516.83263000,3698,658584.20000000,480682.91731000,0
1714759200000,0.73220000,0.73390000,0.73020000,0.73120000,930031.70000000,1714762799999,680821.45032000,1905,339884.00000000,248756.52341000,0
1714762800000,0.73120000,0.73510000,0.72930000,0.73470000,1737878.70000000,1714766399999,1273264.82486000,2614,1063349.90000000,779356.33569000,0
1714766400000,0.73450000,0.74160000,0.73280000,0.73780000,2419269.20000000,1714769999999,1783961.86934000,4660,1387888.10000000,1022990.73648000,0
1714770000000,0.73800000,0.73920000,0.73290000,0.73600000,1266655.10000000,1714773599999,931566.36281000,2539,630414.80000000,463712.86318000,0
1714773600000,0.73600000,0.73650000,0.73360000,0.73390000,1068859.40000000,1714777199999,784943.75769000,1694,530454.40000000,389585.49222000,0
1714777200000,0.73390000,0.73730000,0.73190000,0.73220000,1609814.20000000,1714780799999,1182023.23460000,2369,932734.40000000,685069.33583000,0
1714780800000,0.73220000,0.73590000,0.72940000,0.73190000,1371390.40000000,1714784399999,1003531.37912000,3148,692506.80000000,506890.65381000,0
1714784400000,0.73180000,0.73470000,0.72910000,0.72950000,1156316.70000000,1714787999999,845783.88527000,2056,516908.70000000,378144.09769000,0
1714788000000,0.72940000,0.72980000,0.72590000,0.72850000,1543345.20000000,1714791599999,1123255.67284000,2558,767871.00000000,558923.06090000,0
1714791600000,0.72850000,0.72950000,0.72660000,0.72830000,693922.10000000,1714795199999,505302.59524000,1274,363615.00000000,264776.20039000,0
1714795200000,0.72830000,0.73040000,0.72640000,0.72920000,1008996.30000000,1714798799999,735281.36758000,1554,570129.60000000,415580.53669000,0
1714798800000,0.72920000,0.72920000,0.72480000,0.72770000,1028701.00000000,1714802399999,747252.49972000,1749,514272.70000000,373597.81144000,0
1714802400000,0.72780000,0.72780000,0.72410000,0.72520000,890382.10000000,1714805999999,645760.77754000,1605,456219.70000000,330886.87560000,0
1714806000000,0.72520000,0.72700000,0.72380000,0.72490000,864181.00000000,1714809599999,626960.15711000,1514,378884.50000000,274892.23004000,0
1714809600000,0.72480000,0.72730000,0.72450000,0.72630000,967416.40000000,1714813199999,702322.87288000,1656,414645.80000000,301069.27812000,0
1714813200000,0.72620000,0.72810000,0.72520000,0.72590000,1055126.10000000,1714816799999,766660.38594000,1803,554955.10000000,403306.88382000,0
1714816800000,0.72590000,0.73780000,0.72490000,0.73770000,2261465.50000000,1714820399999,1652073.63260000,4901,1480964.10000000,1081566.02347000,0
1714820400000,0.73780000,0.73780000,0.72800000,0.73030000,2738413.20000000,1714823999999,2008970.61735000,4249,1236040.90000000,907096.70292000,0
1714824000000,0.73020000,0.73670000,0.72890000,0.73660000,1448911.60000000,1714827599999,1061821.19355000,2680,860553.70000000,630495.48491000,0
1714827600000,0.73660000,0.73800000,0.72940000,0.73400000,1491713.40000000,1714831199999,1094130.89695000,2858,626158.30000000,459334.32973000,0
1714831200000,0.73390000,0.73420000,0.73040000,0.73310000,784228.50000000,1714834799999,574375.70254000,1598,363342.10000000,266174.92133000,0
1714834800000,0.73310000,0.73710000,0.73280000,0.73690000,1068634.80000000,1714838399999,785404.36955000,1970,616675.60000000,453363.25062000,0
1714838400000,0.73690000,0.73720000,0.73290000,0.73530000,1292632.80000000,1714841999999,950337.05198000,2143,528109.20000000,388215.67136000,0
1714842000000,0.73530000,0.73570000,0.73070000,0.73220000,917889.50000000,1714845599999,673087.06218000,2209,471818.90000000,346063.66553000,0
1714845600000,0.73210000,0.73430000,0.73150000,0.73220000,564822.80000000,1714849199999,413932.14716000,1220,325007.20000000,238182.33711000,0
1714849200000,0.73220000,0.73560000,0.73060000,0.73530000,744182.00000000,1714852799999,545179.17246000,1337,383551.20000000,280890.34660000,0
1714852800000,0.73540000,0.74210000,0.73450000,0.73450000,2547932.90000000,1714856399999,1881600.67418000,3760,1447013.90000000,1068447.90153000,0
1714856400000,0.73450000,0.73470000,0.72800000,0.73150000,1183349.40000000,1714859999999,865984.03803000,2705,558671.80000000,408679.90211000,0
1714860000000,0.73150000,0.73180000,0.72770000,0.72830000,826905.70000000,1714863599999,603498.66547000,1503,384154.50000000,280347.64958000,0
1714863600000,0.72830000,0.73070000,0.72810000,0.72930000,493276.90000000,1714867199999,359853.73831000,1021,365452.20000000,266597.91729000,0
1714867200000,0.72930000,0.73000000,0.72230000,0.72860000,2044242.10000000,1714870799999,1484592.98887000,3739,931949.50000000,676523.49128000,0
1714870800000,0.72850000,0.72960000,0.71910000,0.72460000,2842655.10000000,1714874399999,2056218.48903000,4291,1354176.20000000,979581.23929000,0
1714874400000,0.72450000,0.72630000,0.72270000,0.72280000,705416.80000000,1714877999999,511393.04161000,1189,327982.90000000,237825.94896000,0
1714878000000,0.72290000,0.72500000,0.71990000,0.72470000,1133163.50000000,1714881599999,819065.69393000,1571,611041.80000000,441748.49561000,0
1714881600000,0.72460000,0.72560000,0.72180000,0.72200000,457055.00000000,1714885199999,330786.57580000,1019,207419.20000000,150128.72213000,0
1714885200000,0.72210000,0.72340000,0.71910000,0.71950000,845100.80000000,1714888799999,609643.23099000,1183,376970.70000000,272016.85840000,0
1714888800000,0.71940000,0.72210000,0.71880000,0.72120000,616832.00000000,1714892399999,444821.92617000,1103,393380.80000000,283683.72791000,0
1714892400000,0.72120000,0.72750000,0.72050000,0.72450000,1143743.50000000,1714895999999,828607.57391000,1848,690256.40000000,500005.35690000,0
1714896000000,0.72450000,0.73310000,0.72380000,0.73110000,1461494.30000000,1714899599999,1064355.93262000,2726,762512.90000000,555278.85057000,0
1714899600000,0.73110000,0.73180000,0.72730000,0.73030000,798881.60000000,1714903199999,582896.16227000,1479,440630.10000000,321493.18854000,0
1714903200000,0.73030000,0.73230000,0.72870000,0.73150000,959445.70000000,1714906799999,700888.39613000,1569,436044.50000000,318551.57448000,0
1714906800000,0.73150000,0.73530000,0.72990000,0.73290000,1216216.70000000,1714910399999,891977.52026000,2176,567393.60000000,416181.29473000,0
1714910400000,0.73290000,0.73500000,0.73110000,0.73140000,1390172.10000000,1714913999999,1019157.69761000,1778,726019.80000000,532258.14636000,0
1714914000000,0.73140000,0.73550000,0.72860000,0.73130000,1420220.50000000,1714917599999,1039293.22508000,2203,720875.40000000,527508.40291000,0
1714917600000,0.73120000,0.73580000,0.72660000,0.73500000,1436295.30000000,1714921199999,1048363.70475000,2522,842744.00000000,615338.02920000,0
1714921200000,0.73510000,0.74100000,0.73250000,0.73840000,3408179.70000000,1714924799999,2513261.47300000,5184,1639175.20000000,1208945.84809000,0
1714924800000,0.73840000,0.74110000,0.73540000,0.73620000,1539983.00000000,1714928399999,1138142.96786000,2929,753735.80000000,556962.37482000,0
1714928400000,0.73620000,0.73860000,0.73470000,0.73520000,990228.20000000,1714931999999,729343.96351000,1927,631932.50000000,465428.60515000,0
1714932000000,0.73510000,0.73530000,0.72860000,0.73220000,1163721.20000000,1714935599999,851568.05101000,2419,560984.50000000,410428.52584000,0
1714935600000,0.73220000,0.73390000,0.73090000,0.73140000,885523.70000000,1714939199999,648616.43447000,2225,354820.20000000,259892.50202000,0
1714939200000,0.73130000,0.73390000,0.73080000,0.73320000,880420.10000000,1714942799999,644951.72500000,1794,438104.80000000,320905.78011000,0
1714942800000,0.73320000,0.73320000,0.72960000,0.73290000,922980.70000000,1714946399999,675349.96348000,2135,370890.70000000,271333.37834000,0
1714946400000,0.73290000,0.73320000,0.72940000,0.73170000,586197.30000000,1714949999999,428714.00108000,1227,330468.80000000,241722.73835000,0
1714950000000,0.73170000,0.73490000,0.73170000,0.73360000,528213.70000000,1714953599999,387434.85478000,1456,293826.80000000,215495.68713000,0
1714953600000,0.73370000,0.73860000,0.73300000,0.73710000,948877.60000000,1714957199999,698389.90466000,2719,368552.80000000,271239.63272000,0
1714957200000,0.73700000,0.74000000,0.73380000,0.73400000,1103499.60000000,1714960799999,813275.99217000,2673,441610.70000000,325688.29629000,0
1714960800000,0.73400000,0.73620000,0.73070000,0.73070000,553421.90000000,1714964399999,406201.06097000,1709,257079.80000000,188672.70341000,0
1714964400000,0.73070000,0.73240000,0.72720000,0.73170000,912112.30000000,1714967999999,665680.50881000,2457,406732.80000000,296856.19397000,0
1714968000000,0.73160000,0.73390000,0.72870000,0.73390000,820721.20000000,1714971599999,599753.55109000,1697,475459.20000000,347515.72594000,0
1714971600000,0.73390000,0.74050000,0.73320000,0.74000000,1562147.80000000,1714975199999,1153108.37392000,3776,692814.30000000,511575.13454000,0
1714975200000,0.74000000,0.74500000,0.73850000,0.74080000,1721946.90000000,1714978799999,1277845.75362000,4984,892033.30000000,661857.80539000,0
1714978800000,0.74080000,0.75670000,0.74070000,0.75290000,5275402.70000000,1714982399999,3961184.54314000,11802,2930224.70000000,2197867.89216000,0
1714982400000,0.75280000,0.77690000,0.75170000,0.77670000,9505657.40000000,1714985999999,7300875.28955000,19828,4742099.30000000,3638013.68758000,0
1714986000000,0.77670000,0.77780000,0.77100000,0.77690000,3935434.90000000,1714989599999,3051635.69400000,8532,1756892.70000000,1362051.82271000,0
1714989600000,0.77690000,0.77760000,0.75220000,0.75500000,7897629.00000000,1714993199999,6042433.80625000,14273,3372186.30000000,2576458.97391000,0
1714993200000,0.75490000,0.76080000,0.74540000,0.74810000,6956008.40000000,1714996799999,5227444.03469000,9234,3038353.70000000,2283049.09048000,0
1714996800000,0.74810000,0.74950000,0.72880000,0.73490000,5547158.50000000,1715000399999,4096527.22738000,10740,2839415.50000000,2096879.14333000,0
1715000400000,0.73480000,0.74020000,0.73250000,0.73760000,3254460.10000000,1715003999999,2397720.79570000,5977,1903985.20000000,1402956.78207000,0
1715004000000,0.73770000,0.74110000,0.72610000,0.72660000,3283679.40000000,1715007599999,2412859.67009000,5452,1574539.40000000,1158159.91289000,0
1715007600000,0.72660000,0.72930000,0.72000000,0.72720000,7116342.80000000,1715011199999,5157135.32280000,9859,3338134.90000000,2419143.90427000,0
1715011200000,0.72720000,0.72900000,0.71520000,0.71710000,6098571.60000000,1715014799999,4394730.27089000,9020,2803252.50000000,2020120.16240000,0
1715014800000,0.71700000,0.72210000,0.71430000,0.71720000,3167091.40000000,1715018399999,2275189.20806000,5297,1765874.30000000,1268419.09871000,0
1715018400000,0.71690000,0.72090000,0.71480000,0.72030000,1423302.00000000,1715021999999,1022152.08009000,2637,791933.30000000,568721.56441000,0
1715022000000,0.72030000,0.72030000,0.71030000,0.71640000,1979451.10000000,1715025599999,1414152.64115000,4006,856926.70000000,612045.27110000,0
1715025600000,0.71630000,0.72000000,0.71540000,0.71960000,1324051.10000000,1715029199999,950516.32743000,2291,791028.20000000,567902.50841000,0
1715029200000,0.71950000,0.72100000,0.71790000,0.71870000,953865.60000000,1715032799999,685969.07934000,1910,468770.20000000,337169.66554000,0
1715032800000,0.71870000,0.71890000,0.71290000,0.71430000,1959021.60000000,1715036399999,1400883.65542000,2796,1042611.90000000,745343.99113000,0
1715036400000,0.71430000,0.71490000,0.70930000,0.70990000,1424885.50000000,1715039999999,1013702.21347000,2699,569195.00000000,405012.93113000,0
1715040000000,0.70990000,0.71310000,0.70510000,0.70990000,2328101.40000000,1715043599999,1651204.53496000,4560,1203538.70000000,853673.19566000,0
1715043600000,0.70960000,0.71480000,0.70830000,0.71480000,2265687.70000000,1715047199999,1613106.74271000,2904,1100939.00000000,784231.60132000,0
1715047200000,0.71480000,0.71510000,0.71130000,0.71340000,1844093.40000000,1715050799999,1314137.71480000,2614,837396.40000000,596710.89795000,0
1715050800000,0.71350000,0.71430000,0.69620000,0.70340000,7064655.20000000,1715054399999,4969055.97688000,11568,3212597.30000000,2260084.44887000,0
1715054400000,0.70340000,0.70580000,0.70230000,0.70510000,1331713.90000000,1715057999999,938021.49484000,2364,649488.10000000,457458.99301000,0
1715058000000,0.70510000,0.70600000,0.69980000,0.70330000,1896111.10000000,1715061599999,1333736.64476000,3660,865787.90000000,609154.63665000,0
1715061600000,0.70320000,0.70460000,0.69790000,0.70100000,2070678.20000000,1715065199999,1450060.91182000,4054,911572.40000000,638311.81357000,0
1715065200000,0.70090000,0.70550000,0.69970000,0.70350000,1667940.30000000,1715068799999,1173511.18536000,3020,795263.80000000,559500.97667000,0
1715068800000,0.70350000,0.71590000,0.70210000,0.71470000,3742097.10000000,1715072399999,2658946.76439000,6092,1910063.50000000,1357347.95785000,0
1715072400000,0.71470000,0.71880000,0.71430000,0.71540000,2237119.40000000,1715075999999,1604358.65529000,3548,1115803.70000000,800203.53822000,0
1715076000000,0.71540000,0.71710000,0.71040000,0.71440000,1604900.10000000,1715079599999,1144944.23997000,3409,819154.10000000,584379.24252000,0
1715079600000,0.71440000,0.71640000,0.70510000,0.70580000,2950250.70000000,1715083199999,2097756.60598000,4073,1130723.20000000,804381.80462000,0
1715083200000,0.70570000,0.71130000,0.70570000,0.71020000,2301127.60000000,1715086799999,1629828.37795000,2708,1357343.60000000,961234.76341000,0
1715086800000,0.71030000,0.71090000,0.70190000,0.70480000,2352482.10000000,1715090399999,1664378.55872000,3830,1040340.00000000,735952.38281000,0
1715090400000,0.70480000,0.71400000,0.70190000,0.71360000,2354420.00000000,1715093999999,1665265.61294000,3590,1213252.90000000,858165.65036000,0
1715094000000,0.71360000,0.71750000,0.70870000,0.70950000,2549800.00000000,1715097599999,1816874.20203000,3629,1287333.80000000,917353.56269000,0
1715097600000,0.70950000,0.71170000,0.70520000,0.70800000,899806.60000000,1715101199999,637061.93647000,1952,470471.30000000,333085.28594000,0
1715101200000,0.70800000,0.70920000,0.70530000,0.70830000,1389043.10000000,1715104799999,982980.59298000,1995,594987.30000000,421021.51028000,0
1715104800000,0.70820000,0.70830000,0.70010000,0.70690000,1927870.10000000,1715108399999,1357485.59238000,3546,941728.60000000,662916.68524000,0
1715108400000,0.70690000,0.70770000,0.70370000,0.70440000,1087708.50000000,1715111999999,767014.12857000,1630,441944.60000000,311670.72573000,0
1715112000000,0.70440000,0.70730000,0.70280000,0.70500000,1251547.20000000,1715115599999,882714.38147000,1865,584982.60000000,412520.93569000,0
1715115600000,0.70490000,0.70950000,0.69970000,0.70290000,2495167.80000000,1715119199999,1755701.58736000,4567,980984.00000000,690764.39810000,0
1715119200000,0.70290000,0.70420000,0.69670000,0.69880000,1893311.80000000,1715122799999,1325708.30156000,3511,930633.80000000,651547.95007000,0
1715122800000,0.69870000,0.69920000,0.68930000,0.69290000,4643765.80000000,1715126399999,3218096.40930000,7769,2288268.00000000,1585646.55229000,0
1715126400000,0.69290000,0.69530000,0.68080000,0.69110000,3706220.70000000,1715129999999,2550154.26642000,7136,1715349.70000000,1180374.95534000,0
1715130000000,0.69110000,0.69400000,0.68780000,0.68960000,1207300.00000000,1715133599999,833333.86871000,2328,561031.10000000,387183.92294000,0
1715133600000,0.68990000,0.69390000,0.68940000,0.69260000,633268.60000000,1715137199999,438059.81752000,1428,338179.40000000,233891.79286000,0
1715137200000,0.69270000,0.69490000,0.69000000,0.69260000,616467.10000000,1715140799999,426888.99592000,1340,276837.70000000,191707.96794000,0
1715140800000,0.69270000,0.69400000,0.68300000,0.68610000,1223793.20000000,1715144399999,842459.42894000,2832,595596.60000000,410040.12046000,0
1715144400000,0.68620000,0.68930000,0.68270000,0.68760000,867698.70000000,1715147999999,595406.83579000,1802,439714.80000000,301776.20925000,0
1715148000000,0.68760000,0.68930000,0.68020000,0.68550000,2370417.20000000,1715151599999,1621349.68770000,4142,1197938.80000000,819591.00070000,0
1715151600000,0.68550000,0.68760000,0.67260000,0.67550000,13112987.20000000,1715155199999,8879271.22329000,14571,6566518.30000000,4443634.96760000,0
1715155200000,0.67550000,0.68030000,0.67280000,0.67930000,2986337.80000000,1715158799999,2021133.88394000,4355,1484394.40000000,1004495.78642000,0
1715158800000,0.67930000,0.68020000,0.67230000,0.67850000,2649876.10000000,1715162399999,1791249.62854000,3826,1479720.30000000,1000236.94532000,0
1715162400000,0.67860000,0.68100000,0.67770000,0.67920000,1507098.60000000,1715165999999,1023658.34283000,2325,903121.90000000,613495.17899000,0
1715166000000,0.67910000,0.67970000,0.67350000,0.67610000,2462852.20000000,1715169599999,1664699.56220000,3259,1236995.50000000,836341.67313000,0
1715169600000,0.67610000,0.67970000,0.67260000,0.67720000,2171534.20000000,1715173199999,1467613.82499000,3205,1215882.10000000,821727.60256000,0
1715173200000,0.67720000,0.68780000,0.67460000,0.68700000,3242701.30000000,1715176799999,2206714.72500000,4670,1713280.20000000,1166545.32500000,0
1715176800000,0.68690000,0.69140000,0.68160000,0.68970000,3185497.90000000,1715180399999,2191024.40951000,4761,1995597.50000000,1373018.32694000,0
1715180400000,0.68960000,0.69120000,0.68100000,0.68940000,3078786.00000000,1715183999999,2113441.08840000,4688,1447655.30000000,993499.43963000,0
1715184000000,0.68950000,0.69000000,0.68360000,0.68930000,1340645.90000000,1715187599999,921474.36347000,2345,697809.00000000,479643.91259000,0
1715187600000,0.68910000,0.69390000,0.68600000,0.68860000,1864203.20000000,1715191199999,1286770.07600000,3088,1101517.50000000,760297.69765000,0
1715191200000,0.68860000,0.69390000,0.68770000,0.69000000,799474.40000000,1715194799999,552641.74878000,1651,379191.40000000,262186.44033000,0
1715194800000,0.68990000,0.69150000,0.68280000,0.68570000,1899303.10000000,1715198399999,1305092.12309000,3176,852651.90000000,585854.45442000,0
1715198400000,0.68570000,0.68830000,0.67300000,0.67780000,4720889.40000000,1715201999999,3199915.50947000,7225,2351927.40000000,1594105.54339000,0
1715202000000,0.67780000,0.68340000,0.67560000,0.68160000,1645913.40000000,1715205599999,1118954.65880000,2867,785642.00000000,533994.42979000,0
1715205600000,0.68160000,0.68330000,0.67780000,0.68180000,1429429.60000000,1715209199999,973014.82210000,2203,697529.50000000,474896.10142000,0
1715209200000,0.68180000,0.68360000,0.67920000,0.68100000,1334380.00000000,1715212799999,909117.14529000,1811,630674.70000000,429667.83694000,0
1715212800000,0.68100000,0.68630000,0.68070000,0.68500000,1196727.00000000,1715216399999,818071.29258000,2209,651981.30000000,445620.69998000,0
1715216400000,0.68500000,0.68940000,0.68470000,0.68780000,1698182.50000000,1715219999999,1167361.81317000,2571,897026.60000000,616584.15828000,0
1715220000000,0.68790000,0.69020000,0.68660000,0.68860000,972586.80000000,1715223599999,669882.86338000,1703,519123.00000000,357568.11545000,0
1715223600000,0.68860000,0.68900000,0.68490000,0.68840000,949703.40000000,1715227199999,652797.81235000,1675,440610.10000000,302823.96530000,0
1715227200000,0.68840000,0.68990000,0.68510000,0.68570000,1127892.40000000,1715230799999,774873.82467000,1615,477407.20000000,328112.32868000,0
1715230800000,0.68560000,0.68950000,0.68540000,0.68790000,819607.10000000,1715234399999,563721.89642000,1371,482526.30000000,331915.23053000,0
1715234400000,0.68780000,0.69050000,0.68580000,0.68700000,787814.60000000,1715237999999,542270.11358000,1528,349178.70000000,240421.38819000,0
1715238000000,0.68680000,0.68740000,0.67980000,0.68260000,2117050.00000000,1715241599999,1446263.08246000,2514,1014007.90000000,692723.58668000,0
1715241600000,0.68260000,0.68460000,0.68050000,0.68380000,1037793.50000000,1715245199999,708870.31312000,1666,523724.00000000,357743.30744000,0
1715245200000,0.68380000,0.68440000,0.67590000,0.68070000,2379436.70000000,1715248799999,1618492.38478000,3472,1085185.30000000,737724.87449000,0
1715248800000,0.68070000,0.68090000,0.67290000,0.67300000,1854396.70000000,1715252399999,1253589.20617000,2847,816126.00000000,551828.87181000,0
1715252400000,0.67310000,0.68170000,0.67140000,0.68110000,1991593.50000000,1715255999999,1347292.23600000,3094,1101776.00000000,745330.26375000,0
1715256000000,0.68120000,0.68590000,0.68030000,0.68180000,1708520.80000000,1715259599999,1165899.33105000,2837,747162.00000000,509822.63775000,0
1715259600000,0.68180000,0.68300000,0.67500000,0.67910000,1573049.90000000,1715263199999,1068760.22820000,2661,789769.30000000,536387.69954000,0
1715263200000,0.67910000,0.68250000,0.67590000,0.68160000,1794529.20000000,1715266799999,1220161.76569000,2707,957787.10000000,651289.48606000,0
1715266800000,0.68160000,0.68920000,0.68000000,0.68570000,2541031.60000000,1715270399999,1742452.87304000,4176,1494688.70000000,1024828.83763000,0
1715270400000,0.68560000,0.68950000,0.68200000,0.68260000,2950433.10000000,1715273999999,2025995.24886000,3797,1433191.20000000,984200.99012000,0
1715274000000,0.68260000,0.68610000,0.68130000,0.68520000,1628039.40000000,1715277599999,1114106.16965000,2250,896124.90000000,613229.95802000,0
1715277600000,0.68510000,0.68990000,0.68480000,0.68970000,1615018.40000000,1715281199999,1110832.02147000,2419,869727.20000000,598242.72751000,0
1715281200000,0.68970000,0.69210000,0.68870000,0.69170000,1243706.20000000,1715284799999,858958.22084000,2080,624573.20000000,431432.20649000,0
1715284800000,0.69170000,0.69350000,0.68950000,0.69090000,856327.20000000,1715288399999,591728.62677000,1751,450001.30000000,310951.24377000,0
1715288400000,0.69080000,0.69290000,0.68910000,0.69040000,1069014.00000000,1715291999999,738228.85469000,1568,579800.70000000,400320.11772000,0
1715292000000,0.69050000,0.69890000,0.68970000,0.69700000,2116935.20000000,1715295599999,1470664.82352000,3324,1163615.40000000,808312.72747000,0
1715295600000,0.69690000,0.69730000,0.69180000,0.69440000,1662716.90000000,1715299199999,1153982.72362000,2586,823312.80000000,571444.99280000,0
1715299200000,0.69440000,0.69490000,0.69110000,0.69250000,1033057.90000000,1715302799999,716113.00243000,1578,494993.50000000,343191.28675000,0
1715302800000,0.69250000,0.69690000,0.69120000,0.69550000,1214564.20000000,1715306399999,843181.71270000,1845,558100.40000000,387545.01203000,0
1715306400000,0.69550000,0.69560000,0.69350000,0.69460000,948632.50000000,1715309999999,658920.65295000,1443,465282.10000000,323168.64843000,0
1715310000000,0.69450000,0.69550000,0.69370000,0.69530000,745738.60000000,1715313599999,517841.36580000,1248,397759.90000000,276165.64985000,0
1715313600000,0.69530000,0.69840000,0.69520000,0.69690000,1194261.60000000,1715317199999,832374.05677000,1628,607421.70000000,423321.25415000,0
1715317200000,0.69700000,0.69820000,0.69460000,0.69700000,710179.00000000,1715320799999,494655.04993000,1208,288323.70000000,200797.28623000,0
1715320800000,0.69690000,0.70140000,0.69550000,0.70030000,1021199.60000000,1715324399999,713094.89620000,2025,615062.60000000,429448.47933000,0
1715324400000,0.70050000,0.70190000,0.69820000,0.70070000,2263000.40000000,1715327999999,1585265.31233000,2914,1153886.40000000,808340.63688000,0
1715328000000,0.70070000,0.70080000,0.69680000,0.69880000,1510032.20000000,1715331599999,1054838.28757000,2326,668843.70000000,467177.49723000,0
1715331600000,0.69880000,0.69880000,0.69690000,0.69830000,609257.20000000,1715335199999,425138.74443000,1194,346519.70000000,241781.15590000,0
1715335200000,0.69810000,0.69950000,0.69640000,0.69910000,783225.40000000,1715338799999,546859.38597000,1450,424283.30000000,296263.79757000,0
1715338800000,0.69910000,0.69970000,0.69550000,0.69880000,1315877.50000000,1715342399999,917735.47089000,2200,589241.00000000,410886.83730000,0
1715342400000,0.69880000,0.70020000,0.69380000,0.69540000,1330070.00000000,1715345999999,926714.83734000,2524,629752.80000000,438852.35799000,0
1715346000000,0.69530000,0.69790000,0.69360000,0.69590000,1292979.40000000,1715349599999,899080.31548000,2246,557678.90000000,387871.28510000,0
1715349600000,0.69590000,0.69710000,0.67060000,0.67400000,11060845.10000000,1715353199999,7522763.15829000,15912,5067814.90000000,3445522.52936000,0
1715353200000,0.67430000,0.67780000,0.66980000,0.67370000,5482416.20000000,1715356799999,3691029.49999000,8290,2729609.10000000,1837698.10931000,0
1715356800000,0.67350000,0.67590000,0.66410000,0.67320000,5720966.40000000,1715360399999,3836099.35275000,10121,2953332.80000000,1980874.73053000,0
1715360400000,0.67300000,0.67400000,0.66560000,0.66960000,2658731.10000000,1715363999999,1777904.88243000,4198,1186530.20000000,793266.78740000,0
1715364000000,0.66960000,0.67290000,0.66690000,0.67270000,1447417.10000000,1715367599999,969772.69187000,2427,724056.30000000,485164.68459000,0
1715367600000,0.67270000,0.67380000,0.66800000,0.66990000,1164274.50000000,1715371199999,780555.80954000,1916,683904.80000000,458548.34928000,0
1715371200000,0.66990000,0.67220000,0.66430000,0.66900000,2082618.90000000,1715374799999,1390924.31157000,3833,1014023.30000000,677176.51691000,0
1715374800000,0.66890000,0.67160000,0.66770000,0.67030000,905705.40000000,1715378399999,606464.95260000,1660,465423.30000000,311656.43552000,0
1715378400000,0.67030000,0.67180000,0.66670000,0.66990000,1725097.00000000,1715381999999,1153568.90463000,2633,931550.70000000,622926.79639000,0
1715382000000,0.66970000,0.67310000,0.66970000,0.67210000,691832.80000000,1715385599999,464767.37565000,1271,373546.10000000,250925.61840000,0
1715385600000,0.67210000,0.67690000,0.67140000,0.67660000,1524939.40000000,1715389199999,1028213.57206000,2344,851700.40000000,574079.85647000,0
1715389200000,0.67670000,0.68720000,0.67660000,0.68140000,2915902.30000000,1715392799999,1989916.47992000,5273,1613345.30000000,1100881.66203000,0
1715392800000,0.68150000,0.68620000,0.67910000,0.68620000,1396416.40000000,1715396399999,953245.01260000,2870,672099.40000000,458919.32717000,0
1715396400000,0.68610000,0.68680000,0.67890000,0.68310000,3642301.10000000,1715399999999,2487016.46077000,4095,1838043.50000000,1254472.96293000,0
1715400000000,0.68320000,0.68420000,0.68090000,0.68090000,839122.10000000,1715403599999,572412.69935000,1245,446944.00000000,304890.79620000,0
1715403600000,0.68090000,0.68410000,0.68060000,0.68130000,619123.40000000,1715407199999,422112.59928000,1329,269045.50000000,183458.31811000,0
1715407200000,0.68120000,0.68350000,0.68000000,0.68170000,611689.10000000,1715410799999,417028.65682000,1330,297182.90000000,202604.66065000,0
1715410800000,0.68180000,0.68530000,0.68100000,0.68340000,721613.20000000,1715414399999,492567.07021000,1662,364549.30000000,248891.59805000,0
1715414400000,0.68350000,0.68370000,0.67860000,0.68000000,974063.30000000,1715417999999,662803.45333000,1796,458872.60000000,312173.54959000,0
1715418000000,0.68010000,0.68200000,0.67850000,0.68140000,596357.60000000,1715421599999,405726.52707000,1370,305019.60000000,207528.89948000,0
1715421600000,0.68140000,0.68250000,0.67830000,0.68240000,819073.50000000,1715425199999,557777.49898000,1713,331762.00000000,225932.21630000,0
1715425200000,0.68240000,0.68590000,0.67780000,0.68350000,1504337.60000000,1715428799999,1026758.07986000,2919,637508.00000000,435139.26088000,0
1715428800000,0.68350000,0.68530000,0.68060000,0.68440000,1495903.90000000,1715432399999,1021879.71700000,2183,1012355.60000000,691575.94724000,0
1715432400000,0.68440000,0.68540000,0.68080000,0.68370000,3900706.10000000,1715435999999,2663236.14253000,5367,2000411.40000000,1366533.79382000,0
1715436000000,0.68380000,0.68400000,0.68090000,0.68240000,1007122.70000000,1715439599999,687298.87431000,1552,592396.30000000,404291.82197000,0
1715439600000,0.68240000,0.68820000,0.68050000,0.68320000,2068725.80000000,1715443199999,1415236.77605000,3213,1210770.20000000,828629.73208000,0
1715443200000,0.68320000,0.68560000,0.68200000,0.68320000,1056721.30000000,1715446799999,722801.22801000,1805,454871.70000000,311155.90869000,0
1715446800000,0.68340000,0.68550000,0.68190000,0.68440000,433487.10000000,1715450399999,296575.05279000,1106,240110.10000000,164280.74464000,0
1715450400000,0.68450000,0.68550000,0.68250000,0.68360000,853222.40000000,1715453999999,583919.49708000,1421,513763.30000000,351678.34332000,0
1715454000000,0.68380000,0.68410000,0.68230000,0.68360000,428061.50000000,1715457599999,292480.57513000,1215,255389.20000000,174517.33906000,0
1715457600000,0.68360000,0.68440000,0.68000000,0.68320000,841077.00000000,1715461199999,573970.99520000,1595,317343.00000000,216561.24094000,0
1715461200000,0.68310000,0.68310000,0.67980000,0.68030000,537144.10000000,1715464799999,365927.05078000,933,196720.10000000,134059.72462000,0
1715464800000,0.68030000,0.68160000,0.67860000,0.67970000,550955.90000000,1715468399999,374528.60461000,1165,249416.70000000,169537.03990000,0
1715468400000,0.67970000,0.67990000,0.67480000,0.67580000,847066.50000000,1715471999999,573427.68760000,1744,380670.50000000,257546.25288000,0
1715472000000,0.67590000,0.67950000,0.67520000,0.67790000,575792.80000000,1715475599999,390172.83837000,1187,238499.50000000,161570.30890000,0
1715475600000,0.67810000,0.67930000,0.67730000,0.67810000,379281.70000000,1715479199999,257256.22355000,810,219221.60000000,148682.93933000,0
1715479200000,0.67810000,0.68010000,0.67720000,0.67900000,290564.70000000,1715482799999,197081.72966000,729,124118.20000000,84190.24563000,0
1715482800000,0.67900000,0.67900000,0.67750000,0.67830000,399037.30000000,1715486399999,270646.53967000,722,180585.90000000,122495.89030000,0
1715486400000,0.67830000,0.68090000,0.67810000,0.68080000,352043.60000000,1715489999999,239186.52108000,654,149903.50000000,101845.77717000,0
1715490000000,0.68090000,0.68100000,0.67900000,0.67920000,254338.90000000,1715493599999,172867.63131000,564,126836.20000000,86206.82288000,0
1715493600000,0.67930000,0.67930000,0.67690000,0.67740000,289980.40000000,1715497199999,196623.19846000,792,134747.60000000,91376.07741000,0
1715497200000,0.67730000,0.67870000,0.67270000,0.67550000,1019770.40000000,1715500799999,688694.36186000,1909,456927.10000000,308444.13494000,0
1715500800000,0.67540000,0.67730000,0.67330000,0.67560000,575643.40000000,1715504399999,388875.16664000,1239,254892.60000000,172171.63774000,0
1715504400000,0.67580000,0.67590000,0.67340000,0.67530000,802660.70000000,1715507999999,541227.92898000,1372,435533.70000000,293660.63871000,0
1715508000000,0.67530000,0.68170000,0.67510000,0.67890000,997292.10000000,1715511599999,677053.44974000,1771,450792.70000000,305962.65375000,0
1715511600000,0.67900000,0.68020000,0.67820000,0.67910000,319069.80000000,1715515199999,216657.89364000,903,195160.80000000,132526.73277000,0
1715515200000,0.67920000,0.68080000,0.67850000,0.67950000,590633.40000000,1715518799999,401344.19209000,1028,294938.80000000,200399.32984000,0
1715518800000,0.67950000,0.68230000,0.67880000,0.68080000,495262.30000000,1715522399999,337018.88347000,1069,231266.10000000,157329.98268000,0
1715522400000,0.68080000,0.68190000,0.67920000,0.67940000,304334.50000000,1715525999999,207081.96001000,833,145770.30000000,99209.68060000,0
1715526000000,0.67950000,0.68380000,0.67850000,0.68120000,970316.50000000,1715529599999,661171.12835000,1660,416528.40000000,283771.22469000,0
1715529600000,0.68140000,0.68430000,0.67950000,0.67950000,887046.90000000,1715533199999,605023.74233000,1534,522200.00000000,356172.00459000,0
1715533200000,0.67950000,0.68170000,0.67750000,0.67920000,768292.30000000,1715536799999,521813.18031000,1413,397582.70000000,270012.67198000,0
1715536800000,0.67900000,0.67920000,0.67540000,0.67630000,785559.60000000,1715540399999,531789.34294000,1466,418309.40000000,283107.14932000,0
1715540400000,0.67630000,0.68210000,0.67350000,0.67500000,3049518.90000000,1715543999999,2060809.43040000,4708,1653131.10000000,1116895.19950000,0
1715544000000,0.67500000,0.67520000,0.67310000,0.67390000,756972.20000000,1715547599999,510348.93698000,1296,387668.90000000,261348.00641000,0
1715547600000,0.67380000,0.67380000,0.66800000,0.67210000,1713938.90000000,1715551199999,1150404.01653000,3068,778472.10000000,522273.86299000,0
1715551200000,0.67220000,0.67260000,0.67120000,0.67180000,474594.10000000,1715554799999,318862.77843000,881,242361.10000000,162835.38051000,0
1715554800000,0.67180000,0.67320000,0.67050000,0.67070000,477540.70000000,1715558399999,320783.40957000,1047,200381.30000000,134630.54241000,0
1715558400000,0.67070000,0.67480000,0.67060000,0.67240000,757542.80000000,1715561999999,509331.67692000,1309,359536.70000000,241722.30437000,0
1715562000000,0.67240000,0.67310000,0.66200000,0.66480000,3290580.20000000,1715565599999,2195016.92585000,5250,1754014.90000000,1170869.94585000,0
1715565600000,0.66480000,0.66670000,0.64910000,0.65320000,7270543.20000000,1715569199999,4766783.92321000,14359,3326112.60000000,2180861.12912000,0
1715569200000,0.65330000,0.65590000,0.64690000,0.65570000,4333502.00000000,1715572799999,2824169.67818000,6664,2270740.80000000,1479999.77116000,0
1715572800000,0.65560000,0.65570000,0.64910000,0.65130000,2263253.40000000,1715576399999,1476683.28601000,3693,1038338.00000000,677459.31740000,0
1715576400000,0.65130000,0.65450000,0.65010000,0.65190000,986324.80000000,1715579999999,643657.59275000,1968,464544.00000000,303239.08664000,0
1715580000000,0.65190000,0.66590000,0.65170000,0.66420000,3287935.90000000,1715583599999,2173343.28443000,4441,1956162.90000000,1292489.84174000,0
1715583600000,0.66430000,0.67470000,0.66320000,0.67350000,3010922.60000000,1715587199999,2015597.20470000,4752,1613744.60000000,1080212.20925000,0
1715587200000,0.67350000,0.68030000,0.67350000,0.67790000,3995728.90000000,1715590799999,2706221.91739000,5806,2128422.90000000,1441449.99684000,0
1715590800000,0.67780000,0.68030000,0.67730000,0.67790000,2179928.20000000,1715594399999,1480198.18430000,3346,914546.10000000,620983.53357000,0
1715594400000,0.67790000,0.67830000,0.67020000,0.67340000,7016087.40000000,1715597999999,4734739.57771000,8377,3591941.90000000,2425444.51057000,0
1715598000000,0.67340000,0.67510000,0.66990000,0.67280000,859650.60000000,1715601599999,577657.74509000,1808,411083.00000000,276345.07298000,0
1715601600000,0.67280000,0.67400000,0.66840000,0.67180000,1751215.40000000,1715605199999,1176853.89889000,2445,837066.20000000,562554.11623000,0
1715605200000,0.67180000,0.67400000,0.66970000,0.67080000,1262828.50000000,1715608799999,848580.51466000,2055,682761.30000000,458808.35139000,0
1715608800000,0.67100000,0.67480000,0.66770000,0.66820000,1582791.60000000,1715612399999,1063436.61623000,2598,799365.00000000,537126.57824000,0
1715612400000,0.66800000,0.67270000,0.66760000,0.67050000,1065695.50000000,1715615999999,713678.15119000,2028,616671.30000000,412978.32542000,0
1715616000000,0.67060000,0.67650000,0.66910000,0.67540000,1889358.60000000,1715619599999,1272364.52213000,3536,1085334.00000000,730747.36651000,0
1715619600000,0.67540000,0.67590000,0.66380000,0.66570000,2421595.60000000,1715623199999,1618869.20889000,3866,1109084.90000000,741425.10330000,0
1715623200000,0.66570000,0.66590000,0.66080000,0.66440000,1405519.90000000,1715626799999,931949.53076000,2423,677011.80000000,448946.39617000,0
1715626800000,0.66450000,0.66890000,0.66430000,0.66840000,821610.90000000,1715630399999,548419.44555000,1684,447755.00000000,298827.70777000,0
1715630400000,0.66830000,0.67060000,0.66690000,0.66850000,1417387.90000000,1715633999999,948447.97826000,1753,643684.60000000,430753.42925000,0
1715634000000,0.66850000,0.66990000,0.66590000,0.66610000,992239.60000000,1715637599999,662544.75611000,1454,377396.40000000,252115.82823000,0
1715637600000,0.66620000,0.66740000,0.66230000,0.66300000,1349845.20000000,1715641199999,896901.81757000,1840,730987.90000000,485657.38763000,0
1715641200000,0.66300000,0.66590000,0.66250000,0.66340000,1431707.50000000,1715644799999,951198.55309000,1461,747454.40000000,496545.01369000,0
1715644800000,0.66340000,0.66730000,0.66120000,0.66350000,1236165.70000000,1715648399999,820250.17208000,2110,550214.70000000,365124.78981000,0
1715648400000,0.66340000,0.66670000,0.65780000,0.66010000,1503865.10000000,1715651999999,995200.08518000,2771,791258.30000000,523631.51084000,0
1715652000000,0.66010000,0.66130000,0.65620000,0.66000000,1243028.70000000,1715655599999,819021.79780000,2103,680017.90000000,448053.98884000,0
1715655600000,0.66000000,0.66450000,0.65910000,0.66110000,1114500.50000000,1715659199999,737059.75428000,1699,549200.60000000,363196.26610000,0
1715659200000,0.66100000,0.66480000,0.66040000,0.66300000,728235.70000000,1715662799999,482981.69022000,1276,347213.20000000,230245.21494000,0
1715662800000,0.66300000,0.66630000,0.66170000,0.66470000,926183.60000000,1715666399999,615403.86780000,1527,473429.40000000,314517.10157000,0
1715666400000,0.66480000,0.66590000,0.65000000,0.65750000,8771064.80000000,1715669999999,5774666.83470000,11502,4176797.50000000,2750811.76005000,0
1715670000000,0.65750000,0.66140000,0.65720000,0.66050000,1298045.10000000,1715673599999,856144.67608000,2292,576707.40000000,380288.81806000,0
1715673600000,0.66050000,0.66170000,0.65580000,0.65910000,3949905.70000000,1715677199999,2601107.11795000,3990,1784333.80000000,1174952.33361000,0
1715677200000,0.65910000,0.66050000,0.65770000,0.65930000,831489.20000000,1715680799999,548140.53426000,1404,468863.50000000,309106.09779000,0
1715680800000,0.65900000,0.66050000,0.65740000,0.65980000,1055144.20000000,1715684399999,695618.14713000,1653,434145.00000000,286245.14824000,0
1715684400000,0.65980000,0.66110000,0.65890000,0.66020000,1105459.30000000,1715687999999,729763.02791000,1793,534258.00000000,352665.72550000,0
1715688000000,0.66010000,0.66350000,0.65370000,0.65740000,3510449.00000000,1715691599999,2309391.37717000,5416,1668721.80000000,1097906.91201000,0
1715691600000,0.65720000,0.66130000,0.65520000,0.65600000,1490075.00000000,1715695199999,981718.16603000,2129,752285.50000000,495662.82199000,0
1715695200000,0.65610000,0.66110000,0.64800000,0.65420000,6452168.50000000,1715698799999,4223885.61961000,8329,3364538.90000000,2203857.17641000,0
1715698800000,0.65420000,0.66120000,0.65230000,0.65730000,2464256.50000000,1715702399999,1618324.37835000,3074,1104468.30000000,725490.80331000,0
1715702400000,0.65730000,0.65730000,0.65350000,0.65580000,1829199.50000000,1715705999999,1198446.71795000,2478,886992.40000000,581140.00728000,0
1715706000000,0.65580000,0.65580000,0.64840000,0.65160000,2262114.50000000,1715709599999,1473658.32860000,3084,1127424.90000000,734303.78954000,0
1715709600000,0.65160000,0.65620000,0.65080000,0.65610000,937291.40000000,1715713199999,612995.61232000,1556,511044.50000000,334213.52542000,0
1715713200000,0.65610000,0.65830000,0.65560000,0.65660000,796179.50000000,1715716799999,523044.42180000,1312,331384.10000000,217679.53840000,0
1715716800000,0.65650000,0.65960000,0.65480000,0.65870000,7563069.70000000,1715720399999,4977000.35297000,7291,3835667.80000000,2524216.30937000,0
1715720400000,0.65880000,0.65950000,0.65060000,0.65320000,6352801.60000000,1715723999999,4154259.82608000,4993,2265106.30000000,1480795.65750000,0
1715724000000,0.65320000,0.65360000,0.64850000,0.64960000,945791.90000000,1715727599999,615346.45114000,1721,503122.70000000,327292.80545000,0
1715727600000,0.64950000,0.65000000,0.64820000,0.64970000,1139409.20000000,1715731199999,739690.35293000,1313,698120.20000000,453255.12915000,0
1715731200000,0.64980000,0.65410000,0.64200000,0.64590000,2759941.10000000,1715734799999,1785697.85286000,4035,1190838.70000000,770518.46495000,0
1715734800000,0.64580000,0.65160000,0.64580000,0.65110000,976999.10000000,1715738399999,634851.59993000,1595,560689.00000000,364273.39780000,0
1715738400000,0.65130000,0.65340000,0.65110000,0.65280000,679421.40000000,1715741999999,443130.17868000,1255,325417.70000000,212261.76413000,0
1715742000000,0.65270000,0.65460000,0.65130000,0.65340000,795408.80000000,1715745599999,519404.59741000,1251,415568.80000000,271382.18526000,0
1715745600000,0.65340000,0.65390000,0.65100000,0.65170000,838406.40000000,1715749199999,546654.10263000,1298,425858.60000000,277640.69549000,0
1715749200000,0.65160000,0.65280000,0.64980000,0.65120000,900757.00000000,1715752799999,586407.31387000,1467,474383.00000000,308869.94785000,0
1715752800000,0.65120000,0.65210000,0.64900000,0.65100000,831521.50000000,1715756399999,540823.63280000,1658,490927.80000000,319325.19502000,0
1715756400000,0.65090000,0.65640000,0.65040000,0.65450000,1465146.50000000,1715759999999,957283.86525000,2576,710673.90000000,464551.46205000,0
1715760000000,0.65450000,0.66000000,0.65100000,0.65750000,3187598.80000000,1715763599999,2091187.12674000,6537,1687646.80000000,1106406.39336000,0
1715763600000,0.65740000,0.66520000,0.65400000,0.66300000,2811828.30000000,1715767199999,1855190.38545000,4615,1456529.80000000,961440.14965000,0
1715767200000,0.66290000,0.66430000,0.65980000,0.65980000,1615679.10000000,1715770799999,1069652.04152000,2767,866352.50000000,573632.45062000,0
1715770800000,0.65980000,0.66020000,0.65100000,0.65440000,2391553.40000000,1715774399999,1566471.24549000,3941,980239.60000000,641842.75209000,0
1715774400000,0.65450000,0.67140000,0.65190000,0.67000000,6839586.00000000,1715777999999,4546430.03984000,12512,3580753.10000000,2380093.23960000,0
1715778000000,0.67020000,0.67660000,0.66630000,0.66950000,3966895.30000000,1715781599999,2666409.05745000,7293,2045752.10000000,1374904.04613000,0
1715781600000,0.66960000,0.67720000,0.66870000,0.67700000,2578954.60000000,1715785199999,1738098.29135000,4857,1395397.10000000,940456.19088000,0
1715785200000,0.67710000,0.68020000,0.67430000,0.67580000,3817775.50000000,1715788799999,2586056.73391000,6215,2113557.60000000,1432227.93381000,0
1715788800000,0.67580000,0.67980000,0.67350000,0.67790000,1970922.70000000,1715792399999,1334673.10930000,3763,946967.40000000,641244.58161000,0
1715792400000,0.67810000,0.68170000,0.67810000,0.67870000,1995039.50000000,1715795999999,1356363.69400000,3158,1007763.00000000,685178.14122000,0
1715796000000,0.67860000,0.68350000,0.67860000,0.68220000,1914078.70000000,1715799599999,1304406.07074000,3503,1024010.50000000,697828.82954000,0
1715799600000,0.68210000,0.68740000,0.67920000,0.68720000,2602153.20000000,1715803199999,1775992.33127000,4187,1387110.20000000,946574.45536000,0
1715803200000,0.68720000,0.68830000,0.68390000,0.68760000,3859537.60000000,1715806799999,2649036.53067000,4557,2089566.10000000,1434290.88127000,0
1715806800000,0.68760000,0.68870000,0.68240000,0.68260000,2406154.30000000,1715810399999,1647815.64258000,3397,976142.00000000,668587.02829000,0
1715810400000,0.68260000,0.68590000,0.68260000,0.68510000,1122583.20000000,1715813999999,768273.67428000,1940,653431.40000000,447150.81781000,0
1715814000000,0.68510000,0.68770000,0.68400000,0.68600000,1746196.20000000,1715817599999,1197487.16456000,2458,944262.70000000,647753.74352000,0
1715817600000,0.68600000,0.68940000,0.68280000,0.68540000,2668055.50000000,1715821199999,1830808.00136000,3849,1409880.10000000,967966.75345000,0
1715821200000,0.68550000,0.69030000,0.68450000,0.68910000,2604545.80000000,1715824799999,1790549.56048000,3746,1618303.20000000,1112744.46962000,0
1715824800000,0.68910000,0.69100000,0.68250000,0.68440000,7801350.90000000,1715828399999,5356811.75632000,10147,3516331.10000000,2416502.51352000,0
1715828400000,0.68440000,0.68860000,0.68410000,0.68800000,1537237.50000000,1715831999999,1055168.02124000,2414,962305.90000000,660617.65745000,0
1715832000000,0.68800000,0.68870000,0.68590000,0.68870000,1152913.50000000,1715835599999,792592.88645000,2002,623795.60000000,428821.40919000,0
1715835600000,0.68870000,0.68950000,0.68750000,0.68790000,1786675.10000000,1715839199999,1229703.07839000,2207,750877.90000000,516850.03079000,0
1715839200000,0.68790000,0.69280000,0.68710000,0.68880000,1857857.80000000,1715842799999,1281316.95751000,3433,954078.10000000,658145.11607000,0
1715842800000,0.68890000,0.69220000,0.68880000,0.69060000,1228307.80000000,1715846399999,848369.21403000,2384,669351.80000000,462331.76870000,0
1715846400000,0.69060000,0.69220000,0.68620000,0.68700000,964632.20000000,1715849999999,664604.02156000,2181,446699.10000000,307795.64579000,0
1715850000000,0.68690000,0.69050000,0.68530000,0.69050000,1320933.30000000,1715853599999,907709.93248000,2712,712096.50000000,489577.74775000,0
1715853600000,0.69060000,0.69060000,0.68400000,0.68550000,2172744.50000000,1715857199999,1493559.62056000,3633,1047515.60000000,719959.94271000,0
1715857200000,0.68540000,0.68620000,0.68340000,0.68560000,1154184.40000000,1715860799999,790399.48345000,2329,596310.70000000,408410.25832000,0
1715860800000,0.68550000,0.68580000,0.67680000,0.67980000,3544722.90000000,1715864399999,2411786.32778000,7337,1665431.00000000,1133136.28372000,0
1715864400000,0.67970000,0.68260000,0.67650000,0.68140000,2162505.90000000,1715867999999,1469376.63527000,4157,1254544.00000000,852622.25319000,0
1715868000000,0.68140000,0.68150000,0.66700000,0.66830000,3246304.10000000,1715871599999,2186320.85525000,5809,1526952.90000000,1028682.56890000,0
1715871600000,0.66830000,0.67670000,0.66660000,0.67560000,2145346.50000000,1715875199999,1442070.85362000,4010,1266019.10000000,850999.05213000,0
1715875200000,0.67560000,0.68130000,0.67490000,0.68070000,2360811.40000000,1715878799999,1600833.43769000,4433,1240148.60000000,840997.11827000,0
1715878800000,0.68070000,0.68300000,0.67390000,0.68110000,2309406.20000000,1715882399999,1567202.44175000,4280,1304422.40000000,885086.16115000,0
1715882400000,0.68120000,0.68320000,0.67860000,0.68320000,1581557.80000000,1715885999999,1076961.60645000,2806,903757.60000000,615353.99632000,0
1715886000000,0.68310000,0.69400000,0.68300000,0.68680000,3567490.10000000,1715889599999,2457829.77865000,6582,1906462.70000000,1312584.99504000,0
1715889600000,0.68660000,0.68730000,0.68430000,0.68640000,1827100.60000000,1715893199999,1253610.85903000,2373,1016253.30000000,697332.03583000,0
1715893200000,0.68640000,0.68920000,0.68490000,0.68910000,1299682.10000000,1715896799999,892726.17437000,2044,643275.80000000,441922.70778000,0
1715896800000,0.68920000,0.69380000,0.68670000,0.69350000,1630386.10000000,1715900399999,1125478.20951000,2599,831766.20000000,574488.13530000,0
1715900400000,0.69340000,0.69930000,0.69210000,0.69420000,2805019.50000000,1715903999999,1950014.09745000,4357,1404736.30000000,976669.78815000,0
1715904000000,0.69420000,0.69590000,0.69190000,0.69410000,1326709.00000000,1715907599999,920903.57898000,1769,673737.80000000,467687.35173000,0
1715907600000,0.69410000,0.69980000,0.69010000,0.69610000,2433216.60000000,1715911199999,1691189.38503000,3556,1285474.50000000,893089.97182000,0
1715911200000,0.69630000,0.69840000,0.69520000,0.69560000,988118.50000000,1715914799999,688532.78036000,1860,425408.20000000,296460.46008000,0
1715914800000,0.69560000,0.69850000,0.69360000,0.69470000,2024920.50000000,1715918399999,1407992.87264000,2667,985168.80000000,685079.86273000,0
1715918400000,0.69470000,0.69740000,0.69340000,0.69440000,1041701.00000000,1715921999999,724320.64290000,1855,490829.40000000,341315.18446000,0
1715922000000,0.69440000,0.69680000,0.69310000,0.69680000,1137007.10000000,1715925599999,790015.51120000,1732,443509.80000000,308144.11743000,0
1715925600000,0.69680000,0.70110000,0.69450000,0.69930000,1705767.80000000,1715929199999,1190062.80484000,3663,844347.00000000,589432.12763000,0
1715929200000,0.69930000,0.70990000,0.69930000,0.70780000,3798565.50000000,1715932799999,2682157.30059000,8348,2116746.10000000,1494416.99638000,0
1715932800000,0.70800000,0.70930000,0.70380000,0.70620000,2546949.70000000,1715936399999,1800611.97819000,4555,1250805.50000000,884205.96818000,0
1715936400000,0.70620000,0.70940000,0.70530000,0.70850000,1275036.10000000,1715939999999,902077.72124000,2799,715240.70000000,506089.50196000,0
1715940000000,0.70860000,0.71030000,0.70430000,0.70910000,2441078.40000000,1715943599999,1729350.12427000,3827,1328043.50000000,941009.58414000,0
1715943600000,0.70900000,0.71290000,0.70700000,0.71140000,1849531.10000000,1715947199999,1313391.01471000,4074,941314.00000000,668504.65199000,0
1715947200000,0.71140000,0.71620000,0.70680000,0.71430000,2544825.00000000,1715950799999,1813088.72867000,5127,1297317.20000000,924312.30695000,0
1715950800000,0.71430000,0.71560000,0.70840000,0.70950000,2890219.20000000,1715954399999,2055851.17550000,4307,1505159.50000000,1070685.07227000,0
1715954400000,0.70950000,0.71470000,0.70910000,0.71260000,1835286.50000000,1715957999999,1306351.04812000,2881,1038963.20000000,739383.39681000,0
1715958000000,0.71260000,0.72040000,0.70880000,0.71830000,3369309.60000000,1715961599999,2411387.11635000,6937,1911219.10000000,1368803.25118000,0
1715961600000,0.71820000,0.72090000,0.71420000,0.71450000,2875590.40000000,1715965199999,2065327.80789000,5189,1251011.30000000,898870.16708000,0
1715965200000,0.71440000,0.71710000,0.71240000,0.71330000,1541911.90000000,1715968799999,1102041.45238000,2787,692442.60000000,494900.09247000,0
1715968800000,0.71330000,0.71590000,0.70880000,0.71520000,1764155.80000000,1715972399999,1256257.65700000,3896,883462.00000000,629324.59079000,0
1715972400000,0.71520000,0.71690000,0.71380000,0.71620000,932509.00000000,1715975999999,667191.07962000,1764,424343.30000000,303533.44829000,0
1715976000000,0.71610000,0.71630000,0.71310000,0.71400000,515193.70000000,1715979599999,368224.80272000,1333,259980.10000000,185784.54993000,0
1715979600000,0.71400000,0.71460000,0.71310000,0.71320000,622537.50000000,1715983199999,444404.05586000,1283,311222.60000000,222170.40727000,0
1715983200000,0.71310000,0.71530000,0.71290000,0.71530000,577827.80000000,1715986799999,412724.84937000,1250,379052.60000000,270759.52955000,0
1715986800000,0.71530000,0.71530000,0.71230000,0.71350000,914754.80000000,1715990399999,652944.49186000,1929,482804.30000000,344615.07243000,0
1715990400000,0.71360000,0.71480000,0.71220000,0.71340000,863945.30000000,1715993999999,616434.81681000,1628,357253.70000000,254892.60683000,0
1715994000000,0.71340000,0.71840000,0.71300000,0.71700000,1412449.40000000,1715997599999,1010720.95583000,2891,746811.20000000,534358.14319000,0
1715997600000,0.71700000,0.71700000,0.71280000,0.71450000,888307.60000000,1716001199999,635224.29710000,1597,394324.90000000,281974.66751000,0
1716001200000,0.71440000,0.71840000,0.71430000,0.71630000,819411.70000000,1716004799999,586879.62862000,1922,395715.90000000,283381.03881000,0
1716004800000,0.71630000,0.71710000,0.71390000,0.71460000,380740.00000000,1716008399999,272252.80926000,1051,217037.90000000,155188.65084000,0
1716008400000,0.71460000,0.71610000,0.71130000,0.71430000,1104226.50000000,1716011999999,788423.47617000,1955,331888.40000000,237062.32383000,0
1716012000000,0.71430000,0.71580000,0.71330000,0.71510000,669123.30000000,1716015599999,478057.50625000,1490,417421.30000000,298232.94061000,0
1716015600000,0.71510000,0.71940000,0.71500000,0.71870000,1219786.10000000,1716019199999,875038.78247000,3944,624211.70000000,447890.97673000,0
1716019200000,0.71870000,0.72200000,0.71840000,0.72000000,1279797.70000000,1716022799999,921822.74405000,3605,729006.90000000,525077.17305000,0
1716022800000,0.72000000,0.72000000,0.71680000,0.71940000,1019140.00000000,1716026399999,732069.98102000,2013,442281.50000000,317675.84222000,0
1716026400000,0.71940000,0.72010000,0.71700000,0.71860000,911781.10000000,1716029999999,655142.96451000,2236,449580.20000000,323016.70627000,0
1716030000000,0.71870000,0.71930000,0.71620000,0.71640000,1002077.40000000,1716033599999,718741.44193000,1780,445170.00000000,319314.44888000,0
1716033600000,0.71630000,0.71690000,0.71130000,0.71170000,1267367.10000000,1716037199999,904986.29206000,2670,526123.30000000,375716.53054000,0
1716037200000,0.71170000,0.71350000,0.70850000,0.70980000,1948208.70000000,1716040799999,1385074.07317000,3523,914421.00000000,650027.18716000,0
1716040800000,0.70980000,0.71340000,0.70740000,0.71240000,2399224.20000000,1716044399999,1704476.26483000,5000,1135310.50000000,806611.77603000,0
1716044400000,0.71240000,0.71520000,0.71110000,0.71420000,1386690.50000000,1716047999999,989069.20623000,3014,748403.30000000,533862.93888000,0
1716048000000,0.71410000,0.71560000,0.71250000,0.71350000,984691.40000000,1716051599999,703221.73054000,1943,376026.40000000,268500.62191000,0
1716051600000,0.71350000,0.71460000,0.71240000,0.71350000,647532.20000000,1716055199999,461987.72465000,1381,403198.40000000,287630.26313000,0
1716055200000,0.71340000,0.71450000,0.71230000,0.71240000,604894.10000000,1716058799999,431644.79645000,1199,281056.00000000,200529.68167000,0
1716058800000,0.71230000,0.71340000,0.71200000,0.71230000,412244.70000000,1716062399999,293876.06813000,963,156283.80000000,111403.47402000,0
1716062400000,0.71220000,0.71220000,0.70970000,0.70970000,631942.00000000,1716065999999,449340.73614000,1515,291858.50000000,207553.89011000,0
1716066000000,0.70980000,0.71050000,0.70770000,0.70830000,695491.80000000,1716069599999,493287.93421000,1898,324096.50000000,229844.87309000,0
1716069600000,0.70840000,0.71030000,0.70790000,0.70820000,457988.20000000,1716073199999,324735.77176000,1037,245380.00000000,173978.99834000,0
1716073200000,0.70830000,0.70960000,0.70790000,0.70910000,723608.60000000,1716076799999,512872.12545000,1365,377691.50000000,267722.77280000,0
1716076800000,0.70920000,0.70960000,0.70640000,0.70640000,618466.60000000,1716080399999,437840.31788000,1325,283898.70000000,200937.75109000,0
1716080400000,0.70640000,0.70930000,0.70600000,0.70820000,774979.10000000,1716083999999,548303.47189000,1263,414458.70000000,293234.63981000,0
1716084000000,0.70830000,0.71100000,0.70830000,0.71080000,707669.90000000,1716087599999,502046.48998000,1502,350209.30000000,248477.29639000,0
1716087600000,0.71080000,0.71280000,0.70910000,0.70920000,1038281.30000000,1716091199999,738551.73567000,1514,608051.60000000,432685.18498000,0
1716091200000,0.70930000,0.70950000,0.70450000,0.70780000,703286.70000000,1716094799999,497117.34351000,1607,277258.60000000,195959.10534000,0
1716094800000,0.70760000,0.70880000,0.70580000,0.70620000,586900.40000000,1716098399999,415241.89350000,1212,205253.70000000,145235.45405000,0
1716098400000,0.70610000,0.70700000,0.70260000,0.70400000,1182926.90000000,1716101999999,834056.71180000,2221,696983.90000000,491498.46169000,0
1716102000000,0.70410000,0.70650000,0.70250000,0.70560000,836108.30000000,1716105599999,589260.05691000,1823,404197.50000000,284879.02146000,0
1716105600000,0.70560000,0.70570000,0.70050000,0.70190000,1664427.00000000,1716109199999,1169463.84359000,3093,663545.50000000,466169.16788000,0
1716109200000,0.70190000,0.70540000,0.69860000,0.70070000,5291181.50000000,1716112799999,3711943.19125000,8223,2602174.90000000,1827335.28505000,0
1716112800000,0.70070000,0.70250000,0.69700000,0.69850000,2273002.80000000,1716116399999,1590900.63271000,3694,976484.30000000,683415.08526000,0
1716116400000,0.69850000,0.69890000,0.69350000,0.69670000,1697261.90000000,1716119999999,1180322.98710000,3115,909261.00000000,632337.92688000,0
1716120000000,0.69680000,0.69680000,0.68850000,0.68870000,2367263.40000000,1716123599999,1637050.15446000,4165,1091905.00000000,754905.28431000,0
1716123600000,0.68870000,0.69030000,0.68310000,0.68780000,2277661.30000000,1716127199999,1562832.49097000,4780,1300023.20000000,891986.90019000,0
1716127200000,0.68780000,0.68940000,0.68630000,0.68770000,921048.00000000,1716130799999,633397.80655000,2777,517977.60000000,356252.33716000,0
1716130800000,0.68770000,0.69050000,0.68430000,0.69030000,1466732.70000000,1716134399999,1009127.88444000,2831,798894.30000000,549744.85568000,0
1716134400000,0.69020000,0.69100000,0.68480000,0.68560000,1288104.90000000,1716137999999,886259.79751000,2380,507517.50000000,349179.92821000,0
1716138000000,0.68580000,0.68950000,0.68500000,0.68740000,809505.00000000,1716141599999,556109.16932000,1796,412534.80000000,283410.93246000,0
1716141600000,0.68750000,0.68830000,0.68430000,0.68490000,554722.00000000,1716145199999,380641.40119000,1373,262145.50000000,179927.71024000,0
1716145200000,0.68490000,0.68840000,0.68310000,0.68580000,1953086.30000000,1716148799999,1340218.73656000,2944,942447.50000000,646892.45835000,0
1716148800000,0.68570000,0.68710000,0.68450000,0.68590000,609659.30000000,1716152399999,418211.86082000,1269,231906.20000000,159077.44770000,0
1716152400000,0.68580000,0.68690000,0.67950000,0.68410000,1397568.30000000,1716155999999,953628.68888000,2958,586581.00000000,400365.11420000,0
1716156000000,0.68410000,0.68670000,0.68350000,0.68650000,468833.50000000,1716159599999,321386.48836000,1068,199061.00000000,136455.47630000,0
1716159600000,0.68630000,0.68660000,0.68220000,0.68300000,783766.90000000,1716163199999,536022.84232000,1140,232608.40000000,159024.97102000,0
1716163200000,0.68300000,0.68610000,0.68100000,0.68370000,1098611.60000000,1716166799999,751025.65893000,1996,657734.00000000,449712.49223000,0
1716166800000,0.68360000,0.68460000,0.67500000,0.68240000,2050342.30000000,1716170399999,1393034.50598000,4223,981730.40000000,667076.35875000,0
1716170400000,0.68240000,0.68720000,0.68200000,0.68650000,1240100.80000000,1716173999999,848271.34609000,2160,613921.90000000,420171.68761000,0
1716174000000,0.68650000,0.68920000,0.68580000,0.68770000,809212.80000000,1716177599999,556285.10606000,1698,461309.50000000,317116.99540000,0
1716177600000,0.68770000,0.69650000,0.68750000,0.69510000,1805947.10000000,1716181199999,1251353.47596000,3638,956141.20000000,662475.83088000,0
1716181200000,0.69510000,0.69840000,0.69500000,0.69660000,1547735.90000000,1716184799999,1078119.84255000,2992,944840.30000000,658142.54068000,0
1716184800000,0.69670000,0.69700000,0.67910000,0.68150000,3186061.50000000,1716188399999,2188485.22313000,6571,1187954.10000000,816374.11392000,0
1716188400000,0.68140000,0.69140000,0.67980000,0.68980000,1786874.00000000,1716191999999,1226197.67742000,3576,853084.50000000,585286.95393000,0
1716192000000,0.68970000,0.69240000,0.68860000,0.69140000,978622.70000000,1716195599999,676062.10177000,2402,599009.30000000,413807.92331000,0
1716195600000,0.69140000,0.69280000,0.68800000,0.68800000,1109889.10000000,1716199199999,766111.32910000,2036,525509.70000000,362753.87040000,0
1716199200000,0.68810000,0.69000000,0.68610000,0.68630000,1488830.40000000,1716202799999,1023751.27626000,2672,805292.50000000,553677.30113000,0
1716202800000,0.68640000,0.68860000,0.68370000,0.68510000,2213057.70000000,1716206399999,1520109.66997000,3404,1182717.90000000,812380.58394000,0
1716206400000,0.68510000,0.68550000,0.68100000,0.68220000,1395038.90000000,1716209999999,952939.99120000,2865,681217.40000000,465252.41760000,0
1716210000000,0.68200000,0.68700000,0.68110000,0.68540000,1983933.80000000,1716213599999,1357223.99266000,3216,991243.50000000,678175.57863000,0
1716213600000,0.68540000,0.68540000,0.68150000,0.68410000,1609911.80000000,1716217199999,1099915.76562000,2847,793504.20000000,542093.89510000,0
1716217200000,0.68410000,0.69050000,0.68380000,0.68970000,2324911.10000000,1716220799999,1599743.18845000,4323,1228075.70000000,844919.52264000,0
1716220800000,0.68970000,0.70090000,0.68910000,0.69950000,3681607.40000000,1716224399999,2556665.69838000,6274,1912521.70000000,1328520.60965000,0
1716224400000,0.69960000,0.70190000,0.69530000,0.69760000,3128300.70000000,1716227999999,2184287.44916000,5561,1660781.70000000,1159690.10837000,0
1716228000000,0.69760000,0.70240000,0.69690000,0.70050000,1826156.10000000,1716231599999,1277875.93036000,3241,1080204.70000000,755945.39450000,0
1716231600000,0.70050000,0.73140000,0.69650000,0.72820000,17465298.10000000,1716235199999,12558706.27692000,29578,9362517.30000000,6731666.36181000,0
1716235200000,0.72810000,0.73520000,0.72120000,0.73060000,10928721.20000000,1716238799999,7964888.69692000,19775,6097497.60000000,4444634.93409000,0
1716238800000,0.73070000,0.74600000,0.72850000,0.74590000,8742404.30000000,1716242399999,6433834.78915000,16158,5213514.40000000,3837227.54717000,0
1716242400000,0.74590000,0.75100000,0.74310000,0.74880000,6805330.80000000,1716245999999,5083970.08633000,11519,3919272.80000000,2928094.52832000,0
1716246000000,0.74890000,0.75650000,0.74850000,0.75060000,5974806.90000000,1716249599999,4492877.42828000,10759,3289759.70000000,2473659.46026000,0
1716249600000,0.75070000,0.75980000,0.75030000,0.75410000,5492436.60000000,1716253199999,4147886.15501000,9840,3209215.50000000,2424028.90675000,0
1716253200000,0.75410000,0.75410000,0.73710000,0.74490000,6768819.20000000,1716256799999,5040291.90511000,14089,3062673.30000000,2279474.97503000,0
1716256800000,0.74480000,0.74630000,0.74200000,0.74370000,2524351.50000000,1716260399999,1878506.79138000,4672,1357696.10000000,1010394.36327000,0
1716260400000,0.74370000,0.74720000,0.74270000,0.74460000,3257812.40000000,1716263999999,2426941.31538000,5776,1514610.30000000,1128555.69792000,0
1716264000000,0.74450000,0.74510000,0.73870000,0.73870000,2177556.00000000,1716267599999,1616259.64785000,4009,929756.30000000,690261.61023000,0
1716267600000,0.73880000,0.74530000,0.73610000,0.74390000,2596223.90000000,1716271199999,1923531.38256000,4318,1455643.90000000,1078001.22091000,0
1716271200000,0.74390000,0.74780000,0.74290000,0.74500000,2791947.70000000,1716274799999,2082458.60524000,6258,1478293.70000000,1102692.71304000,0
1716274800000,0.74500000,0.74590000,0.74050000,0.74560000,2299480.30000000,1716278399999,1709552.28452000,5171,1053782.70000000,783475.84766000,0
1716278400000,0.74550000,0.74660000,0.74300000,0.74480000,2554702.50000000,1716281999999,1902171.25259000,4648,1141159.40000000,849573.08295000,0
1716282000000,0.74470000,0.74530000,0.74020000,0.74470000,2118606.20000000,1716285599999,1573865.46608000,3693,997224.30000000,740938.44106000,0
1716285600000,0.74460000,0.74670000,0.74280000,0.74630000,2784290.70000000,1716289199999,2074807.85843000,4765,1690288.50000000,1259645.12336000,0
1716289200000,0.74620000,0.75540000,0.74550000,0.74940000,3928659.90000000,1716292799999,2949701.90500000,7287,2227783.70000000,1672006.28210000,0
1716292800000,0.74940000,0.75270000,0.74540000,0.74810000,4880059.90000000,1716296399999,3652428.00159000,7611,2594847.00000000,1942012.92905000,0
1716296400000,0.74810000,0.75710000,0.74080000,0.74650000,5327113.60000000,1716299999999,3990900.14583000,9592,2601285.70000000,1948835.91511000,0
1716300000000,0.74650000,0.75430000,0.74480000,0.74570000,4370609.50000000,1716303599999,3276487.56092000,7414,2288858.70000000,1716241.23611000,0
1716303600000,0.74580000,0.75310000,0.73650000,0.73840000,5721082.80000000,1716307199999,4268464.28346000,9851,2926199.50000000,2185397.15460000,0
1716307200000,0.73860000,0.74530000,0.73550000,0.73940000,4508472.70000000,1716310799999,3339861.58168000,8734,1926489.10000000,1427478.22586000,0
1716310800000,0.73930000,0.74280000,0.73530000,0.73680000,5201493.90000000,1716314399999,3842605.90192000,8534,2078893.30000000,1535760.85780000,0
1716314400000,0.73680000,0.73950000,0.72870000,0.73070000,5092832.60000000,1716317999999,3733786.20292000,8656,2374233.80000000,1740490.27089000,0
1716318000000,0.73070000,0.73150000,0.71880000,0.72340000,6731842.90000000,1716321599999,4877697.09775000,11957,3714023.40000000,2690749.58636000,0
1716321600000,0.72340000,0.72820000,0.72300000,0.72600000,2952946.50000000,1716325199999,2145047.03885000,4866,1548839.10000000,1125064.52496000,0
1716325200000,0.72600000,0.72710000,0.72150000,0.72530000,2544834.90000000,1716328799999,1842347.50973000,4669,1268044.80000000,917850.45274000,0
1716328800000,0.72540000,0.73220000,0.72500000,0.73150000,2377118.20000000,1716332399999,1730441.57246000,4305,1440421.70000000,1048550.05055000,0
1716332400000,0.73150000,0.73160000,0.72860000,0.72920000,1934438.70000000,1716335999999,1411601.92878000,2932,886257.90000000,646751.91199000,0
1716336000000,0.72920000,0.73350000,0.72610000,0.72660000,1896917.60000000,1716339599999,1384841.72951000,3598,1032646.90000000,754010.43947000,0
1716339600000,0.72670000,0.73250000,0.72570000,0.72930000,1472113.00000000,1716343199999,1073784.65305000,2982,809986.40000000,590934.56134000,0
1716343200000,0.72930000,0.73050000,0.72590000,0.72810000,1423461.50000000,1716346799999,1036525.78287000,2360,580318.70000000,422683.79979000,0
1716346800000,0.72800000,0.72950000,0.72560000,0.72850000,1517453.70000000,1716350399999,1104143.46492000,2610,794193.10000000,577908.83061000,0
1716350400000,0.72840000,0.72880000,0.71480000,0.72150000,3746605.40000000,1716353999999,2701302.97907000,5735,1711871.50000000,1234115.73547000,0
1716354000000,0.72160000,0.72590000,0.71910000,0.72440000,2200681.80000000,1716357599999,1590838.08166000,3494,1187358.90000000,858358.52612000,0
1716357600000,0.72450000,0.73170000,0.72390000,0.73140000,2214081.70000000,1716361199999,1612551.02279000,4628,1360466.40000000,990933.95512000,0
1716361200000,0.73130000,0.73220000,0.72650000,0.72930000,1774559.10000000,1716364799999,1293844.13321000,4436,1013762.30000000,739134.30748000,0
1716364800000,0.72940000,0.73140000,0.72510000,0.72890000,1864437.10000000,1716368399999,1358911.91881000,3051,1145244.30000000,834763.07865000,0
1716368400000,0.72890000,0.72890000,0.72120000,0.72140000,2202538.50000000,1716371999999,1595048.09086000,3430,972532.10000000,704523.74319000,0
1716372000000,0.72130000,0.72720000,0.72020000,0.72600000,2596335.60000000,1716375599999,1880895.63954000,3613,1609208.90000000,1165654.28886000,0
1716375600000,0.72610000,0.72710000,0.71600000,0.71610000,2762512.70000000,1716379199999,1992505.24133000,4862,1354985.70000000,977281.26710000,0
1716379200000,0.71610000,0.72060000,0.70220000,0.70360000,7979216.00000000,1716382799999,5677794.72050000,12732,3731872.60000000,2654694.97830000,0
1716382800000,0.70340000,0.71900000,0.70330000,0.71880000,11022666.20000000,1716386399999,7840551.64562000,14195,6061626.70000000,4309079.73541000,0
1716386400000,0.71880000,0.72830000,0.71620000,0.72140000,10566500.20000000,1716389999999,7628468.78312000,14784,5057555.30000000,3650757.66557000,0
1716390000000,0.72140000,0.72830000,0.71670000,0.72390000,3022751.10000000,1716393599999,2184076.47480000,4922,1699544.50000000,1228743.76237000,0
1716393600000,0.72390000,0.72640000,0.72100000,0.72530000,2304300.50000000,1716397199999,1667544.92508000,4451,1172192.90000000,848122.71005000,0
1716397200000,0.72530000,0.73180000,0.72220000,0.72300000,3003288.20000000,1716400799999,2183318.24299000,5425,1310495.00000000,953417.98256000,0
1716400800000,0.72300000,0.72430000,0.71370000,0.72050000,3702914.70000000,1716404399999,2660142.38092000,6134,1979762.70000000,1422810.11054000,0
1716404400000,0.72050000,0.72250000,0.71840000,0.72110000,2235714.60000000,1716407999999,1611446.93869000,2758,1017046.80000000,733170.90247000,0
1716408000000,0.72120000,0.72550000,0.71580000,0.71920000,3227414.40000000,1716411599999,2326154.43332000,4929,1628251.20000000,1173575.10789000,0
1716411600000,0.71920000,0.72490000,0.71430000,0.72460000,2704971.30000000,1716415199999,1946417.51697000,4308,1277721.00000000,919988.27693000,0
1716415200000,0.72450000,0.72540000,0.71900000,0.72120000,1300231.00000000,1716418799999,939235.45772000,2234,637779.30000000,460654.00700000,0
1716418800000,0.72120000,0.72440000,0.72000000,0.72320000,1155395.60000000,1716422399999,834931.50472000,1875,575636.50000000,415949.75010000,0
1716422400000,0.72310000,0.72870000,0.72310000,0.72530000,1888823.70000000,1716425999999,1370850.56042000,3010,680442.20000000,493819.45670000,0
1716426000000,0.72520000,0.72860000,0.71970000,0.72680000,2421582.30000000,1716429599999,1755322.51534000,4080,1059487.80000000,768249.58733000,0
1716429600000,0.72680000,0.73080000,0.72610000,0.72910000,1939577.30000000,1716433199999,1413374.18242000,3052,993172.30000000,723797.87085000,0
1716433200000,0.72910000,0.73470000,0.72890000,0.73440000,1798539.20000000,1716436799999,1315504.45413000,3559,930897.30000000,681057.52709000,0
1716436800000,0.73440000,0.73780000,0.73000000,0.73550000,1893794.40000000,1716440399999,1390502.34377000,3919,800889.00000000,588108.33279000,0
1716440400000,0.73540000,0.73550000,0.72900000,0.73210000,1507567.60000000,1716443999999,1103479.58015000,2623,772588.10000000,565537.09840000,0
1716444000000,0.73210000,0.73800000,0.73030000,0.73530000,1479504.00000000,1716447599999,1085352.43796000,3594,743001.90000000,545108.49072000,0
1716447600000,0.73530000,0.74000000,0.73260000,0.73600000,2083663.40000000,1716451199999,1536556.95656000,3976,1009573.40000000,744493.83868000,0
1716451200000,0.73600000,0.73780000,0.73390000,0.73590000,1341147.10000000,1716454799999,986877.43323000,2588,673505.60000000,495633.33610000,0
1716454800000,0.73590000,0.74850000,0.73540000,0.73660000,4983407.50000000,1716458399999,3697144.82342000,9440,2519174.40000000,1867839.57601000,0
1716458400000,0.73670000,0.74040000,0.72930000,0.73410000,6234922.40000000,1716461999999,4583159.25659000,10291,2996615.70000000,2203607.07629000,0
1716462000000,0.73410000,0.74640000,0.73410000,0.74600000,3779084.90000000,1716465599999,2801935.71193000,8912,1822946.30000000,1351670.66481000,0
1716465600000,0.74590000,0.75930000,0.73450000,0.74330000,12217030.40000000,1716469199999,9147130.41013000,23254,5922466.90000000,4435854.92228000,0
1716469200000,0.74320000,0.74790000,0.71790000,0.72930000,17233894.80000000,1716472799999,12647389.94666000,30160,7977664.00000000,5850882.47098000,0
1716472800000,0.72920000,0.74120000,0.72850000,0.73000000,8333829.50000000,1716476399999,6128955.45354000,16946,3979399.00000000,2925766.48040000,0
1716476400000,0.73010000,0.74140000,0.72730000,0.73720000,4969770.60000000,1716479999999,3653056.35829000,10418,2358215.40000000,1732909.89116000,0
1716480000000,0.73720000,0.73920000,0.72840000,0.73350000,5446249.60000000,1716483599999,3995732.98735000,8974,2588281.30000000,1897643.22929000,0
1716483600000,0.73340000,0.73550000,0.72610000,0.72660000,2345379.30000000,1716487199999,1715735.27441000,4693,1240425.70000000,907389.14922000,0
1716487200000,0.72670000,0.72760000,0.71330000,0.72120000,8461632.70000000,1716490799999,6086563.66398000,14037,4231754.40000000,3043937.66531000,0
1716490800000,0.72120000,0.72540000,0.71620000,0.71910000,2913500.30000000,1716494399999,2099396.96049000,5584,1299851.60000000,936753.76867000,0
1716494400000,0.71910000,0.71910000,0.69570000,0.71720000,16387749.10000000,1716497999999,11547333.31488000,30687,7731397.40000000,5447665.66365000,0
1716498000000,0.71690000,0.74850000,0.71650000,0.74020000,21743662.30000000,1716501599999,15841395.42527000,37986,11316343.00000000,8244919.97620000,0
1716501600000,0.74010000,0.74710000,0.73610000,0.74640000,6050353.30000000,1716505199999,4488650.70154000,10234,2822352.70000000,2093963.90879000,0
1716505200000,0.74650000,0.74740000,0.73900000,0.74380000,3530649.00000000,1716508799999,2621563.29038000,4985,1709794.90000000,1269568.54810000,0
1716508800000,0.74370000,0.75640000,0.74000000,0.75310000,4002177.60000000,1716512399999,2998705.80795000,8550,1898231.60000000,1422410.03278000,0
1716512400000,0.75300000,0.75360000,0.74480000,0.74740000,2491627.40000000,1716515999999,1862795.27147000,5372,1139999.70000000,851992.66143000,0
1716516000000,0.74730000,0.74840000,0.74040000,0.74510000,1800992.00000000,1716519599999,1339918.57742000,3988,935872.90000000,696432.20087000,0
1716519600000,0.74510000,0.74570000,0.74030000,0.74150000,2013394.00000000,1716523199999,1495248.37493000,3926,951340.50000000,706281.31798000,0
1716523200000,0.74140000,0.74670000,0.74000000,0.74090000,1616983.70000000,1716526799999,1202641.76727000,3452,716316.80000000,532872.00358000,0
1716526800000,0.74080000,0.74160000,0.72630000,0.72710000,4296259.90000000,1716530399999,3147477.10659000,7950,2003955.20000000,1468187.70655000,0
1716530400000,0.72700000,0.73090000,0.71530000,0.71530000,4174117.80000000,1716533999999,3012656.76992000,7359,1780525.70000000,1285362.84586000,0
1716534000000,0.71530000,0.71830000,0.71010000,0.71830000,2761405.30000000,1716537599999,1972826.45230000,5668,1487259.90000000,1062763.38745000,0
1716537600000,0.71820000,0.71860000,0.70400000,0.71530000,4442181.40000000,1716541199999,3156062.94668000,7705,2328477.20000000,1653250.53568000,0
1716541200000,0.71520000,0.72190000,0.71230000,0.72080000,2190283.80000000,1716544799999,1569651.90284000,4446,1082973.20000000,776279.45554000,0
1716544800000,0.72080000,0.72800000,0.72000000,0.72470000,2215329.90000000,1716548399999,1605184.38546000,4297,1079576.30000000,782187.31934000,0
1716548400000,0.72510000,0.72690000,0.72180000,0.72610000,1289026.60000000,1716551999999,933337.81700000,2690,673927.40000000,487919.98846000,0
1716552000000,0.72600000,0.72820000,0.72320000,0.72780000,1488940.40000000,1716555599999,1080863.45310000,3292,803257.30000000,583099.40609000,0
1716555600000,0.72790000,0.73060000,0.71980000,0.72000000,2289863.70000000,1716559199999,1663890.17789000,5118,963378.30000000,700186.97666000,0
1716559200000,0.72010000,0.72980000,0.71770000,0.72570000,2504883.10000000,1716562799999,1813423.75871000,5236,1339369.90000000,969424.23116000,0
1716562800000,0.72560000,0.73070000,0.71980000,0.72230000,2559882.70000000,1716566399999,1856519.81528000,5249,1389216.30000000,1007568.70116000,0
1716566400000,0.72240000,0.72310000,0.71480000,0.71740000,2180629.70000000,1716569999999,1566299.52185000,4147,1084433.40000000,779024.90036000,0
1716570000000,0.71740000,0.72400000,0.71680000,0.72390000,2036977.10000000,1716573599999,1465048.95165000,3552,927746.00000000,667704.29330000,0
1716573600000,0.72390000,0.73160000,0.72220000,0.72280000,1918806.80000000,1716577199999,1394201.44687000,4225,873793.40000000,634895.66279000,0
1716577200000,0.72280000,0.72560000,0.72140000,0.72510000,1684648.40000000,1716580799999,1218391.53492000,2785,822296.90000000,594698.37601000,0
1716580800000,0.72510000,0.72750000,0.72170000,0.72270000,1051420.00000000,1716584399999,761163.41255000,2104,518012.80000000,375127.85304000,0
1716584400000,0.72270000,0.72590000,0.72070000,0.72380000,1332447.30000000,1716587999999,963860.98337000,2361,607979.80000000,439751.60397000,0
1716588000000,0.72380000,0.72480000,0.72140000,0.72270000,805662.70000000,1716591599999,582855.46445000,1632,351594.50000000,254373.02227000,0
1716591600000,0.72270000,0.72430000,0.72020000,0.72360000,1011503.10000000,1716595199999,730572.97856000,1896,474534.10000000,342763.37870000,0
1716595200000,0.72360000,0.72510000,0.72050000,0.72260000,1085642.50000000,1716598799999,784859.44006000,2272,511471.00000000,369825.26044000,0
1716598800000,0.72260000,0.72590000,0.72120000,0.72400000,850631.10000000,1716602399999,615645.39326000,2201,451161.40000000,326537.09974000,0
1716602400000,0.72400000,0.72640000,0.72340000,0.72640000,967190.10000000,1716605999999,701206.91162000,1916,510659.20000000,370219.48853000,0
1716606000000,0.72650000,0.72880000,0.72540000,0.72870000,915365.90000000,1716609599999,665806.10231000,1962,469231.90000000,341334.77870000,0
1716609600000,0.72870000,0.73290000,0.72870000,0.73230000,1020711.30000000,1716613199999,746142.55082000,2591,533435.30000000,389971.91081000,0
1716613200000,0.73230000,0.73260000,0.72930000,0.72970000,998775.20000000,1716616799999,730436.51010000,2460,393022.60000000,287346.02715000,0
1716616800000,0.72970000,0.73150000,0.72820000,0.72880000,959741.30000000,1716620399999,700624.87387000,1886,524001.00000000,382511.54056000,0
1716620400000,0.72870000,0.73060000,0.72810000,0.72930000,762256.40000000,1716623999999,555794.49479000,1724,499747.20000000,364422.08625000,0
1716624000000,0.72920000,0.72970000,0.72610000,0.72610000,929619.30000000,1716627599999,676683.54613000,2199,424657.00000000,309119.66543000,0
1716627600000,0.72620000,0.73000000,0.72440000,0.72940000,2895806.20000000,1716631199999,2106203.23113000,4465,1429419.60000000,1040133.04036000,0
1716631200000,0.72940000,0.73200000,0.72830000,0.73150000,1242321.80000000,1716634799999,906751.50460000,3110,573472.00000000,418546.06703000,0
1716634800000,0.73160000,0.73350000,0.72790000,0.72820000,1422331.50000000,1716638399999,1039580.17345000,3133,594429.00000000,434676.52333000,0
1716638400000,0.72820000,0.72880000,0.72380000,0.72540000,1755122.90000000,1716641999999,1274316.86236000,3147,697175.10000000,506234.00006000,0
1716642000000,0.72540000,0.72690000,0.72090000,0.72180000,1661965.30000000,1716645599999,1202534.03728000,3659,778254.70000000,562997.38813000,0
1716645600000,0.72190000,0.72570000,0.72100000,0.72540000,1365600.40000000,1716649199999,987641.40731000,2456,733556.10000000,530626.50315000,0
1716649200000,0.72550000,0.72590000,0.72290000,0.72450000,1726989.20000000,1716652799999,1250832.72266000,3004,822489.20000000,595885.40600000,0
1716652800000,0.72450000,0.72610000,0.72340000,0.72480000,1081726.60000000,1716656399999,784286.97984000,1894,559894.60000000,405968.43251000,0
1716656400000,0.72490000,0.72700000,0.72460000,0.72590000,495790.30000000,1716659999999,359808.57781000,1344,198271.60000000,143886.80570000,0
1716660000000,0.72600000,0.73000000,0.72580000,0.72950000,655745.90000000,1716663599999,477491.06761000,1767,316296.60000000,230324.01955000,0
1716663600000,0.72950000,0.73100000,0.72870000,0.72910000,937191.10000000,1716667199999,683888.58171000,2074,467024.10000000,340782.44193000,0
1716667200000,0.72920000,0.72980000,0.72620000,0.72680000,673370.40000000,1716670799999,490115.19956000,1879,262801.70000000,191290.28923000,0
1716670800000,0.72690000,0.72840000,0.72670000,0.72820000,567855.00000000,1716674399999,413089.22187000,1364,288971.80000000,210205.44942000,0
1716674400000,0.72830000,0.72900000,0.72600000,0.72850000,724343.30000000,1716677999999,527001.01038000,1343,334202.80000000,243112.04465000,0
1716678000000,0.72850000,0.73030000,0.72840000,0.72930000,591345.50000000,1716681599999,431427.40061000,1595,240939.60000000,175774.23134000,0
1716681600000,0.72930000,0.73250000,0.72890000,0.73060000,876441.30000000,1716685199999,640708.42066000,1777,366333.50000000,267784.38303000,0
1716685200000,0.73050000,0.73310000,0.73040000,0.73160000,957281.30000000,1716688799999,700761.31519000,1615,390514.10000000,285887.86734000,0
1716688800000,0.73160000,0.73190000,0.72370000,0.72590000,1647244.30000000,1716692399999,1197641.42591000,3024,662319.10000000,481169.55372000,0
1716692400000,0.72590000,0.72910000,0.72390000,0.72880000,1194083.50000000,1716695999999,867020.67169000,1961,704595.00000000,511746.34370000,0
1716696000000,0.72880000,0.72880000,0.72220000,0.72370000,691958.30000000,1716699599999,501483.82014000,1702,335867.00000000,243334.99347000,0
1716699600000,0.72370000,0.72660000,0.72260000,0.72650000,671753.80000000,1716703199999,486288.03310000,1461,380293.60000000,275265.53894000,0
1716703200000,0.72650000,0.72760000,0.72530000,0.72580000,572531.90000000,1716706799999,415981.34667000,1620,193681.50000000,140689.33714000,0
1716706800000,0.72590000,0.72840000,0.72480000,0.72550000,935885.80000000,1716710399999,679550.19159000,1990,577537.50000000,419339.94533000,0
1716710400000,0.72530000,0.72700000,0.72120000,0.72270000,1682557.30000000,1716713999999,1218911.91491000,3665,1003429.90000000,726934.56402000,0
1716714000000,0.72260000,0.72470000,0.71790000,0.72050000,1661198.00000000,1716717599999,1197969.41322000,3398,792464.70000000,571529.10588000,0
1716717600000,0.72040000,0.72370000,0.72040000,0.72300000,1025647.90000000,1716721199999,740598.39556000,1879,573548.20000000,414118.47094000,0
1716721200000,0.72300000,0.72550000,0.72070000,0.72110000,1600300.80000000,1716724799999,1157376.80396000,2796,698664.30000000,505194.77473000,0
1716724800000,0.72100000,0.72210000,0.71880000,0.72010000,1565611.10000000,1716728399999,1127534.70084000,2600,894927.50000000,644466.04106000,0
1716728400000,0.72010000,0.72080000,0.71510000,0.71950000,2108307.70000000,1716731999999,1512906.15294000,3900,938614.00000000,673785.78190000,0
1716732000000,0.71940000,0.72680000,0.71730000,0.72650000,1965718.90000000,1716735599999,1419481.41893000,3779,976293.10000000,705021.65070000,0
1716735600000,0.72660000,0.72780000,0.71620000,0.71930000,3143250.50000000,1716739199999,2270007.85016000,5965,1302707.30000000,939608.16091000,0
1716739200000,0.71930000,0.72390000,0.71620000,0.72060000,1437358.70000000,1716742799999,1034962.66323000,3220,725372.50000000,522236.17085000,0
1716742800000,0.72060000,0.72120000,0.71790000,0.71930000,1014846.80000000,1716746399999,730045.24207000,2467,446559.10000000,321224.38468000,0
1716746400000,0.71920000,0.72010000,0.71650000,0.71800000,1055694.60000000,1716749999999,758088.88332000,1811,554298.20000000,397989.92615000,0
1716750000000,0.71810000,0.72120000,0.71810000,0.71990000,767337.30000000,1716753599999,552147.51943000,1570,360830.70000000,259634.29237000,0
1716753600000,0.72000000,0.72010000,0.71650000,0.71730000,549881.50000000,1716757199999,394922.65940000,1274,267630.50000000,192216.19853000,0
1716757200000,0.71740000,0.71810000,0.71160000,0.71810000,1896829.60000000,1716760799999,1355705.11653000,3277,883163.40000000,631188.65836000,0
1716760800000,0.71800000,0.72010000,0.71730000,0.71980000,1700121.40000000,1716764399999,1222368.85053000,2126,1202227.90000000,864411.39962000,0
1716764400000,0.71980000,0.71990000,0.71490000,0.71600000,1580537.20000000,1716767999999,1133094.33014000,2299,712927.80000000,510918.68871000,0
1716768000000,0.71600000,0.71880000,0.71580000,0.71800000,878060.80000000,1716771599999,629797.63951000,1677,402614.00000000,288740.45541000,0
1716771600000,0.71800000,0.72640000,0.71740000,0.72400000,1050470.20000000,1716775199999,758373.84025000,2774,525200.40000000,378950.30181000,0
1716775200000,0.72390000,0.72750000,0.72190000,0.72500000,1625495.40000000,1716778799999,1178146.23724000,2757,632231.50000000,458207.36692000,0
1716778800000,0.72490000,0.72790000,0.72370000,0.72500000,1204786.00000000,1716782399999,874816.65409000,1973,553020.80000000,401555.22682000,0
1716782400000,0.72490000,0.72610000,0.72000000,0.72100000,3507154.00000000,1716785999999,2532306.27610000,4855,956671.20000000,691044.13094000,0
1716786000000,0.72110000,0.72140000,0.71360000,0.71790000,1879532.00000000,1716789599999,1348194.56327000,4163,1068175.50000000,766118.60239000,0
1716789600000,0.71790000,0.71860000,0.71360000,0.71540000,1719606.00000000,1716793199999,1232027.54534000,2889,659124.80000000,472103.57740000,0
1716793200000,0.71540000,0.71870000,0.71450000,0.71760000,1378462.00000000,1716796799999,987776.52773000,2162,668964.60000000,479465.41951000,0
1716796800000,0.71760000,0.72480000,0.71760000,0.72240000,2098163.10000000,1716800399999,1515053.85655000,3773,1013250.90000000,731367.64509000,0
1716800400000,0.72240000,0.72700000,0.72240000,0.72260000,2099751.40000000,1716803999999,1520495.43421000,3942,1016413.90000000,736165.20850000,0
1716804000000,0.72250000,0.72520000,0.72130000,0.72500000,1430428.10000000,1716807599999,1035165.64494000,2554,686404.50000000,496794.10892000,0
1716807600000,0.72490000,0.72880000,0.72380000,0.72680000,2233253.60000000,1716811199999,1623482.55884000,5053,897868.70000000,652595.78365000,0
1716811200000,0.72680000,0.72900000,0.72610000,0.72800000,1259076.40000000,1716814799999,916150.02442000,2426,585646.00000000,426112.86290000,0
1716814800000,0.72820000,0.73220000,0.72800000,0.73200000,2575576.30000000,1716818399999,1881152.65367000,4859,1285511.60000000,938767.94987000,0
1716818400000,0.73200000,0.73600000,0.73020000,0.73490000,2625599.70000000,1716821999999,1924259.81665000,5647,1156026.70000000,847158.38324000,0
1716822000000,0.73480000,0.74630000,0.73470000,0.74500000,5543293.80000000,1716825599999,4108193.69343000,12026,2933513.80000000,2175226.55156000,0
1716825600000,0.74490000,0.75000000,0.74480000,0.74880000,4678465.70000000,1716829199999,3498729.29380000,9972,2578207.10000000,1928240.40839000,0
1716829200000,0.74890000,0.75100000,0.74630000,0.74910000,4104420.70000000,1716832799999,3074585.27534000,7413,2101465.00000000,1574125.44919000,0
1716832800000,0.74910000,0.75100000,0.74670000,0.74680000,2954888.60000000,1716836399999,2214015.73031000,5999,1085200.80000000,813281.77431000,0
1716836400000,0.74680000,0.74900000,0.73500000,0.74000000,3608452.70000000,1716839999999,2680906.87930000,8660,1693571.40000000,1258262.59765000,0
1716840000000,0.73990000,0.75030000,0.73980000,0.75000000,3362114.40000000,1716843599999,2512216.39638000,7645,1900501.50000000,1419934.50550000,0
1716843600000,0.75000000,0.75080000,0.74700000,0.74750000,2106658.70000000,1716847199999,1577774.32809000,3284,1251421.90000000,937325.68090000,0
1716847200000,0.74750000,0.74850000,0.74380000,0.74390000,1732373.50000000,1716850799999,1292209.39462000,2695,788586.50000000,588184.56478000,0
1716850800000,0.74390000,0.74510000,0.74020000,0.74440000,1322465.50000000,1716854399999,981872.21640000,2631,721504.10000000,535668.72919000,0
1716854400000,0.74440000,0.75020000,0.74260000,0.74360000,3537722.40000000,1716857999999,2640572.22758000,5548,1695312.80000000,1265684.56621000,0
1716858000000,0.74360000,0.75020000,0.73400000,0.73590000,4209111.00000000,1716861599999,3121539.72121000,7299,1957793.70000000,1451747.91710000,0
1716861600000,0.73540000,0.74240000,0.72910000,0.74050000,5315966.20000000,1716865199999,3903217.09839000,10425,2373424.20000000,1742330.96391000,0
1716865200000,0.74050000,0.74240000,0.72890000,0.73300000,3700938.10000000,1716868799999,2714673.80633000,6105,1538305.80000000,1127496.29059000,0
1716868800000,0.73290000,0.73480000,0.72230000,0.72510000,5424717.10000000,1716872399999,3942224.68834000,9831,2421651.50000000,1760588.93939000,0
1716872400000,0.72500000,0.72980000,0.72230000,0.72960000,2538468.70000000,1716875999999,1845026.79131000,3953,1437486.20000000,1044575.06512000,0
1716876000000,0.72960000,0.73040000,0.72580000,0.72950000,1652604.20000000,1716879599999,1204173.49756000,3161,872884.30000000,636010.31571000,0
1716879600000,0.72950000,0.73040000,0.72620000,0.72770000,943607.10000000,1716883199999,687140.84477000,2145,487298.60000000,354875.04086000,0
1716883200000,0.72760000,0.73260000,0.72380000,0.73240000,3033989.70000000,1716886799999,2209318.13776000,4477,1664884.20000000,1212911.16903000,0
1716886800000,0.73240000,0.73750000,0.73090000,0.73640000,1561210.00000000,1716890399999,1146648.16249000,3148,702741.70000000,516298.69890000,0
1716890400000,0.73650000,0.74740000,0.73610000,0.74020000,3454477.50000000,1716893999999,2565074.25598000,6811,1294507.60000000,961365.48995000,0
1716894000000,0.74020000,0.74430000,0.73740000,0.74210000,1989737.00000000,1716897599999,1474330.36197000,3323,955618.70000000,708200.02178000,0
1716897600000,0.74210000,0.74270000,0.73690000,0.73810000,1777729.10000000,1716901199999,1314626.76195000,3255,800051.90000000,591601.76272000,0
1716901200000,0.73820000,0.74420000,0.73360000,0.73720000,3849493.50000000,1716904799999,2840515.43448000,6969,2110217.50000000,1557184.45726000,0
1716904800000,0.73730000,0.74170000,0.72970000,0.73200000,4322331.80000000,1716908399999,3180024.23950000,7549,2003423.70000000,1473556.60910000,0
1716908400000,0.73200000,0.73610000,0.72760000,0.73420000,3343066.80000000,1716911999999,2444776.72586000,6807,1562040.90000000,1142459.84757000,0
1716912000000,0.73430000,0.73720000,0.72650000,0.72900000,2719993.60000000,1716915599999,1986202.35619000,5438,1505308.30000000,1098778.40921000,0
1716915600000,0.72890000,0.73560000,0.72770000,0.73100000,1549726.30000000,1716919199999,1134910.86084000,3398,638508.20000000,467570.50693000,0
1716919200000,0.73100000,0.73480000,0.72300000,0.72960000,2409831.30000000,1716922799999,1754323.51583000,4883,1192432.90000000,868091.69428000,0
1716922800000,0.72960000,0.73730000,0.72880000,0.73680000,2217655.90000000,1716926399999,1626505.11264000,4602,1144325.30000000,839509.01060000,0
1716926400000,0.73670000,0.74110000,0.73570000,0.73580000,2257432.00000000,1716929999999,1667055.55621000,3948,955392.00000000,705246.88753000,0
1716930000000,0.73570000,0.73790000,0.73350000,0.73400000,1074196.50000000,1716933599999,789660.20363000,2295,524226.60000000,385390.53203000,0
1716933600000,0.73390000,0.73680000,0.73280000,0.73280000,1605611.30000000,1716937199999,1179180.55661000,2629,877836.20000000,644781.53308000,0
1716937200000,0.73290000,0.73390000,0.73050000,0.73220000,1150585.30000000,1716940799999,842265.91764000,2069,600169.80000000,439361.72840000,0
1716940800000,0.73220000,0.73340000,0.72890000,0.72960000,1046483.90000000,1716944399999,765396.52611000,2049,511924.90000000,374387.41411000,0
1716944400000,0.72970000,0.73220000,0.71810000,0.72530000,8012362.90000000,1716947999999,5801403.67984000,10787,2970088.30000000,2150660.81535000,0
1716948000000,0.72540000,0.72790000,0.72090000,0.72650000,2471353.60000000,1716951599999,1789003.63275000,3643,1184261.50000000,857316.26753000,0
1716951600000,0.72660000,0.73050000,0.72580000,0.72880000,2315665.50000000,1716955199999,1687468.26805000,3379,1228986.30000000,895679.98027000,0
1716955200000,0.72880000,0.73540000,0.72830000,0.73280000,2863197.10000000,1716958799999,2098301.09853000,4651,1389769.90000000,1018376.57555000,0
1716958800000,0.73290000,0.73570000,0.73160000,0.73340000,1421615.30000000,1716962399999,1042914.58832000,2775,692201.30000000,507848.84292000,0
1716962400000,0.73350000,0.73850000,0.73270000,0.73360000,3257210.50000000,1716965999999,2397204.54513000,5809,1823092.30000000,1341795.03023000,0
1716966000000,0.73360000,0.73570000,0.72590000,0.72600000,3767350.20000000,1716969599999,2755340.48647000,5774,1465510.60000000,1071612.96786000,0
1716969600000,0.72600000,0.72800000,0.71720000,0.72450000,5290042.60000000,1716973199999,3817546.93355000,10642,2747486.10000000,1982742.90103000,0
1716973200000,0.72450000,0.73970000,0.72390000,0.73570000,6907585.80000000,1716976799999,5067635.04527000,11683,3587100.50000000,2629696.89262000,0
1716976800000,0.73570000,0.74530000,0.73490000,0.74520000,4390707.10000000,1716980399999,3252959.72567000,7750,2499996.30000000,1852463.16276000,0
1716980400000,0.74530000,0.74640000,0.73500000,0.73550000,3984599.70000000,1716983999999,2958095.13151000,6628,1964248.60000000,1459083.04190000,0
1716984000000,0.73550000,0.74400000,0.73380000,0.74090000,4102062.50000000,1716987599999,3032796.26943000,7517,1993840.60000000,1473407.49868000,0
1716987600000,0.74070000,0.74630000,0.72580000,0.73010000,7746047.20000000,1716991199999,5700260.94257000,13982,3857066.20000000,2836515.62014000,0
1716991200000,0.73000000,0.73140000,0.72340000,0.72520000,4273029.10000000,1716994799999,3108472.72647000,7279,2142384.80000000,1558710.54941000,0
1716994800000,0.72510000,0.72770000,0.71980000,0.72050000,3791414.70000000,1716998399999,2743882.48955000,6966,1830898.00000000,1325253.18565000,0
1716998400000,0.72050000,0.72690000,0.71610000,0.72440000,5536952.60000000,1717001999999,3988782.95981000,9110,2965025.20000000,2136359.96220000,0
1717002000000,0.72430000,0.72500000,0.71830000,0.72210000,1918549.00000000,1717005599999,1383783.15613000,3575,997894.80000000,719611.20209000,0
1717005600000,0.72210000,0.72340000,0.71830000,0.71890000,1657208.00000000,1717009199999,1194411.93045000,3052,866587.90000000,624512.49940000,0
1717009200000,0.71890000,0.72340000,0.71660000,0.71690000,1698959.90000000,1717012799999,1222025.72658000,3369,707345.90000000,508876.65605000,0
1717012800000,0.71690000,0.71990000,0.71430000,0.71910000,1993487.40000000,1717016399999,1429226.31402000,3704,969401.60000000,695116.14304000,0
1717016400000,0.71900000,0.72130000,0.71400000,0.71850000,2074154.90000000,1717019999999,1486920.51509000,3933,1257832.50000000,901601.13018000,0
1717020000000,0.71840000,0.72020000,0.71690000,0.71890000,1160492.50000000,1717023599999,833832.23483000,2099,551631.70000000,396336.06881000,0
1717023600000,0.71890000,0.71980000,0.71390000,0.71500000,2055524.50000000,1717027199999,1472957.74328000,2776,1112165.90000000,796724.71887000,0
1717027200000,0.71490000,0.71830000,0.71200000,0.71320000,1650451.30000000,1717030799999,1179955.86970000,3478,805936.80000000,576274.68601000,0
1717030800000,0.71310000,0.71990000,0.71160000,0.71950000,1613539.40000000,1717034399999,1154985.54272000,3014,854750.20000000,611836.17106000,0
1717034400000,0.71950000,0.72290000,0.71900000,0.71970000,1850981.90000000,1717037999999,1334011.44884000,3002,978291.00000000,705011.81353000,0
1717038000000,0.71960000,0.72250000,0.71930000,0.72180000,1189577.40000000,1717041599999,857469.37649000,1950,665467.50000000,479677.37425000,0
1717041600000,0.72180000,0.72280000,0.71820000,0.71880000,881241.50000000,1717045199999,634848.49686000,2044,305836.70000000,220247.90617000,0
1717045200000,0.71870000,0.71880000,0.71500000,0.71680000,1344627.00000000,1717048799999,963449.73403000,2884,811360.20000000,581408.61608000,0
1717048800000,0.71680000,0.71690000,0.70150000,0.70170000,7599646.00000000,1717052399999,5378346.27741000,17461,3419082.70000000,2419956.97499000,0
1717052400000,0.70170000,0.70400000,0.69110000,0.69480000,9568586.90000000,1717055999999,6688676.10913000,16794,3586066.70000000,2505658.47754000,0
1717056000000,0.69470000,0.70000000,0.68790000,0.69970000,7303757.90000000,1717059599999,5063914.17951000,12191,3655401.00000000,2534923.47245000,0
1717059600000,0.69980000,0.70090000,0.69660000,0.69880000,3066584.90000000,1717063199999,2142934.43707000,4631,1732680.80000000,1210894.46462000,0
1717063200000,0.69880000,0.70420000,0.69630000,0.70310000,3117392.10000000,1717066799999,2182180.32563000,5289,1727587.30000000,1209469.71182000,0
1717066800000,0.70300000,0.70580000,0.70030000,0.70070000,2587904.90000000,1717070399999,1820891.97516000,4407,1283284.90000000,903152.62725000,0
1717070400000,0.70080000,0.70610000,0.69930000,0.70440000,2595501.40000000,1717073999999,1824587.33861000,5232,1431455.00000000,1006451.67551000,0
1717074000000,0.70440000,0.70700000,0.70160000,0.70600000,2967174.30000000,1717077599999,2092614.58469000,4216,1637941.10000000,1155020.29375000,0
1717077600000,0.70600000,0.70830000,0.70060000,0.70160000,2233194.60000000,1717081199999,1573256.19658000,4341,1223710.00000000,862422.06513000,0
1717081200000,0.70160000,0.70540000,0.70000000,0.70440000,1863265.30000000,1717084799999,1308518.34292000,3651,997738.50000000,700567.34247000,0
1717084800000,0.70440000,0.70650000,0.70180000,0.70650000,1838812.00000000,1717088399999,1295485.25849000,3271,818529.60000000,576633.82563000,0
1717088400000,0.70650000,0.71290000,0.70500000,0.71170000,2338204.90000000,1717091999999,1659926.93628000,5043,1231323.30000000,874219.30836000,0
1717092000000,0.71190000,0.71300000,0.70810000,0.71070000,1414362.30000000,1717095599999,1005132.10610000,2727,794274.20000000,564301.58584000,0
1717095600000,0.71060000,0.71080000,0.70230000,0.70520000,3033494.80000000,1717099199999,2143064.00136000,4216,1522605.40000000,1074854.43147000,0
1717099200000,0.70520000,0.70530000,0.69440000,0.69960000,3706730.80000000,1717102799999,2595035.32273000,6312,1519355.60000000,1063796.44607000,0
1717102800000,0.69970000,0.70010000,0.69550000,0.69860000,1349496.00000000,1717106399999,942399.80538000,3768,657498.50000000,459145.45410000,0
1717106400000,0.69860000,0.69870000,0.69610000,0.69760000,786925.60000000,1717109999999,548684.33693000,3323,395323.10000000,275608.72835000,0
1717110000000,0.69750000,0.69830000,0.69470000,0.69650000,1110356.20000000,1717113599999,773793.35501000,2056,482040.00000000,335880.04521000,0
1717113600000,0.69650000,0.69660000,0.69080000,0.69510000,2179345.40000000,1717117199999,1511048.47544000,3919,1153398.50000000,799668.07620000,0
1717117200000,0.69500000,0.69670000,0.69150000,0.69370000,1341646.20000000,1717120799999,932269.51606000,2435,589556.90000000,409619.86999000,0
1717120800000,0.69370000,0.69860000,0.69350000,0.69770000,938639.50000000,1717124399999,654194.19964000,1879,508823.40000000,354587.04076000,0
1717124400000,0.69770000,0.69880000,0.69570000,0.69780000,813004.90000000,1717127999999,566766.43005000,1860,319773.00000000,222919.46301000,0
1717128000000,0.69790000,0.69980000,0.69690000,0.69720000,728913.70000000,1717131599999,509194.18122000,1752,302057.80000000,210995.26743000,0
1717131600000,0.69710000,0.69750000,0.68830000,0.69330000,1766714.80000000,1717135199999,1222031.30185000,4653,778874.90000000,538722.01377000,0
1717135200000,0.69330000,0.69720000,0.69020000,0.69290000,3084463.50000000,1717138799999,2139894.73220000,5304,1414960.20000000,982557.13919000,0
1717138800000,0.69280000,0.69820000,0.69280000,0.69560000,2544568.40000000,1717142399999,1769683.13358000,3720,1054030.50000000,732825.55313000,0
1717142400000,0.69570000,0.69740000,0.69410000,0.69570000,1090222.40000000,1717145999999,758369.52761000,2650,474435.70000000,330018.33360000,0
1717146000000,0.69580000,0.69620000,0.69230000,0.69460000,1512469.80000000,1717149599999,1050279.88194000,2584,613539.10000000,425948.43386000,0
1717149600000,0.69460000,0.69910000,0.69410000,0.69750000,1670766.70000000,1717153199999,1164646.79253000,3344,837771.90000000,583974.40359000,0
1717153200000,0.69760000,0.70260000,0.69750000,0.70220000,2342341.90000000,1717156799999,1640773.03683000,3917,1332803.10000000,933713.62515000,0
1717156800000,0.70220000,0.70890000,0.70140000,0.70560000,2955359.60000000,1717160399999,2083098.14194000,4644,1415591.60000000,998642.21458000,0
1717160400000,0.70550000,0.70630000,0.69510000,0.69580000,3787862.20000000,1717163999999,2652458.79731000,9917,1198943.10000000,838847.11922000,0
1717164000000,0.69580000,0.69890000,0.69200000,0.69690000,3454501.20000000,1717167599999,2404591.63208000,6712,1569052.00000000,1092087.83991000,0
1717167600000,0.69690000,0.69740000,0.68880000,0.68930000,2486101.20000000,1717171199999,1723546.30022000,4543,1212926.40000000,841417.45042000,0
1717171200000,0.68930000,0.69370000,0.68340000,0.69350000,4108482.20000000,1717174799999,2824349.97205000,9235,1966000.90000000,1351743.64071000,0
1717174800000,0.69360000,0.69770000,0.69220000,0.69770000,1607549.80000000,1717178399999,1116874.98643000,2992,671498.50000000,466496.36266000,0
1717178400000,0.69770000,0.70140000,0.69680000,0.70120000,1598085.00000000,1717181999999,1117263.73063000,4215,743716.00000000,520043.63582000,0
1717182000000,0.70120000,0.70120000,0.69260000,0.69350000,9691760.60000000,1717185599999,6750625.07002000,10357,3454375.10000000,2406505.02837000,0
1717185600000,0.69350000,0.69930000,0.69330000,0.69810000,1527994.60000000,1717189199999,1064193.61098000,2706,825382.40000000,574770.59811000,0
1717189200000,0.69780000,0.69840000,0.69580000,0.69650000,802026.70000000,1717192799999,559003.67232000,1435,374973.00000000,261345.38477000,0
1717192800000,0.69650000,0.69860000,0.69650000,0.69690000,773105.50000000,1717196399999,539433.08016000,1462,358152.30000000,249879.50984000,0
1717196400000,0.69680000,0.69730000,0.69310000,0.69430000,1457486.10000000,1717199999999,1013912.01419000,2757,704537.10000000,490025.23066000,0
