1725148800000,0.41960000,0.41960000,0.41900000,0.41960000,180251.60000000,1725149099999,75586.73974000,459,44243.00000000,18555.07548000,0
1725149100000,0.41950000,0.42030000,0.41940000,0.41970000,116033.50000000,1725149399999,48732.28847000,338,60391.20000000,25361.85137000,0
1725149400000,0.41980000,0.41990000,0.41940000,0.41970000,56941.50000000,1725149699999,23895.77505000,390,11302.20000000,4743.72605000,0
1725149700000,0.41960000,0.41990000,0.41890000,0.41890000,43969.40000000,1725149999999,18436.97778000,356,23815.00000000,9986.16173000,0
1725150000000,0.41900000,0.41910000,0.41850000,0.41860000,111152.40000000,1725150299999,46532.95834000,416,72287.60000000,30262.41756000,0
1725150300000,0.41870000,0.41880000,0.41790000,0.41840000,54270.40000000,1725150599999,22699.96244000,507,33175.60000000,13876.62652000,0
1725150600000,0.41830000,0.41860000,0.41810000,0.41860000,26145.80000000,1725150899999,10938.45910000,584,15857.70000000,6634.78413000,0
1725150900000,0.41850000,0.41920000,0.41840000,0.41860000,102247.60000000,1725151199999,42835.00979000,299,75770.80000000,31749.87013000,0
1725151200000,0.41850000,0.41870000,0.41810000,0.41810000,30253.70000000,1725151499999,12660.68313000,268,9212.00000000,3854.50449000,0
1725151500000,0.41800000,0.41810000,0.41770000,0.41770000,55702.50000000,1725151799999,23277.47415000,348,41153.60000000,17197.75964000,0
1725151800000,0.41770000,0.41820000,0.41760000,0.41760000,100229.80000000,1725152099999,41883.26578000,297,63752.30000000,26643.62621000,0
1725152100000,0.41770000,0.41770000,0.41740000,0.41740000,30296.90000000,1725152399999,12647.68711000,176,11250.50000000,4697.13448000,0
1725152400000,0.41740000,0.41800000,0.41730000,0.41800000,49051.60000000,1725152699999,20490.34242000,243,34561.00000000,14435.62252000,0
1725152700000,0.41790000,0.41800000,0.41760000,0.41800000,26277.30000000,1725152999999,10977.85354000,153,9565.70000000,3996.39301000,0
1725153000000,0.41790000,0.41800000,0.41720000,0.41730000,36978.10000000,1725153299999,15437.13330000,422,19935.90000000,8322.34888000,0
1725153300000,0.41730000,0.41790000,0.41700000,0.41790000,39107.40000000,1725153599999,16317.40511000,488,15584.00000000,6504.36832000,0
1725153600000,0.41790000,0.41830000,0.41790000,0.41800000,48906.70000000,1725153899999,20446.02722000,342,27803.10000000,11623.29308000,0
1725153900000,0.41800000,0.41810000,0.41760000,0.41780000,38046.40000000,1725154199999,15898.50915000,333,12430.80000000,5194.48687000,0
1725154200000,0.41790000,0.41790000,0.41700000,0.41730000,40516.20000000,1725154499999,16911.00179000,450,21180.30000000,8838.74927000,0
1725154500000,0.41720000,0.41740000,0.41620000,0.41630000,112317.20000000,1725154799999,46803.21153000,565,15396.70000000,6413.01297000,0
1725154800000,0.41630000,0.41690000,0.41600000,0.41690000,70909.40000000,1725155099999,29519.71030000,436,52493.70000000,21852.69488000,0
1725155100000,0.41690000,0.41690000,0.41600000,0.41610000,25284.30000000,1725155399999,10528.73829000,330,4373.00000000,1820.87486000,0
1725155400000,0.41610000,0.41610000,0.41520000,0.41550000,62954.50000000,1725155699999,26162.15498000,577,19126.30000000,7947.76655000,0
1725155700000,0.41550000,0.41560000,0.41460000,0.41480000,140260.40000000,1725155999999,58180.98941000,461,64658.50000000,26818.51189000,0
1725156000000,0.41480000,0.41500000,0.41330000,0.41440000,274635.40000000,1725156299999,113703.26138000,1083,148170.10000000,61348.34369000,0
1725156300000,0.41440000,0.41460000,0.41210000,0.41340000,765583.30000000,1725156599999,316372.65504000,2017,322241.10000000,133158.06727000,0
1725156600000,0.41340000,0.41400000,0.41280000,0.41300000,86610.00000000,1725156899999,35806.37417000,1187,41026.70000000,16963.79105000,0
1725156900000,0.41300000,0.41370000,0.41260000,0.41290000,115770.60000000,1725157199999,47832.82773000,1368,47559.20000000,19647.93489000,0
1725157200000,0.41290000,0.41290000,0.41170000,0.41170000,184139.60000000,1725157499999,75937.41208000,1198,80395.90000000,33154.79874000,0
1725157500000,0.41170000,0.41190000,0.41060000,0.41150000,507989.20000000,1725157799999,208897.81183000,1647,167538.70000000,68908.10365000,0
1725157800000,0.41140000,0.41320000,0.41130000,0.41290000,211066.40000000,1725158099999,87054.37694000,1435,120956.40000000,49901.66561000,0
1725158100000,0.41280000,0.41400000,0.41280000,0.41370000,72503.70000000,1725158399999,29972.27635000,536,23332.20000000,9652.67654000,0
1725158400000,0.41360000,0.41360000,0.41270000,0.41270000,81346.30000000,1725158699999,33616.14394000,444,51652.30000000,21344.81347000,0
1725158700000,0.41270000,0.41340000,0.41250000,0.41330000,50167.30000000,1725158999999,20720.38723000,367,39649.80000000,16377.06789000,0
1725159000000,0.41340000,0.41420000,0.41340000,0.41420000,57995.60000000,1725159299999,23989.89875000,378,12872.00000000,5324.91080000,0
1725159300000,0.41420000,0.41520000,0.41420000,0.41520000,120629.90000000,1725159599999,50028.46243000,305,58296.90000000,24183.94915000,0
1725159600000,0.41520000,0.41530000,0.41420000,0.41460000,140150.00000000,1725159899999,58144.14057000,517,32815.80000000,13609.34109000,0
1725159900000,0.41470000,0.41540000,0.41470000,0.41530000,97499.90000000,1725160199999,40471.69666000,260,32926.80000000,13668.90918000,0
1725160200000,0.41540000,0.41640000,0.41520000,0.41610000,301291.20000000,1725160499999,125270.82906000,544,240442.20000000,99966.80411000,0
1725160500000,0.41610000,0.41620000,0.41470000,0.41470000,161915.80000000,1725160799999,67289.40869000,557,43033.00000000,17883.87096000,0
1725160800000,0.41470000,0.41470000,0.41410000,0.41450000,112537.60000000,1725161099999,46630.86323000,383,34368.90000000,14240.35212000,0
1725161100000,0.41440000,0.41510000,0.41430000,0.41480000,93169.40000000,1725161399999,38644.03913000,406,36534.20000000,15152.56511000,0
1725161400000,0.41480000,0.41560000,0.41450000,0.41460000,133843.50000000,1725161699999,55551.98455000,606,52549.40000000,21814.34055000,0
1725161700000,0.41460000,0.41490000,0.41440000,0.41460000,110719.40000000,1725161999999,45907.23797000,603,64101.10000000,26580.41216000,0
1725162000000,0.41450000,0.41460000,0.41390000,0.41410000,125481.30000000,1725162299999,51966.13540000,494,57654.40000000,23875.94082000,0
1725162300000,0.41420000,0.41490000,0.41420000,0.41450000,94620.80000000,1725162599999,39232.71584000,458,56655.30000000,23492.54572000,0
1725162600000,0.41450000,0.41470000,0.41420000,0.41430000,28138.80000000,1725162899999,11659.86142000,325,12380.20000000,5131.09906000,0
1725162900000,0.41420000,0.41490000,0.41420000,0.41480000,47575.00000000,1725163199999,19725.86562000,270,24079.80000000,9984.04430000,0
1725163200000,0.41480000,0.41490000,0.41370000,0.41390000,97650.90000000,1725163499999,40458.68695000,538,29020.10000000,12018.46522000,0
1725163500000,0.41390000,0.41420000,0.41320000,0.41370000,156208.20000000,1725163799999,64612.61692000,457,28164.40000000,11649.00769000,0
1725163800000,0.41360000,0.41390000,0.41330000,0.41350000,82675.80000000,1725164099999,34192.84652000,321,35342.30000000,14617.88576000,0
1725164100000,0.41340000,0.41340000,0.41260000,0.41300000,125723.90000000,1725164399999,51916.65859000,400,37414.30000000,15450.10451000,0
1725164400000,0.41300000,0.41350000,0.41280000,0.41350000,36916.30000000,1725164699999,15251.35039000,299,25988.30000000,10736.17303000,0
1725164700000,0.41340000,0.41430000,0.41340000,0.41430000,106815.60000000,1725164999999,44212.48577000,269,64103.10000000,26532.91664000,0
1725165000000,0.41420000,0.41440000,0.41390000,0.41440000,65691.80000000,1725165299999,27207.10614000,369,17310.20000000,7169.70997000,0
1725165300000,0.41430000,0.41440000,0.41360000,0.41360000,155089.50000000,1725165599999,64197.38052000,428,50097.20000000,20732.94800000,0
1725165600000,0.41370000,0.41380000,0.41310000,0.41320000,100793.70000000,1725165899999,41660.68181000,362,55350.00000000,22875.68213000,0
1725165900000,0.41320000,0.41320000,0.41280000,0.41280000,68752.80000000,1725166199999,28393.97939000,260,23292.70000000,9620.71228000,0
1725166200000,0.41280000,0.41310000,0.41250000,0.41270000,91570.50000000,1725166499999,37803.07508000,307,14928.70000000,6163.70520000,0
1725166500000,0.41280000,0.41310000,0.41220000,0.41300000,241406.80000000,1725166799999,99590.85317000,560,106799.50000000,44062.57442000,0
1725166800000,0.41290000,0.41330000,0.41220000,0.41220000,121669.30000000,1725167099999,50209.20080000,389,52901.30000000,21830.83994000,0
1725167100000,0.41230000,0.41240000,0.41180000,0.41210000,94034.00000000,1725167399999,38751.28831000,562,30609.00000000,12614.49516000,0
1725167400000,0.41210000,0.41260000,0.41160000,0.41180000,89002.80000000,1725167699999,36668.15760000,552,34521.00000000,14219.86898000,0
1725167700000,0.41190000,0.41220000,0.41160000,0.41170000,130681.50000000,1725167999999,53827.08015000,474,56790.80000000,23390.94615000,0
1725168000000,0.41170000,0.41170000,0.41100000,0.41100000,236461.10000000,1725168299999,97242.06458000,985,64118.30000000,26371.84114000,0
1725168300000,0.41100000,0.41130000,0.40910000,0.41020000,659588.60000000,1725168599999,270631.11055000,2214,240324.30000000,98623.07233000,0
1725168600000,0.41010000,0.41120000,0.40940000,0.40980000,187971.50000000,1725168899999,77121.84525000,1114,82097.80000000,33701.27134000,0
1725168900000,0.40970000,0.41020000,0.40760000,0.40800000,531372.00000000,1725169199999,217230.28314000,2146,285166.90000000,116581.43185000,0
1725169200000,0.40800000,0.40930000,0.40740000,0.40810000,252167.80000000,1725169499999,102992.11398000,1621,108376.70000000,44253.29259000,0
1725169500000,0.40810000,0.40880000,0.40790000,0.40820000,137833.60000000,1725169799999,56291.23020000,948,67035.80000000,27372.16661000,0
1725169800000,0.40820000,0.40840000,0.40570000,0.40610000,908395.40000000,1725170099999,369468.29513000,2552,281581.70000000,114519.19094000,0
1725170100000,0.40600000,0.40740000,0.40600000,0.40640000,202994.00000000,1725170399999,82566.94376000,631,36676.30000000,14912.54462000,0
1725170400000,0.40650000,0.40750000,0.40590000,0.40740000,316853.70000000,1725170699999,128820.48028000,1793,174546.90000000,70935.75656000,0
1725170700000,0.40750000,0.40800000,0.40680000,0.40800000,204624.40000000,1725170999999,83420.61004000,912,118949.50000000,48494.35623000,0
1725171000000,0.40800000,0.40940000,0.40800000,0.40900000,410039.80000000,1725171299999,167689.87290000,680,268597.50000000,109851.23953000,0
1725171300000,0.40900000,0.40930000,0.40850000,0.40880000,649301.90000000,1725171599999,265519.54385000,732,96362.00000000,39412.12407000,0
1725171600000,0.40890000,0.40910000,0.40880000,0.40910000,44666.30000000,1725171899999,18263.70335000,170,27996.10000000,11448.65469000,0
1725171900000,0.40920000,0.40980000,0.40910000,0.40950000,138484.60000000,1725172199999,56707.12065000,447,97889.00000000,40082.15626000,0
1725172200000,0.40960000,0.40960000,0.40880000,0.40890000,513070.40000000,1725172499999,209953.62592000,716,140489.80000000,57503.45554000,0
1725172500000,0.40900000,0.40940000,0.40880000,0.40940000,157931.90000000,1725172799999,64596.71041000,471,78615.70000000,32163.32366000,0
1725172800000,0.40940000,0.40960000,0.40930000,0.40940000,66384.10000000,1725173099999,27178.67398000,232,15993.50000000,6548.60557000,0
1725173100000,0.40950000,0.40980000,0.40820000,0.40880000,478161.70000000,1725173399999,195530.69316000,883,114918.40000000,47018.10904000,0
1725173400000,0.40880000,0.40900000,0.40810000,0.40830000,239670.00000000,1725173699999,97876.15260000,521,121440.20000000,49590.18482000,0
1725173700000,0.40830000,0.40900000,0.40820000,0.40900000,87115.90000000,1725173999999,35586.77056000,312,21770.50000000,8897.66823000,0
1725174000000,0.40910000,0.40990000,0.40910000,0.40980000,81766.80000000,1725174299999,33493.99420000,292,18207.60000000,7460.49020000,0
1725174300000,0.40980000,0.41000000,0.40800000,0.40810000,209239.70000000,1725174599999,85573.71429000,533,76955.70000000,31501.19875000,0
1725174600000,0.40800000,0.40880000,0.40780000,0.40870000,230223.50000000,1725174899999,93989.59932000,642,129900.50000000,53029.13592000,0
1725174900000,0.40870000,0.40880000,0.40760000,0.40840000,324352.30000000,1725175199999,132364.91914000,881,153364.70000000,62578.58522000,0
1725175200000,0.40840000,0.40910000,0.40760000,0.40790000,248716.70000000,1725175499999,101552.58275000,777,78409.60000000,31998.53381000,0
1725175500000,0.40790000,0.40860000,0.40770000,0.40830000,91052.50000000,1725175799999,37151.22809000,486,43300.60000000,17666.93970000,0
1725175800000,0.40830000,0.40960000,0.40830000,0.40930000,85198.50000000,1725176099999,34849.83550000,562,32175.70000000,13164.68297000,0
1725176100000,0.40940000,0.40990000,0.40890000,0.40890000,175338.80000000,1725176399999,71784.64107000,589,56736.50000000,23229.63902000,0
1725176400000,0.40900000,0.40950000,0.40860000,0.40930000,127961.20000000,1725176699999,52314.63057000,567,56313.60000000,23022.53406000,0
1725176700000,0.40940000,0.41060000,0.40920000,0.40990000,366629.50000000,1725176999999,150263.16232000,1408,174918.90000000,71694.67507000,0
1725177000000,0.40990000,0.41030000,0.40900000,0.40910000,296938.90000000,1725177299999,121641.33023000,1012,85995.30000000,35208.99991000,0
1725177300000,0.40910000,0.41070000,0.40890000,0.41060000,139706.00000000,1725177599999,57201.89164000,549,107416.30000000,43977.41953000,0
1725177600000,0.41070000,0.41110000,0.41000000,0.41010000,205293.90000000,1725177899999,84291.07867000,990,74392.40000000,30549.53582000,0
1725177900000,0.41000000,0.41050000,0.40990000,0.40990000,162511.40000000,1725178199999,66639.70659000,588,71284.60000000,29236.04653000,0
1725178200000,0.41000000,0.41040000,0.40990000,0.41010000,95131.80000000,1725178499999,39010.02637000,475,20865.50000000,8556.85570000,0
1725178500000,0.41010000,0.41050000,0.40940000,0.40940000,191833.00000000,1725178799999,78622.92318000,501,84362.00000000,34574.56273000,0
1725178800000,0.40950000,0.40970000,0.40910000,0.40950000,274753.30000000,1725179099999,112482.41539000,628,120778.20000000,49447.99440000,0
1725179100000,0.40950000,0.41050000,0.40950000,0.40970000,224725.30000000,1725179399999,92106.04374000,677,146773.80000000,60156.67399000,0
1725179400000,0.40980000,0.41000000,0.40920000,0.40950000,232255.30000000,1725179699999,95132.31674000,1018,132421.80000000,54240.01232000,0
1725179700000,0.40950000,0.41060000,0.40940000,0.41030000,317486.40000000,1725179999999,130233.09073000,668,203913.70000000,83662.85491000,0
1725180000000,0.41030000,0.41110000,0.41010000,0.41080000,123965.00000000,1725180299999,50902.98876000,556,42487.00000000,17446.45670000,0
1725180300000,0.41080000,0.41080000,0.40990000,0.41020000,153817.10000000,1725180599999,63087.88870000,553,90359.10000000,37055.60228000,0
1725180600000,0.41030000,0.41060000,0.41010000,0.41040000,99785.30000000,1725180899999,40947.93711000,683,53128.30000000,21801.23461000,0
1725180900000,0.41040000,0.41100000,0.41030000,0.41030000,86600.60000000,1725181199999,35560.77826000,358,44407.20000000,18237.13735000,0
1725181200000,0.41030000,0.41040000,0.40930000,0.40940000,181192.80000000,1725181499999,74271.69505000,720,105172.50000000,43116.10367000,0
1725181500000,0.40930000,0.40970000,0.40910000,0.40950000,70474.40000000,1725181799999,28848.99522000,530,17980.90000000,7361.78725000,0
1725181800000,0.40950000,0.40990000,0.40930000,0.40950000,62242.60000000,1725182099999,25501.59967000,388,19335.10000000,7923.91486000,0
1725182100000,0.40960000,0.41060000,0.40950000,0.41040000,103334.40000000,1725182399999,42373.74616000,421,40762.80000000,16714.67920000,0
1725182400000,0.41030000,0.41060000,0.40940000,0.41030000,200612.30000000,1725182699999,82272.09831000,638,103167.50000000,42298.40513000,0
1725182700000,0.41020000,0.41030000,0.40980000,0.41000000,67967.60000000,1725182999999,27865.73035000,289,3796.70000000,1556.70601000,0
1725183000000,0.41000000,0.41140000,0.40990000,0.41140000,121208.20000000,1725183299999,49793.68416000,940,77155.40000000,31700.90488000,0
1725183300000,0.41140000,0.41220000,0.41140000,0.41190000,235051.70000000,1725183599999,96847.74760000,754,156263.10000000,64396.42509000,0
1725183600000,0.41190000,0.41210000,0.41120000,0.41170000,107529.10000000,1725183899999,44283.19185000,500,70324.80000000,28964.91079000,0
1725183900000,0.41170000,0.41190000,0.41050000,0.41050000,62236.10000000,1725184199999,25592.52858000,884,32811.70000000,13491.69105000,0
1725184200000,0.41050000,0.41090000,0.41010000,0.41050000,258449.70000000,1725184499999,106123.83476000,760,96183.20000000,39498.69211000,0
1725184500000,0.41040000,0.41080000,0.41030000,0.41050000,80787.50000000,1725184799999,33167.31885000,462,67960.40000000,27902.27703000,0
1725184800000,0.41040000,0.41070000,0.41020000,0.41060000,55818.60000000,1725185099999,22910.52941000,516,39270.80000000,16120.57639000,0
1725185100000,0.41060000,0.41070000,0.40910000,0.40990000,309778.90000000,1725185399999,127008.01702000,1228,121514.80000000,49817.73959000,0
1725185400000,0.40990000,0.40990000,0.40900000,0.40910000,111328.50000000,1725185699999,45603.02418000,644,26205.10000000,10733.17817000,0
1725185700000,0.40910000,0.41000000,0.40880000,0.41000000,36250.90000000,1725185999999,14836.48819000,655,13924.20000000,5700.34384000,0
1725186000000,0.41000000,0.41000000,0.40780000,0.40790000,228574.30000000,1725186299999,93360.59706000,776,107613.10000000,43956.98221000,0
1725186300000,0.40790000,0.40930000,0.40790000,0.40850000,317091.70000000,1725186599999,129595.57152000,1023,68384.00000000,27936.03936000,0
1725186600000,0.40840000,0.40880000,0.40820000,0.40870000,184101.30000000,1725186899999,75209.39824000,664,61025.10000000,24931.13077000,0
1725186900000,0.40860000,0.40890000,0.40770000,0.40860000,217275.80000000,1725187199999,88675.08686000,828,162137.00000000,66152.07905000,0
1725187200000,0.40850000,0.40940000,0.40840000,0.40920000,121758.20000000,1725187499999,49771.35577000,549,68306.80000000,27914.77443000,0
1725187500000,0.40920000,0.40960000,0.40890000,0.40940000,139672.60000000,1725187799999,57155.75352000,724,120532.40000000,49323.59581000,0
1725187800000,0.40940000,0.40990000,0.40930000,0.40990000,185946.50000000,1725188099999,76160.25154000,434,102116.70000000,41828.09743000,0
1725188100000,0.40990000,0.41000000,0.40850000,0.40900000,252120.00000000,1725188399999,103217.20845000,682,122414.60000000,50144.99260000,0
1725188400000,0.40900000,0.41010000,0.40830000,0.40960000,226407.30000000,1725188699999,92689.39330000,863,106761.20000000,43721.04980000,0
1725188700000,0.40960000,0.41020000,0.40930000,0.41010000,124573.20000000,1725188999999,51035.51310000,584,65402.80000000,26792.93433000,0
1725189000000,0.41010000,0.41030000,0.40950000,0.40990000,177171.50000000,1725189299999,72634.13913000,631,83190.60000000,34108.31769000,0
1725189300000,0.40990000,0.41040000,0.40990000,0.41000000,218435.20000000,1725189599999,89575.77525000,526,162471.40000000,66623.74750000,0
1725189600000,0.41010000,0.41040000,0.40910000,0.41030000,155345.30000000,1725189899999,63656.67550000,887,51346.20000000,21037.69876000,0
1725189900000,0.41040000,0.41160000,0.41010000,0.41120000,188148.30000000,1725190199999,77308.72152000,803,108285.30000000,44489.82746000,0
1725190200000,0.41130000,0.41130000,0.40990000,0.41010000,563006.20000000,1725190499999,231103.68284000,847,222154.70000000,91167.51140000,0
1725190500000,0.41010000,0.41080000,0.41010000,0.41060000,142207.80000000,1725190799999,58363.91697000,610,105185.20000000,43168.73454000,0
1725190800000,0.41060000,0.41170000,0.41060000,0.41140000,88591.00000000,1725191099999,36427.91977000,372,33542.90000000,13790.70142000,0
1725191100000,0.41140000,0.41220000,0.41120000,0.41200000,77369.50000000,1725191399999,31865.28895000,349,10575.70000000,4356.24728000,0
1725191400000,0.41190000,0.41220000,0.41190000,0.41210000,99265.70000000,1725191699999,40902.48366000,424,54354.30000000,22397.50845000,0
1725191700000,0.41210000,0.41290000,0.41210000,0.41270000,140512.40000000,1725191999999,57966.24562000,655,104280.70000000,43017.43211000,0
1725192000000,0.41260000,0.41320000,0.41230000,0.41230000,149798.60000000,1725192299999,61830.35089000,606,103413.30000000,42689.96981000,0
1725192300000,0.41230000,0.41350000,0.41230000,0.41310000,137945.70000000,1725192599999,56982.89587000,658,95364.90000000,39395.58564000,0
1725192600000,0.41320000,0.41330000,0.41250000,0.41260000,46273.50000000,1725192899999,19102.27964000,317,23315.40000000,9625.97201000,0
1725192900000,0.41250000,0.41250000,0.41150000,0.41190000,52006.10000000,1725193199999,21426.02460000,326,25492.20000000,10500.43476000,0
1725193200000,0.41180000,0.41180000,0.41070000,0.41110000,93934.00000000,1725193499999,38635.35679000,504,54571.80000000,22447.09516000,0
1725193500000,0.41110000,0.41150000,0.41070000,0.41130000,159420.20000000,1725193799999,65506.46588000,541,54860.80000000,22550.34621000,0
1725193800000,0.41130000,0.41220000,0.41120000,0.41120000,61044.60000000,1725194099999,25134.73104000,344,14902.20000000,6135.34444000,0
1725194100000,0.41130000,0.41150000,0.41050000,0.41070000,27643.30000000,1725194399999,11363.04941000,355,9274.40000000,3811.80761000,0
1725194400000,0.41060000,0.41070000,0.40950000,0.41000000,149783.40000000,1725194699999,61456.45537000,825,54856.20000000,22505.75936000,0
1725194700000,0.41000000,0.41060000,0.40980000,0.40980000,98631.80000000,1725194999999,40465.18517000,573,55884.50000000,22926.10734000,0
1725195000000,0.40970000,0.41010000,0.40920000,0.40940000,90505.70000000,1725195299999,37066.95118000,767,37280.30000000,15271.79963000,0
1725195300000,0.40950000,0.40980000,0.40900000,0.40930000,113171.10000000,1725195599999,46327.34569000,705,71315.20000000,29196.34383000,0
1725195600000,0.40930000,0.41060000,0.40900000,0.41050000,127205.70000000,1725195899999,52145.99269000,778,95342.40000000,39079.51124000,0
1725195900000,0.41050000,0.41080000,0.40990000,0.41010000,58174.30000000,1725196199999,23872.35144000,377,16844.60000000,6911.16039000,0
1725196200000,0.41010000,0.41060000,0.41000000,0.41030000,41381.30000000,1725196499999,16979.69777000,383,11723.20000000,4809.74879000,0
1725196500000,0.41020000,0.41020000,0.40930000,0.40930000,90150.00000000,1725196799999,36923.16960000,559,68981.80000000,28252.06161000,0
1725196800000,0.40930000,0.40980000,0.40920000,0.40950000,74046.30000000,1725197099999,30319.39335000,491,46578.20000000,19071.71037000,0
1725197100000,0.40950000,0.40960000,0.40810000,0.40870000,187591.30000000,1725197399999,76656.17793000,740,111752.10000000,45671.78346000,0
1725197400000,0.40870000,0.40930000,0.40800000,0.40820000,238855.10000000,1725197699999,97592.57496000,992,83397.80000000,34072.42642000,0
1725197700000,0.40810000,0.40860000,0.40730000,0.40790000,303679.60000000,1725197999999,123818.77593000,1186,169862.70000000,69271.96747000,0
1725198000000,0.40800000,0.40840000,0.40640000,0.40690000,236542.20000000,1725198299999,96286.90770000,1327,118441.90000000,48211.23646000,0
1725198300000,0.40690000,0.40750000,0.40540000,0.40540000,606915.80000000,1725198599999,246669.34121000,1606,219909.30000000,89345.13530000,0
1725198600000,0.40540000,0.40820000,0.40500000,0.40680000,744302.20000000,1725198899999,302791.47156000,2624,315090.70000000,128147.45727000,0
1725198900000,0.40670000,0.40820000,0.40670000,0.40770000,148054.70000000,1725199199999,60347.55570000,1274,65695.70000000,26769.23940000,0
1725199200000,0.40760000,0.40780000,0.40560000,0.40580000,187932.40000000,1725199499999,76395.59221000,1738,84755.50000000,34446.63750000,0
1725199500000,0.40570000,0.40600000,0.40360000,0.40450000,712560.10000000,1725199799999,288218.05062000,2205,402670.70000000,162914.57706000,0
1725199800000,0.40450000,0.40450000,0.40140000,0.40380000,1391144.50000000,1725200099999,560042.21665000,3426,634834.90000000,255556.98770000,0
1725200100000,0.40380000,0.40540000,0.40310000,0.40480000,1391439.30000000,1725200399999,562459.75969000,4087,653751.60000000,264299.19986000,0
1725200400000,0.40470000,0.40490000,0.40360000,0.40440000,242256.30000000,1725200699999,97899.88697000,1658,158633.40000000,64099.33722000,0
1725200700000,0.40430000,0.40450000,0.40300000,0.40370000,404088.10000000,1725200999999,163207.04863000,1639,217257.10000000,87732.43798000,0
1725201000000,0.40380000,0.40640000,0.40360000,0.40580000,428733.10000000,1725201299999,173748.03975000,1562,231025.60000000,93596.60792000,0
1725201300000,0.40580000,0.40770000,0.40580000,0.40720000,560713.00000000,1725201599999,228181.44761000,1505,389553.40000000,158519.19165000,0
1725201600000,0.40730000,0.40790000,0.40680000,0.40720000,166606.60000000,1725201899999,67891.58193000,1016,42184.70000000,17187.44770000,0
1725201900000,0.40720000,0.40900000,0.40700000,0.40700000,285881.30000000,1725202199999,116733.26921000,1373,92827.80000000,37885.55724000,0
1725202200000,0.40700000,0.40720000,0.40610000,0.40670000,169157.80000000,1725202499999,68779.59963000,921,86001.20000000,34957.95146000,0
1725202500000,0.40670000,0.40740000,0.40660000,0.40690000,91415.30000000,1725202799999,37206.31437000,556,37860.90000000,15409.62068000,0
1725202800000,0.40680000,0.40810000,0.40620000,0.40740000,127720.70000000,1725203099999,51995.03010000,778,66126.00000000,26924.15601000,0
1725203100000,0.40740000,0.40870000,0.40710000,0.40860000,163035.40000000,1725203399999,66550.29436000,532,68232.30000000,27863.16016000,0
1725203400000,0.40850000,0.40880000,0.40740000,0.40760000,107421.20000000,1725203699999,43850.26718000,501,33803.30000000,13786.43866000,0
1725203700000,0.40760000,0.40820000,0.40720000,0.40750000,84413.60000000,1725203999999,34420.46824000,405,22915.80000000,9338.26077000,0
1725204000000,0.40740000,0.40810000,0.40720000,0.40740000,75059.10000000,1725204299999,30605.69936000,340,25571.50000000,10428.72138000,0
1725204300000,0.40740000,0.40860000,0.40740000,0.40740000,160197.40000000,1725204599999,65393.36719000,849,74909.20000000,30572.73327000,0
1725204600000,0.40740000,0.40790000,0.40610000,0.40760000,329701.40000000,1725204899999,134212.55468000,1555,122144.50000000,49703.91343000,0
1725204900000,0.40770000,0.40930000,0.40770000,0.40880000,223405.40000000,1725205199999,91301.75449000,1040,133266.80000000,54461.59742000,0
1725205200000,0.40890000,0.40970000,0.40820000,0.40930000,137685.40000000,1725205499999,56319.24326000,1215,47124.10000000,19274.08069000,0
1725205500000,0.40940000,0.41160000,0.40930000,0.41120000,415111.10000000,1725205799999,170545.64272000,2517,225756.40000000,92749.28843000,0
1725205800000,0.41130000,0.41200000,0.41020000,0.41080000,356414.00000000,1725206099999,146650.03208000,1769,200081.00000000,82332.65904000,0
1725206100000,0.41090000,0.41110000,0.41000000,0.41080000,165892.60000000,1725206399999,68085.80451000,726,89435.20000000,36713.74356000,0
1725206400000,0.41080000,0.41220000,0.41020000,0.41200000,421819.60000000,1725206699999,173433.39231000,1606,227785.00000000,93654.45271000,0
1725206700000,0.41200000,0.41240000,0.41140000,0.41180000,416286.80000000,1725206999999,171444.57462000,1774,188249.30000000,77512.65548000,0
1725207000000,0.41180000,0.41200000,0.41080000,0.41170000,262013.20000000,1725207299999,107747.95535000,963,117345.80000000,48256.19423000,0
1725207300000,0.41160000,0.41220000,0.41020000,0.41040000,279931.70000000,1725207599999,115069.04699000,1308,101749.70000000,41848.64200000,0
1725207600000,0.41040000,0.41040000,0.40900000,0.40910000,117429.40000000,1725207899999,48128.64649000,783,51540.60000000,21120.18568000,0
1725207900000,0.40900000,0.40920000,0.40800000,0.40860000,192934.20000000,1725208199999,78854.31478000,943,94251.00000000,38521.65102000,0
1725208200000,0.40860000,0.40890000,0.40800000,0.40820000,158286.30000000,1725208499999,64649.17932000,957,53051.20000000,21659.27217000,0
1725208500000,0.40830000,0.40960000,0.40830000,0.40840000,233788.90000000,1725208799999,95602.93177000,1447,181730.40000000,74308.40758000,0
1725208800000,0.40830000,0.40860000,0.40730000,0.40800000,370281.50000000,1725209099999,151052.71414000,1246,220372.20000000,89908.86089000,0
1725209100000,0.40800000,0.40820000,0.40720000,0.40790000,74124.60000000,1725209399999,30217.86466000,524,34734.30000000,14156.44020000,0
1725209400000,0.40800000,0.40900000,0.40780000,0.40860000,103431.70000000,1725209699999,42241.66982000,277,36415.10000000,14876.94251000,0
1725209700000,0.40860000,0.40890000,0.40790000,0.40800000,88164.90000000,1725209999999,36020.00801000,404,55596.70000000,22715.78948000,0
1725210000000,0.40800000,0.40870000,0.40750000,0.40870000,80351.20000000,1725210299999,32791.90887000,384,47701.00000000,19466.11356000,0
1725210300000,0.40860000,0.40920000,0.40860000,0.40900000,65854.30000000,1725210599999,26930.25241000,369,26262.00000000,10740.13501000,0
1725210600000,0.40900000,0.40910000,0.40810000,0.40830000,57153.90000000,1725210899999,23339.22926000,256,25055.10000000,10230.11894000,0
1725210900000,0.40820000,0.40850000,0.40620000,0.40650000,254159.30000000,1725211199999,103460.55666000,1126,114102.50000000,46433.10837000,0
1725211200000,0.40650000,0.40690000,0.40470000,0.40500000,280478.90000000,1725211499999,113742.46718000,1485,173539.30000000,70374.87561000,0
1725211500000,0.40500000,0.40600000,0.40470000,0.40510000,80768.90000000,1725211799999,32738.12398000,498,28725.40000000,11643.88446000,0
1725211800000,0.40520000,0.40550000,0.40440000,0.40490000,266118.90000000,1725212099999,107747.03610000,675,78045.60000000,31602.39353000,0
1725212100000,0.40500000,0.40620000,0.40470000,0.40520000,125376.50000000,1725212399999,50840.02329000,351,24609.30000000,9981.94370000,0
1725212400000,0.40520000,0.40600000,0.40510000,0.40580000,48868.20000000,1725212699999,19817.98877000,351,12828.90000000,5203.06298000,0
1725212700000,0.40580000,0.40580000,0.40450000,0.40510000,376142.00000000,1725212999999,152440.41008000,756,73450.60000000,29759.92505000,0
1725213000000,0.40500000,0.40640000,0.40490000,0.40590000,190808.50000000,1725213299999,77389.67088000,478,138578.20000000,56197.55036000,0
1725213300000,0.40590000,0.40620000,0.40520000,0.40580000,120820.50000000,1725213599999,49023.47265000,304,95656.60000000,38812.92889000,0
1725213600000,0.40570000,0.40700000,0.40560000,0.40700000,168436.00000000,1725213899999,68442.26076000,545,77593.10000000,31525.99497000,0
1725213900000,0.40700000,0.40710000,0.40570000,0.40610000,40460.30000000,1725214199999,16434.19680000,217,7810.50000000,3172.70140000,0
1725214200000,0.40590000,0.40690000,0.40550000,0.40690000,126698.90000000,1725214499999,51457.01846000,483,71497.10000000,29031.36146000,0
1725214500000,0.40690000,0.40780000,0.40630000,0.40690000,145021.20000000,1725214799999,59032.19044000,657,109445.50000000,44553.67388000,0
1725214800000,0.40700000,0.40830000,0.40680000,0.40790000,111535.30000000,1725215099999,45485.96159000,538,60682.50000000,24743.82702000,0
1725215100000,0.40780000,0.41170000,0.40780000,0.41050000,903912.30000000,1725215399999,371325.54213000,2612,522328.10000000,214561.13624000,0
1725215400000,0.41060000,0.41200000,0.41030000,0.41050000,342820.70000000,1725215699999,140933.55235000,1190,138792.70000000,57023.90052000,0
1725215700000,0.41050000,0.41050000,0.40920000,0.40990000,432744.90000000,1725215999999,177337.85277000,1437,235107.90000000,96350.65409000,0
1725216000000,0.40990000,0.41160000,0.40990000,0.41100000,119075.90000000,1725216299999,48917.45320000,501,57077.10000000,23441.69203000,0
1725216300000,0.41100000,0.41200000,0.41060000,0.41130000,94895.40000000,1725216599999,39033.27189000,909,31011.00000000,12757.12338000,0
1725216600000,0.41140000,0.41180000,0.41050000,0.41080000,112183.00000000,1725216899999,46099.03447000,527,82661.50000000,33966.01175000,0
1725216900000,0.41080000,0.41100000,0.41020000,0.41060000,49404.70000000,1725217199999,20288.26206000,368,16372.00000000,6722.77149000,0
1725217200000,0.41070000,0.41230000,0.41070000,0.41180000,158463.40000000,1725217499999,65225.84062000,949,65564.30000000,26980.74064000,0
1725217500000,0.41180000,0.41360000,0.41150000,0.41200000,329383.20000000,1725217799999,135991.78384000,1044,177821.00000000,73423.11061000,0
1725217800000,0.41200000,0.41320000,0.41200000,0.41210000,121506.80000000,1725218099999,50117.17631000,541,58221.60000000,24013.42628000,0
1725218100000,0.41210000,0.41290000,0.41130000,0.41160000,118936.40000000,1725218399999,49027.14075000,567,53212.80000000,21936.99961000,0
1725218400000,0.41160000,0.41210000,0.41060000,0.41070000,78218.80000000,1725218699999,32167.21284000,448,24547.60000000,10095.84297000,0
1725218700000,0.41070000,0.41150000,0.41040000,0.41060000,57291.00000000,1725218999999,23529.37659000,325,29565.30000000,12140.01508000,0
1725219000000,0.41060000,0.41140000,0.41030000,0.41140000,116587.80000000,1725219299999,47897.49803000,394,70540.90000000,28978.38764000,0
1725219300000,0.41150000,0.41270000,0.41110000,0.41180000,1013506.40000000,1725219599999,417192.84831000,834,754615.20000000,310548.81485000,0
1725219600000,0.41180000,0.41190000,0.41090000,0.41160000,48559.50000000,1725219899999,19974.29529000,265,15092.30000000,6208.38843000,0
1725219900000,0.41160000,0.41220000,0.41150000,0.41190000,93163.10000000,1725220199999,38376.14550000,215,41689.10000000,17170.64312000,0
1725220200000,0.41200000,0.41300000,0.41200000,0.41250000,148542.00000000,1725220499999,61267.92733000,377,92965.40000000,38336.72614000,0
1725220500000,0.41260000,0.41350000,0.41230000,0.41330000,93579.40000000,1725220799999,38656.35778000,235,50261.50000000,20765.06408000,0
1725220800000,0.41320000,0.41490000,0.41300000,0.41420000,823297.20000000,1725221099999,341238.65649000,1114,521174.00000000,216004.19123000,0
1725221100000,0.41440000,0.41560000,0.41430000,0.41470000,297043.80000000,1725221399999,123312.67810000,677,125081.30000000,51920.63040000,0
1725221400000,0.41480000,0.41560000,0.41470000,0.41510000,350176.40000000,1725221699999,145412.58304000,600,82714.90000000,34341.76879000,0
1725221700000,0.41510000,0.41530000,0.41410000,0.41490000,181653.60000000,1725221999999,75311.13724000,650,110070.50000000,45626.47821000,0
1725222000000,0.41500000,0.41620000,0.41490000,0.41510000,134434.10000000,1725222299999,55877.39824000,504,45150.30000000,18770.74823000,0
1725222300000,0.41500000,0.41520000,0.41460000,0.41490000,106422.10000000,1725222599999,44149.46275000,347,73475.70000000,30482.19444000,0
1725222600000,0.41490000,0.41500000,0.41390000,0.41440000,56058.70000000,1725222899999,23226.02020000,354,9836.10000000,4077.14639000,0
1725222900000,0.41430000,0.41440000,0.41280000,0.41300000,81509.70000000,1725223199999,33702.47690000,183,16228.30000000,6713.37387000,0
1725223200000,0.41300000,0.41320000,0.41260000,0.41300000,70859.90000000,1725223499999,29256.21719000,452,41545.30000000,17153.94679000,0
1725223500000,0.41300000,0.41310000,0.41250000,0.41250000,75971.30000000,1725223799999,31356.68963000,381,37225.40000000,15366.14213000,0
1725223800000,0.41250000,0.41250000,0.41180000,0.41230000,87926.20000000,1725224099999,36237.59619000,431,58652.80000000,24173.59441000,0
1725224100000,0.41230000,0.41270000,0.41210000,0.41230000,27853.50000000,1725224399999,11486.60843000,286,7402.40000000,3052.90319000,0
1725224400000,0.41230000,0.41240000,0.41160000,0.41240000,305326.70000000,1725224699999,125767.48558000,222,223484.40000000,92041.57338000,0
1725224700000,0.41240000,0.41270000,0.41200000,0.41240000,90947.00000000,1725224999999,37506.07264000,246,15085.00000000,6220.41147000,0
1725225000000,0.41230000,0.41250000,0.41070000,0.41080000,130395.40000000,1725225299999,53632.77052000,342,26657.40000000,10963.47939000,0
1725225300000,0.41100000,0.41130000,0.40980000,0.41040000,133426.00000000,1725225599999,54781.48263000,704,59200.50000000,24300.63289000,0
1725225600000,0.41040000,0.41040000,0.40890000,0.40920000,123634.50000000,1725225899999,50621.67823000,715,42933.00000000,17573.58459000,0
1725225900000,0.40930000,0.40940000,0.40860000,0.40910000,74964.50000000,1725226199999,30652.11789000,274,12352.30000000,5050.36541000,0
1725226200000,0.40900000,0.40900000,0.40800000,0.40860000,98387.50000000,1725226499999,40185.60893000,353,21811.00000000,8905.18836000,0
1725226500000,0.40860000,0.40910000,0.40860000,0.40860000,128270.90000000,1725226799999,52431.60786000,228,56394.20000000,23050.32880000,0
1725226800000,0.40860000,0.40970000,0.40850000,0.40960000,126838.00000000,1725227099999,51901.35947000,506,55227.90000000,22600.11656000,0
1725227100000,0.40970000,0.41010000,0.40950000,0.41010000,41244.00000000,1725227399999,16901.61807000,244,17699.00000000,7254.06617000,0
1725227400000,0.41000000,0.41060000,0.40960000,0.41000000,87671.80000000,1725227699999,35952.46668000,415,50520.10000000,20717.01331000,0
1725227700000,0.40990000,0.41090000,0.40980000,0.41050000,97642.00000000,1725227999999,40094.70957000,325,49535.40000000,20340.82137000,0
1725228000000,0.41050000,0.41080000,0.40840000,0.40890000,119170.70000000,1725228299999,48791.96452000,833,83300.70000000,34106.26885000,0
1725228300000,0.40890000,0.40890000,0.40770000,0.40890000,116918.80000000,1725228599999,47757.77229000,779,76529.70000000,31268.93400000,0
1725228600000,0.40890000,0.40920000,0.40670000,0.40700000,196238.40000000,1725228899999,79964.70915000,567,131009.70000000,53384.32211000,0
1725228900000,0.40700000,0.40700000,0.40520000,0.40540000,216370.70000000,1725229199999,87847.16200000,974,136183.60000000,55302.15465000,0
1725229200000,0.40530000,0.40610000,0.40320000,0.40360000,479344.90000000,1725229499999,193894.63401000,2101,231631.20000000,93716.04503000,0
1725229500000,0.40360000,0.40430000,0.40190000,0.40320000,725029.10000000,1725229799999,292170.46400000,3196,266091.90000000,107197.41011000,0
1725229800000,0.40330000,0.40350000,0.40090000,0.40120000,822711.60000000,1725230099999,330574.53706000,3912,417875.50000000,167852.07858000,0
1725230100000,0.40110000,0.40130000,0.39940000,0.40050000,829549.70000000,1725230399999,332002.60199000,2762,342669.70000000,137134.96141000,0
1725230400000,0.40040000,0.40220000,0.40000000,0.40220000,360802.10000000,1725230699999,144777.30188000,1846,149620.60000000,60047.85040000,0
1725230700000,0.40220000,0.40340000,0.40140000,0.40290000,313995.20000000,1725230999999,126466.40980000,1276,111790.50000000,45013.91750000,0
1725231000000,0.40290000,0.40390000,0.40160000,0.40160000,102927.30000000,1725231299999,41414.39309000,695,53911.40000000,21693.24388000,0
1725231300000,0.40170000,0.40170000,0.39670000,0.39810000,1287452.70000000,1725231599999,512717.48208000,3033,451766.00000000,180008.56746000,0
1725231600000,0.39810000,0.39980000,0.39740000,0.39980000,454287.60000000,1725231899999,181053.72742000,2541,222853.10000000,88835.74090000,0
1725231900000,0.39990000,0.40160000,0.39950000,0.40080000,203988.70000000,1725232199999,81759.81275000,1240,134897.90000000,54062.61348000,0
1725232200000,0.40080000,0.40080000,0.39810000,0.39890000,198477.00000000,1725232499999,79231.51241000,832,83936.80000000,33491.50975000,0
1725232500000,0.39900000,0.40050000,0.39860000,0.40040000,250389.40000000,1725232799999,100059.89800000,1311,116491.10000000,46532.29543000,0
1725232800000,0.40040000,0.40060000,0.39950000,0.40000000,239494.70000000,1725233099999,95826.36634000,1024,106525.50000000,42627.95238000,0
1725233100000,0.40000000,0.40130000,0.39960000,0.40020000,228837.90000000,1725233399999,91709.57576000,640,143381.60000000,57470.77050000,0
1725233400000,0.40030000,0.40140000,0.40000000,0.40130000,63812.00000000,1725233699999,25587.58478000,463,19352.20000000,7758.99023000,0
1725233700000,0.40130000,0.40230000,0.40060000,0.40110000,124869.10000000,1725233999999,50117.63667000,463,68774.40000000,27597.78895000,0
1725234000000,0.40120000,0.40210000,0.40090000,0.40180000,161148.60000000,1725234299999,64714.57470000,521,27525.30000000,11057.74104000,0
1725234300000,0.40170000,0.40320000,0.40140000,0.40150000,309746.30000000,1725234599999,124693.63753000,615,206822.50000000,83273.13033000,0
1725234600000,0.40150000,0.40250000,0.40150000,0.40210000,70810.00000000,1725234899999,28468.81288000,292,44816.00000000,18017.32853000,0
1725234900000,0.40200000,0.40280000,0.40170000,0.40230000,84205.90000000,1725235199999,33879.77293000,376,21792.10000000,8767.75783000,0
1725235200000,0.40220000,0.40350000,0.40180000,0.40230000,211325.20000000,1725235499999,85079.77004000,903,120570.30000000,48556.88934000,0
1725235500000,0.40230000,0.40300000,0.40120000,0.40180000,58492.50000000,1725235799999,23508.29377000,553,24217.00000000,9731.73762000,0
1725235800000,0.40170000,0.40370000,0.40160000,0.40330000,92293.40000000,1725236099999,37217.10599000,287,39913.70000000,16096.72059000,0
1725236100000,0.40340000,0.40390000,0.40250000,0.40260000,114246.10000000,1725236399999,46054.09399000,456,42006.80000000,16936.83201000,0
1725236400000,0.40260000,0.40340000,0.40150000,0.40320000,127921.30000000,1725236699999,51467.69205000,463,79117.50000000,31819.30078000,0
1725236700000,0.40320000,0.40380000,0.40230000,0.40370000,87132.70000000,1725236999999,35135.18792000,395,66507.40000000,26827.35872000,0
1725237000000,0.40370000,0.40590000,0.40370000,0.40560000,224123.00000000,1725237299999,90658.76878000,723,105555.40000000,42685.00152000,0
1725237300000,0.40560000,0.40610000,0.40500000,0.40510000,124259.30000000,1725237599999,50390.88812000,1070,62447.50000000,25321.08382000,0
1725237600000,0.40500000,0.40500000,0.40370000,0.40380000,164040.90000000,1725237899999,66267.10861000,678,129005.20000000,52111.85655000,0
1725237900000,0.40370000,0.40440000,0.40340000,0.40370000,326858.30000000,1725238199999,132007.90871000,614,126959.70000000,51254.19363000,0
1725238200000,0.40370000,0.40430000,0.40230000,0.40430000,484021.70000000,1725238499999,195109.89066000,728,170661.80000000,68762.61576000,0
1725238500000,0.40420000,0.40540000,0.40340000,0.40510000,265080.30000000,1725238799999,107284.89483000,578,161938.00000000,65550.58891000,0
1725238800000,0.40520000,0.40580000,0.40350000,0.40490000,127758.40000000,1725239099999,51701.48583000,562,54439.70000000,22004.04162000,0
1725239100000,0.40490000,0.40600000,0.40430000,0.40560000,110037.20000000,1725239399999,44592.00414000,479,68861.50000000,27892.11154000,0
1725239400000,0.40560000,0.40700000,0.40560000,0.40620000,249687.90000000,1725239699999,101483.31353000,464,124843.40000000,50749.54319000,0
1725239700000,0.40630000,0.40700000,0.40610000,0.40660000,47177.10000000,1725239999999,19187.76895000,485,29407.70000000,11959.51117000,0
1725240000000,0.40650000,0.40710000,0.40490000,0.40550000,225562.30000000,1725240299999,91557.29097000,925,147871.30000000,60044.54080000,0
1725240300000,0.40550000,0.40590000,0.40510000,0.40550000,77267.10000000,1725240599999,31335.52631000,254,37367.40000000,15154.83341000,0
1725240600000,0.40560000,0.40680000,0.40560000,0.40590000,84194.10000000,1725240899999,34209.00384000,464,32794.20000000,13324.89705000,0
1725240900000,0.40590000,0.40590000,0.40390000,0.40430000,229815.00000000,1725241199999,92988.27536000,797,120790.60000000,48877.19174000,0
1725241200000,0.40430000,0.40450000,0.40390000,0.40430000,56410.50000000,1725241499999,22799.85559000,347,20835.40000000,8423.66409000,0
1725241500000,0.40420000,0.40520000,0.40380000,0.40500000,105606.80000000,1725241799999,42727.16516000,521,78355.40000000,31700.26108000,0
1725241800000,0.40500000,0.40560000,0.40500000,0.40530000,60704.40000000,1725242099999,24606.68356000,327,44938.80000000,18215.58830000,0
1725242100000,0.40540000,0.40570000,0.40450000,0.40460000,52800.00000000,1725242399999,21382.31193000,375,16847.10000000,6822.47896000,0
1725242400000,0.40460000,0.40530000,0.40430000,0.40530000,107407.00000000,1725242699999,43483.13722000,435,36430.70000000,14742.57830000,0
1725242700000,0.40540000,0.40710000,0.40530000,0.40600000,225094.30000000,1725242999999,91517.14816000,751,147031.60000000,59789.55033000,0
1725243000000,0.40600000,0.40630000,0.40510000,0.40550000,377805.60000000,1725243299999,153218.77517000,658,190369.40000000,77185.71113000,0
1725243300000,0.40550000,0.40690000,0.40530000,0.40650000,76430.50000000,1725243599999,31048.44648000,465,29374.50000000,11932.18226000,0
1725243600000,0.40660000,0.40720000,0.40640000,0.40700000,70356.40000000,1725243899999,28623.81951000,348,14288.20000000,5813.02899000,0
1725243900000,0.40720000,0.40740000,0.40600000,0.40600000,106794.20000000,1725244199999,43413.52832000,201,30472.90000000,12384.12524000,0
1725244200000,0.40610000,0.40620000,0.40450000,0.40460000,152812.40000000,1725244499999,61913.03910000,442,61052.40000000,24741.21994000,0
1725244500000,0.40460000,0.40500000,0.40420000,0.40440000,49675.00000000,1725244799999,20093.37559000,301,21585.00000000,8732.07320000,0
1725244800000,0.40440000,0.40560000,0.40440000,0.40560000,103162.60000000,1725245099999,41787.63222000,388,49497.90000000,20047.16825000,0
1725245100000,0.40550000,0.40610000,0.40510000,0.40510000,126630.20000000,1725245399999,51361.18210000,536,78594.20000000,31878.58257000,0
1725245400000,0.40510000,0.40520000,0.40470000,0.40520000,78127.40000000,1725245699999,31634.65739000,290,68048.80000000,27553.40373000,0
1725245700000,0.40520000,0.40570000,0.40510000,0.40510000,579825.30000000,1725245999999,235063.77854000,576,160915.80000000,65235.82304000,0
1725246000000,0.40500000,0.40690000,0.40490000,0.40660000,175294.10000000,1725246299999,71146.69424000,885,137126.90000000,55638.14411000,0
1725246300000,0.40660000,0.40680000,0.40550000,0.40670000,172145.20000000,1725246599999,69892.18653000,421,115420.00000000,46863.06305000,0
1725246600000,0.40670000,0.40770000,0.40630000,0.40770000,210903.10000000,1725246899999,85832.06844000,508,117105.70000000,47650.43017000,0
1725246900000,0.40780000,0.40870000,0.40770000,0.40830000,272916.30000000,1725247199999,111416.44513000,906,139689.30000000,57017.37351000,0
1725247200000,0.40820000,0.40900000,0.40740000,0.40820000,223724.50000000,1725247499999,91400.11298000,645,121189.80000000,49520.03577000,0
1725247500000,0.40820000,0.40840000,0.40740000,0.40770000,18304.10000000,1725247799999,7462.27053000,215,13968.90000000,5694.59170000,0
1725247800000,0.40770000,0.40790000,0.40700000,0.40740000,119901.80000000,1725248099999,48821.41118000,183,80337.80000000,32712.70976000,0
1725248100000,0.40750000,0.40840000,0.40730000,0.40800000,111328.00000000,1725248399999,45423.55324000,406,28344.30000000,11564.49071000,0
1725248400000,0.40800000,0.40800000,0.40680000,0.40740000,125408.40000000,1725248699999,51074.51022000,655,73097.90000000,29772.60211000,0
1725248700000,0.40750000,0.40830000,0.40710000,0.40790000,157162.50000000,1725248999999,64115.58756000,397,71506.30000000,29173.56633000,0
1725249000000,0.40800000,0.40810000,0.40690000,0.40770000,138844.40000000,1725249299999,56570.78499000,370,52694.70000000,21476.67599000,0
1725249300000,0.40770000,0.40770000,0.40670000,0.40720000,188203.50000000,1725249599999,76608.54990000,442,123207.30000000,50152.98287000,0
1725249600000,0.40730000,0.40760000,0.40650000,0.40710000,200253.40000000,1725249899999,81494.61392000,884,126839.50000000,51616.84284000,0
1725249900000,0.40700000,0.40830000,0.40690000,0.40740000,273692.90000000,1725250199999,111524.93962000,785,217593.10000000,88652.33477000,0
1725250200000,0.40740000,0.40740000,0.40670000,0.40680000,295077.00000000,1725250499999,120084.24904000,658,113887.70000000,46355.26084000,0
1725250500000,0.40680000,0.40690000,0.40590000,0.40590000,182721.90000000,1725250799999,74250.82699000,596,80125.50000000,32556.72801000,0
1725250800000,0.40600000,0.40620000,0.40530000,0.40530000,146730.40000000,1725251099999,59534.33208000,595,65302.10000000,26497.60291000,0
1725251100000,0.40530000,0.40550000,0.40500000,0.40550000,121284.10000000,1725251399999,49141.14994000,421,57621.40000000,23350.36814000,0
1725251400000,0.40540000,0.40570000,0.40420000,0.40420000,151952.20000000,1725251699999,61546.09903000,750,49381.50000000,20003.92022000,0
1725251700000,0.40430000,0.40440000,0.40290000,0.40330000,501225.20000000,1725251999999,202243.49888000,947,224623.50000000,90636.02351000,0
1725252000000,0.40320000,0.40330000,0.40260000,0.40270000,213929.30000000,1725252299999,86203.12802000,658,140198.70000000,56496.20463000,0
1725252300000,0.40280000,0.40340000,0.40260000,0.40340000,137338.20000000,1725252599999,55337.36759000,397,101966.90000000,41087.60852000,0
1725252600000,0.40340000,0.40350000,0.40180000,0.40190000,260087.40000000,1725252899999,104653.05160000,1022,158645.10000000,63806.28352000,0
1725252900000,0.40190000,0.40200000,0.40050000,0.40060000,689632.90000000,1725253199999,276702.36153000,1386,410087.90000000,164553.57212000,0
1725253200000,0.40060000,0.40190000,0.40050000,0.40180000,345946.60000000,1725253499999,138794.60522000,700,287484.70000000,115340.22107000,0
1725253500000,0.40170000,0.40210000,0.40110000,0.40150000,152070.60000000,1725253799999,61059.21472000,516,69569.80000000,27928.88379000,0
1725253800000,0.40160000,0.40210000,0.40120000,0.40180000,168563.00000000,1725254099999,67706.32077000,446,126703.60000000,50890.84292000,0
1725254100000,0.40190000,0.40330000,0.40190000,0.40320000,300126.00000000,1725254399999,120838.05317000,844,217228.10000000,87462.36498000,0
1725254400000,0.40310000,0.40350000,0.40310000,0.40350000,75148.20000000,1725254699999,30309.28552000,220,45459.90000000,18335.53994000,0
1725254700000,0.40350000,0.40400000,0.40330000,0.40380000,311820.40000000,1725254999999,125900.19713000,555,221961.90000000,89617.14310000,0
1725255000000,0.40390000,0.40390000,0.40280000,0.40340000,275628.90000000,1725255299999,111192.10184000,960,128559.00000000,51859.17190000,0
1725255300000,0.40340000,0.40460000,0.40340000,0.40460000,581040.70000000,1725255599999,234666.66573000,934,290145.90000000,117188.16409000,0
1725255600000,0.40470000,0.40650000,0.40470000,0.40590000,270051.80000000,1725255899999,109648.72422000,1092,122756.60000000,49841.17781000,0
1725255900000,0.40600000,0.40750000,0.40580000,0.40680000,332187.40000000,1725256199999,135219.60662000,1114,186889.50000000,76065.67508000,0
1725256200000,0.40690000,0.40810000,0.40630000,0.40700000,489559.30000000,1725256499999,199397.10733000,1476,201046.00000000,81917.53998000,0
1725256500000,0.40700000,0.40710000,0.40630000,0.40670000,208082.60000000,1725256799999,84608.17230000,941,137507.40000000,55912.48834000,0
1725256800000,0.40670000,0.40830000,0.40670000,0.40770000,266291.60000000,1725257099999,108526.44304000,1261,127185.50000000,51823.58871000,0
1725257100000,0.40770000,0.40790000,0.40630000,0.40670000,260502.30000000,1725257399999,106050.45242000,985,82198.30000000,33457.98309000,0
1725257400000,0.40670000,0.40720000,0.40630000,0.40680000,212960.90000000,1725257699999,86604.85300000,811,96779.30000000,39351.58785000,0
1725257700000,0.40670000,0.40720000,0.40620000,0.40620000,126485.40000000,1725257999999,51451.85277000,500,57339.50000000,23327.56767000,0
1725258000000,0.40620000,0.40710000,0.40600000,0.40660000,312538.90000000,1725258299999,127050.41010000,634,222766.10000000,90542.55986000,0
1725258300000,0.40660000,0.40670000,0.40550000,0.40590000,140537.90000000,1725258599999,57044.46083000,494,99447.80000000,40359.91513000,0
1725258600000,0.40600000,0.40650000,0.40580000,0.40650000,55120.30000000,1725258899999,22393.05745000,253,26958.30000000,10952.34664000,0
1725258900000,0.40660000,0.40720000,0.40650000,0.40710000,48362.00000000,1725259199999,19678.10536000,237,31638.00000000,12872.88636000,0
1725259200000,0.40710000,0.40720000,0.40620000,0.40650000,59041.60000000,1725259499999,24006.03347000,221,34808.20000000,14148.59461000,0
1725259500000,0.40640000,0.40770000,0.40640000,0.40770000,134811.30000000,1725259799999,54896.36961000,368,56598.50000000,23033.45261000,0
1725259800000,0.40770000,0.40800000,0.40720000,0.40750000,123639.30000000,1725260099999,50399.79863000,423,50878.50000000,20742.95025000,0
1725260100000,0.40750000,0.40770000,0.40700000,0.40710000,135146.60000000,1725260399999,55053.22203000,451,26456.80000000,10780.60177000,0
1725260400000,0.40710000,0.40770000,0.40700000,0.40750000,113553.40000000,1725260699999,46256.44805000,330,58839.80000000,23968.57891000,0
1725260700000,0.40750000,0.40780000,0.40710000,0.40710000,56497.50000000,1725260999999,23030.58000000,406,30550.30000000,12454.32180000,0
1725261000000,0.40720000,0.40720000,0.40610000,0.40670000,117361.80000000,1725261299999,47719.27697000,381,57451.20000000,23364.39071000,0
1725261300000,0.40660000,0.40670000,0.40560000,0.40560000,204844.00000000,1725261599999,83149.52911000,758,82431.30000000,33459.58197000,0
1725261600000,0.40560000,0.40620000,0.40530000,0.40540000,148813.80000000,1725261899999,60389.21451000,633,80130.90000000,32518.57800000,0
1725261900000,0.40540000,0.40550000,0.40450000,0.40480000,163483.20000000,1725262199999,66222.46512000,726,82894.60000000,33578.37108000,0
1725262200000,0.40480000,0.40510000,0.40430000,0.40440000,128816.00000000,1725262499999,52144.53247000,539,65839.60000000,26651.18412000,0
1725262500000,0.40430000,0.40440000,0.40200000,0.40220000,853822.40000000,1725262799999,343826.80057000,1616,429289.20000000,172914.54728000,0
1725262800000,0.40220000,0.40220000,0.40140000,0.40160000,836796.00000000,1725263099999,336205.41279000,1561,424385.50000000,170500.33511000,0
1725263100000,0.40160000,0.40160000,0.40020000,0.40080000,588817.80000000,1725263399999,235983.01445000,1552,291378.10000000,116797.35236000,0
1725263400000,0.40090000,0.40170000,0.40070000,0.40100000,358749.50000000,1725263699999,143849.71222000,844,215368.70000000,86361.33690000,0
1725263700000,0.40100000,0.40170000,0.40070000,0.40150000,301052.10000000,1725263999999,120786.80740000,1115,209318.70000000,83984.79932000,0
1725264000000,0.40150000,0.40240000,0.40060000,0.40230000,977316.70000000,1725264299999,392531.00943000,1794,505840.20000000,203140.31693000,0
1725264300000,0.40230000,0.40230000,0.40070000,0.40090000,633040.90000000,1725264599999,254031.91794000,1543,268545.10000000,107808.72032000,0
1725264600000,0.40100000,0.40360000,0.40090000,0.40320000,990290.10000000,1725264899999,398426.10074000,3692,583955.30000000,234933.66817000,0
1725264900000,0.40330000,0.40360000,0.40180000,0.40330000,1175553.10000000,1725265199999,473497.77068000,4660,565049.90000000,227589.87054000,0
1725265200000,0.40340000,0.40500000,0.40340000,0.40440000,613660.30000000,1725265499999,248032.35047000,4171,352313.30000000,142402.64962000,0
1725265500000,0.40450000,0.40490000,0.40280000,0.40410000,458868.70000000,1725265799999,185350.61475000,2992,262229.20000000,105922.08457000,0
1725265800000,0.40420000,0.40600000,0.40410000,0.40510000,1009342.30000000,1725266099999,409161.94917000,5678,644308.00000000,261169.92998000,0
1725266100000,0.40500000,0.40600000,0.40400000,0.40430000,723595.30000000,1725266399999,293123.72445000,3405,409869.80000000,166035.20074000,0
1725266400000,0.40430000,0.40570000,0.40430000,0.40480000,267418.50000000,1725266699999,108302.10473000,2133,157654.60000000,63847.05206000,0
1725266700000,0.40470000,0.40550000,0.40360000,0.40450000,545047.00000000,1725266999999,220600.90604000,3240,326030.50000000,131972.32335000,0
1725267000000,0.40440000,0.40560000,0.40410000,0.40440000,284040.80000000,1725267299999,114997.37845000,2008,167815.70000000,67938.44632000,0
1725267300000,0.40430000,0.40430000,0.40310000,0.40320000,248555.20000000,1725267599999,100352.63420000,1304,120342.80000000,48582.72108000,0
1725267600000,0.40320000,0.40390000,0.40210000,0.40230000,570908.20000000,1725267899999,230039.41151000,2342,308116.50000000,124145.95694000,0
1725267900000,0.40220000,0.40270000,0.40140000,0.40250000,480075.70000000,1725268199999,193020.17729000,2027,261067.20000000,104970.94702000,0
1725268200000,0.40240000,0.40240000,0.40040000,0.40040000,495571.90000000,1725268499999,198847.23436000,2357,283808.30000000,113871.97252000,0
1725268500000,0.40040000,0.40070000,0.39980000,0.40070000,672266.30000000,1725268799999,269104.65627000,2840,382288.40000000,153029.54982000,0
1725268800000,0.40070000,0.40080000,0.39950000,0.40030000,501191.30000000,1725269099999,200566.03166000,2659,230921.20000000,92413.85776000,0
1725269100000,0.40030000,0.40110000,0.40010000,0.40050000,325035.60000000,1725269399999,130134.87309000,1275,159521.20000000,63872.99392000,0
1725269400000,0.40050000,0.40080000,0.39880000,0.40010000,931187.20000000,1725269699999,372038.99730000,2670,457122.60000000,182617.39697000,0
1725269700000,0.40020000,0.40050000,0.39870000,0.39900000,445508.80000000,1725269999999,177921.02612000,2152,246966.20000000,98601.20350000,0
1725270000000,0.39900000,0.40050000,0.39880000,0.39980000,527311.10000000,1725270299999,210648.21628000,2758,328375.20000000,131176.59053000,0
1725270300000,0.39980000,0.40180000,0.39940000,0.40090000,1007488.10000000,1725270599999,403698.05483000,4299,564276.70000000,226047.27341000,0
1725270600000,0.40090000,0.40360000,0.40080000,0.40310000,969477.70000000,1725270899999,389936.57937000,6332,477644.20000000,192117.86744000,0
1725270900000,0.40310000,0.40500000,0.40310000,0.40390000,852145.80000000,1725271199999,344292.41191000,5818,436460.20000000,176333.03551000,0
1725271200000,0.40380000,0.40520000,0.40300000,0.40330000,813566.90000000,1725271499999,328675.62740000,6177,397132.30000000,160436.87218000,0
1725271500000,0.40330000,0.40390000,0.40220000,0.40280000,785132.70000000,1725271799999,316124.79825000,2839,542100.30000000,218253.32814000,0
1725271800000,0.40290000,0.40440000,0.40280000,0.40300000,568687.80000000,1725272099999,229513.05309000,3352,221418.00000000,89386.75553000,0
1725272100000,0.40300000,0.40420000,0.40230000,0.40320000,876118.70000000,1725272399999,353389.11756000,3695,524972.70000000,211732.13146000,0
1725272400000,0.40310000,0.40760000,0.40310000,0.40650000,1743473.60000000,1725272699999,707159.56764000,4248,1081203.90000000,438637.63081000,0
1725272700000,0.40650000,0.40850000,0.40650000,0.40850000,470869.30000000,1725272999999,191915.94347000,2778,252886.30000000,103054.60332000,0
1725273000000,0.40850000,0.40930000,0.40770000,0.40870000,666264.20000000,1725273299999,272180.98361000,2340,298555.90000000,121958.95215000,0
1725273300000,0.40860000,0.40900000,0.40640000,0.40660000,243523.10000000,1725273599999,99198.92182000,1430,132108.50000000,53767.20018000,0
1725273600000,0.40670000,0.40680000,0.40600000,0.40620000,165823.40000000,1725273899999,67370.14108000,517,125114.40000000,50829.30261000,0
1725273900000,0.40610000,0.40650000,0.40530000,0.40580000,454463.20000000,1725274199999,184383.76690000,1023,241714.20000000,98075.56235000,0
1725274200000,0.40580000,0.40680000,0.40580000,0.40610000,176717.10000000,1725274499999,71793.96666000,806,82748.80000000,33611.36113000,0
1725274500000,0.40610000,0.40700000,0.40600000,0.40700000,174561.70000000,1725274799999,70986.65707000,870,116155.10000000,47237.42891000,0
1725274800000,0.40690000,0.40720000,0.40550000,0.40640000,202552.40000000,1725275099999,82235.49857000,917,113124.70000000,45917.66880000,0
1725275100000,0.40630000,0.40630000,0.40550000,0.40550000,108984.20000000,1725275399999,44226.33268000,1352,40153.60000000,16292.61235000,0
1725275400000,0.40550000,0.40570000,0.40510000,0.40550000,123136.90000000,1725275699999,49927.02805000,1033,37968.00000000,15392.60948000,0
1725275700000,0.40540000,0.40710000,0.40530000,0.40680000,144524.60000000,1725275999999,58724.68929000,1687,98764.30000000,40126.56571000,0
1725276000000,0.40690000,0.40740000,0.40640000,0.40730000,171932.00000000,1725276299999,69951.91885000,1611,74960.50000000,30493.18419000,0
1725276300000,0.40730000,0.40870000,0.40720000,0.40820000,263681.50000000,1725276599999,107595.83661000,2024,135025.30000000,55110.32155000,0
1725276600000,0.40820000,0.40830000,0.40760000,0.40780000,156326.10000000,1725276899999,63762.52768000,1747,83608.70000000,34101.99942000,0
1725276900000,0.40790000,0.40790000,0.40690000,0.40740000,242307.50000000,1725277199999,98673.18834000,1114,85112.60000000,34669.28593000,0
1725277200000,0.40760000,0.40850000,0.40650000,0.40680000,617523.90000000,1725277499999,251767.94991000,1757,360005.60000000,146804.08781000,0
1725277500000,0.40680000,0.40710000,0.40600000,0.40700000,310127.50000000,1725277799999,126074.71991000,1978,210444.20000000,85551.77249000,0
1725277800000,0.40700000,0.40710000,0.40530000,0.40540000,213314.70000000,1725278099999,86585.32300000,732,120079.60000000,48748.70608000,0
1725278100000,0.40540000,0.40600000,0.40540000,0.40560000,80534.40000000,1725278399999,32661.27263000,345,42743.90000000,17335.04651000,0
1725278400000,0.40560000,0.40610000,0.40500000,0.40590000,151317.70000000,1725278699999,61375.11132000,493,98317.80000000,39875.20002000,0
1725278700000,0.40580000,0.40610000,0.40460000,0.40460000,264643.20000000,1725278999999,107285.14151000,816,119104.30000000,48274.16277000,0
1725279000000,0.40450000,0.40460000,0.40330000,0.40340000,744233.10000000,1725279299999,300637.60133000,1219,407168.40000000,164488.67735000,0
1725279300000,0.40340000,0.40400000,0.40330000,0.40330000,412102.30000000,1725279599999,166324.26639000,1459,306624.20000000,123754.59277000,0
1725279600000,0.40340000,0.40430000,0.40330000,0.40370000,428910.30000000,1725279899999,173232.02692000,1063,333914.60000000,134850.72014000,0
1725279900000,0.40370000,0.40460000,0.40360000,0.40370000,498764.90000000,1725280199999,201536.08891000,1333,310718.00000000,125537.61644000,0
1725280200000,0.40380000,0.40380000,0.40240000,0.40250000,306629.70000000,1725280499999,123536.98166000,1502,110169.30000000,44384.90447000,0
1725280500000,0.40250000,0.40250000,0.40160000,0.40180000,384002.30000000,1725280799999,154409.35363000,1633,257967.90000000,103722.24613000,0
1725280800000,0.40180000,0.40210000,0.40060000,0.40070000,526219.50000000,1725281099999,211261.71630000,1314,385611.50000000,154799.12556000,0
1725281100000,0.40060000,0.40120000,0.40020000,0.40120000,477558.00000000,1725281399999,191384.50484000,1316,386880.40000000,155047.65926000,0
1725281400000,0.40120000,0.40210000,0.40080000,0.40100000,322812.20000000,1725281699999,129600.04485000,1044,195941.70000000,78669.46836000,0
1725281700000,0.40100000,0.40250000,0.40100000,0.40220000,313979.60000000,1725281999999,126114.53669000,1029,243886.80000000,97971.44412000,0
1725282000000,0.40220000,0.40290000,0.40090000,0.40100000,339384.80000000,1725282299999,136453.05722000,997,173749.80000000,69875.49816000,0
1725282300000,0.40090000,0.40190000,0.40040000,0.40170000,323001.00000000,1725282599999,129618.00490000,1020,220350.00000000,88429.54659000,0
1725282600000,0.40180000,0.40210000,0.40130000,0.40170000,276446.70000000,1725282899999,111039.16995000,1101,203770.50000000,81859.79273000,0
1725282900000,0.40160000,0.40240000,0.40120000,0.40150000,190583.90000000,1725283199999,76551.37897000,1176,117567.50000000,47221.76066000,0
1725283200000,0.40150000,0.40150000,0.40020000,0.40070000,414270.70000000,1725283499999,165974.50074000,2020,264999.70000000,106165.88685000,0
1725283500000,0.40070000,0.40070000,0.39970000,0.40010000,424059.80000000,1725283799999,169663.42213000,1436,288597.80000000,115467.21524000,0
1725283800000,0.40010000,0.40120000,0.39970000,0.40000000,250115.00000000,1725284099999,100142.88015000,1625,169185.80000000,67736.29120000,0
1725284100000,0.39990000,0.40060000,0.39820000,0.39830000,549829.60000000,1725284399999,219533.74826000,1375,353916.30000000,141301.43555000,0
1725284400000,0.39830000,0.39930000,0.39820000,0.39930000,457980.80000000,1725284699999,182603.84191000,1517,191388.70000000,76292.34467000,0
1725284700000,0.39940000,0.40080000,0.39930000,0.40040000,262762.60000000,1725284999999,105151.15821000,1480,147674.00000000,59087.60023000,0
1725285000000,0.40050000,0.40150000,0.40040000,0.40120000,827411.00000000,1725285299999,331768.61622000,1496,450331.90000000,180539.54237000,0
1725285300000,0.40130000,0.40150000,0.40000000,0.40000000,389328.80000000,1725285599999,156108.20767000,1139,86917.50000000,34852.94858000,0
1725285600000,0.40010000,0.40060000,0.39840000,0.40030000,860822.90000000,1725285899999,343935.20883000,2389,499725.90000000,199652.28547000,0
1725285900000,0.40040000,0.40090000,0.39840000,0.39860000,521423.30000000,1725286199999,208213.17689000,2242,299056.60000000,119373.16956000,0
1725286200000,0.39850000,0.39860000,0.39630000,0.39680000,1047420.40000000,1725286499999,415832.44795000,2701,472530.00000000,187588.85283000,0
1725286500000,0.39700000,0.39760000,0.39560000,0.39690000,719038.50000000,1725286799999,285180.94542000,3406,336097.50000000,133265.77851000,0
1725286800000,0.39690000,0.39850000,0.39690000,0.39830000,206814.00000000,1725287099999,82280.28080000,1128,120319.10000000,47878.23928000,0
1725287100000,0.39820000,0.39970000,0.39750000,0.39890000,462750.00000000,1725287399999,184468.51703000,1894,145696.10000000,58066.70485000,0
1725287400000,0.39900000,0.40210000,0.39870000,0.40130000,1255349.80000000,1725287699999,502958.11742000,6702,691697.50000000,277038.19898000,0
1725287700000,0.40130000,0.40380000,0.40050000,0.40070000,591949.40000000,1725287999999,238205.91665000,4814,223874.80000000,90104.79270000,0
1725288000000,0.40080000,0.40090000,0.39950000,0.40000000,374266.60000000,1725288299999,149751.64701000,2194,158354.50000000,63375.10740000,0
1725288300000,0.40000000,0.40130000,0.39880000,0.40070000,1689283.40000000,1725288599999,675604.03896000,4212,817894.70000000,327069.40824000,0
1725288600000,0.40070000,0.40160000,0.39960000,0.40160000,329009.20000000,1725288899999,131776.40543000,1784,121438.80000000,48643.64099000,0
1725288900000,0.40150000,0.40200000,0.40070000,0.40170000,140980.90000000,1725289199999,56585.08033000,787,52548.40000000,21088.35567000,0
1725289200000,0.40170000,0.40170000,0.39980000,0.40050000,348365.10000000,1725289499999,139515.60107000,2030,153093.60000000,61306.87474000,0
1725289500000,0.40050000,0.40280000,0.40030000,0.40280000,300781.40000000,1725289799999,120874.03435000,1713,145247.80000000,58351.88337000,0
1725289800000,0.40270000,0.40330000,0.40070000,0.40070000,382500.60000000,1725290099999,153653.01223000,1671,107506.90000000,43217.26939000,0
1725290100000,0.40070000,0.40120000,0.40000000,0.40050000,262901.80000000,1725290399999,105327.56335000,1331,125383.20000000,50228.39209000,0
1725290400000,0.40050000,0.40230000,0.40050000,0.40120000,92048.50000000,1725290699999,36959.77172000,1316,36432.30000000,14627.05173000,0
1725290700000,0.40130000,0.40130000,0.39960000,0.39970000,288538.60000000,1725290999999,115547.00927000,1217,177485.50000000,71088.64075000,0
1725291000000,0.39980000,0.40140000,0.39950000,0.40120000,181773.90000000,1725291299999,72760.74813000,1039,130415.50000000,52199.60481000,0
1725291300000,0.40130000,0.40280000,0.40080000,0.40260000,409011.40000000,1725291599999,164224.19498000,1447,176641.70000000,70923.66070000,0
1725291600000,0.40260000,0.40450000,0.40240000,0.40350000,1142651.90000000,1725291899999,461198.27636000,2034,741124.00000000,299086.05619000,0
1725291900000,0.40350000,0.40400000,0.40280000,0.40400000,317862.70000000,1725292199999,128219.51904000,2626,134894.50000000,54413.10849000,0
1725292200000,0.40390000,0.40430000,0.40370000,0.40410000,238722.40000000,1725292499999,96435.75257000,785,91007.60000000,36763.26109000,0
1725292500000,0.40410000,0.40440000,0.40280000,0.40340000,194781.10000000,1725292799999,78626.32287000,740,67648.50000000,27317.98243000,0
1725292800000,0.40330000,0.40430000,0.40300000,0.40400000,425371.40000000,1725293099999,171662.32020000,1186,206378.60000000,83268.71851000,0
1725293100000,0.40400000,0.40410000,0.40340000,0.40370000,181666.50000000,1725293399999,73351.55309000,1117,97888.80000000,39521.36213000,0
1725293400000,0.40380000,0.40470000,0.40300000,0.40450000,106383.60000000,1725293699999,42963.73413000,1126,54351.70000000,21944.96814000,0
1725293700000,0.40450000,0.40480000,0.40330000,0.40330000,113954.00000000,1725293999999,46070.27009000,797,76189.50000000,30805.30727000,0
1725294000000,0.40340000,0.40390000,0.40310000,0.40380000,81249.50000000,1725294299999,32774.33004000,658,29281.40000000,11814.99610000,0
1725294300000,0.40380000,0.40410000,0.40200000,0.40240000,235002.80000000,1725294599999,94644.08733000,1364,67306.90000000,27106.58684000,0
1725294600000,0.40240000,0.40330000,0.40170000,0.40220000,144105.50000000,1725294899999,57998.73257000,1577,88187.10000000,35492.06588000,0
1725294900000,0.40230000,0.40330000,0.40160000,0.40180000,149889.90000000,1725295199999,60295.12273000,1201,72989.60000000,29363.58106000,0
1725295200000,0.40180000,0.40290000,0.40160000,0.40280000,162733.20000000,1725295499999,65414.19968000,1348,58967.60000000,23709.43243000,0
1725295500000,0.40290000,0.40330000,0.40210000,0.40240000,164419.90000000,1725295799999,66225.85521000,1174,75923.10000000,30581.38088000,0
1725295800000,0.40240000,0.40290000,0.40180000,0.40190000,130887.20000000,1725296099999,52634.57206000,2029,55948.60000000,22504.81469000,0
1725296100000,0.40190000,0.40300000,0.40180000,0.40300000,95868.90000000,1725296399999,38577.50485000,828,67731.00000000,27255.04419000,0
1725296400000,0.40290000,0.40480000,0.40290000,0.40470000,378146.90000000,1725296699999,152785.76508000,1397,203163.50000000,82069.44476000,0
1725296700000,0.40460000,0.40480000,0.40330000,0.40360000,179903.60000000,1725296999999,72652.16678000,2069,113744.70000000,45910.20679000,0
1725297000000,0.40350000,0.40490000,0.40340000,0.40470000,165135.70000000,1725297299999,66770.27724000,1043,87397.10000000,35323.76487000,0
1725297300000,0.40460000,0.40460000,0.40370000,0.40450000,92040.70000000,1725297599999,37187.47386000,1238,43808.10000000,17700.71323000,0
1725297600000,0.40450000,0.40480000,0.40420000,0.40480000,59856.60000000,1725297899999,24213.77083000,787,32331.30000000,13080.53200000,0
1725297900000,0.40480000,0.40540000,0.40440000,0.40540000,114554.90000000,1725298199999,46384.37688000,1172,54601.30000000,22105.51494000,0
1725298200000,0.40540000,0.40600000,0.40390000,0.40480000,247786.20000000,1725298499999,100341.48041000,2761,148509.10000000,60108.93344000,0
1725298500000,0.40470000,0.40520000,0.40450000,0.40500000,171191.50000000,1725298799999,69317.98808000,960,51867.90000000,21000.13472000,0
1725298800000,0.40500000,0.40530000,0.40440000,0.40450000,89772.30000000,1725299099999,36338.44320000,1206,53373.80000000,21607.93751000,0
1725299100000,0.40450000,0.40670000,0.40450000,0.40660000,301105.50000000,1725299399999,122220.35518000,1127,127890.40000000,51912.69664000,0
1725299400000,0.40660000,0.40700000,0.40610000,0.40700000,266684.30000000,1725299699999,108470.89129000,1113,127431.70000000,51826.76431000,0
1725299700000,0.40690000,0.40720000,0.40650000,0.40690000,81205.50000000,1725299999999,33040.36299000,559,35490.70000000,14440.21406000,0
1725300000000,0.40690000,0.40720000,0.40620000,0.40670000,313546.20000000,1725300299999,127494.98098000,898,114184.30000000,46432.96568000,0
1725300300000,0.40660000,0.40700000,0.40630000,0.40640000,114579.00000000,1725300599999,46582.13519000,482,56065.80000000,22793.83933000,0
1725300600000,0.40640000,0.40820000,0.40630000,0.40810000,381073.70000000,1725300899999,155339.47818000,1972,197783.40000000,80617.67602000,0
1725300900000,0.40810000,0.40910000,0.40780000,0.40820000,304126.90000000,1725301199999,124254.94735000,1762,139277.60000000,56904.27397000,0
1725301200000,0.40820000,0.40870000,0.40770000,0.40850000,86617.10000000,1725301499999,35363.96698000,1107,33622.00000000,13726.22337000,0
1725301500000,0.40850000,0.40860000,0.40750000,0.40780000,102899.70000000,1725301799999,41971.29116000,338,44663.10000000,18221.13527000,0
1725301800000,0.40790000,0.40840000,0.40700000,0.40700000,47278.30000000,1725302099999,19282.22058000,445,24479.20000000,9987.31016000,0
1725302100000,0.40700000,0.40730000,0.40640000,0.40690000,186653.80000000,1725302399999,75961.14796000,792,107595.50000000,43780.63623000,0
1725302400000,0.40680000,0.40720000,0.40600000,0.40630000,129701.70000000,1725302699999,52726.34631000,347,89571.90000000,36422.05367000,0
1725302700000,0.40620000,0.40620000,0.40510000,0.40620000,141860.30000000,1725302999999,57555.09414000,682,90408.90000000,36684.20119000,0
1725303000000,0.40610000,0.40650000,0.40600000,0.40630000,55146.70000000,1725303299999,22403.14063000,960,21095.40000000,8570.39651000,0
1725303300000,0.40620000,0.40710000,0.40600000,0.40710000,144175.80000000,1725303599999,58594.56575000,649,113767.20000000,46237.52634000,0
1725303600000,0.40690000,0.40700000,0.40550000,0.40560000,47367.70000000,1725303899999,19233.09164000,271,11009.70000000,4469.40126000,0
1725303900000,0.40560000,0.40680000,0.40530000,0.40660000,47288.60000000,1725304199999,19198.89163000,269,37837.70000000,15363.83326000,0
1725304200000,0.40670000,0.40750000,0.40640000,0.40650000,193312.60000000,1725304499999,78731.31664000,545,119077.10000000,48502.10084000,0
1725304500000,0.40650000,0.40700000,0.40610000,0.40610000,79925.30000000,1725304799999,32499.61169000,514,56294.50000000,22892.90504000,0
1725304800000,0.40620000,0.40630000,0.40570000,0.40600000,101577.10000000,1725305099999,41245.48172000,1320,53150.20000000,21584.12921000,0
1725305100000,0.40590000,0.40690000,0.40590000,0.40690000,60108.80000000,1725305399999,24439.21667000,459,30609.20000000,12445.12808000,0
1725305400000,0.40680000,0.40680000,0.40610000,0.40680000,92041.10000000,1725305699999,37404.58875000,880,30332.10000000,12327.56389000,0
1725305700000,0.40680000,0.40760000,0.40630000,0.40640000,79257.30000000,1725305999999,32261.94619000,840,44623.40000000,18158.67306000,0
1725306000000,0.40640000,0.40660000,0.40620000,0.40640000,36153.30000000,1725306299999,14691.64476000,460,12331.40000000,5011.00615000,0
1725306300000,0.40650000,0.40750000,0.40650000,0.40720000,73789.00000000,1725306599999,30033.58088000,645,43206.90000000,17583.29959000,0
1725306600000,0.40710000,0.40730000,0.40640000,0.40680000,51754.60000000,1725306899999,21052.25012000,819,17439.30000000,7093.91960000,0
1725306900000,0.40680000,0.40690000,0.40630000,0.40660000,35882.90000000,1725307199999,14588.87651000,212,16715.30000000,6796.52583000,0
1725307200000,0.40670000,0.40700000,0.40580000,0.40620000,36598.30000000,1725307499999,14864.92915000,270,18596.30000000,7552.09189000,0
1725307500000,0.40610000,0.40710000,0.40610000,0.40680000,88832.40000000,1725307799999,36124.43081000,713,56066.90000000,22802.34763000,0
1725307800000,0.40680000,0.40740000,0.40680000,0.40680000,37965.80000000,1725308099999,15456.02651000,525,24078.70000000,9804.06458000,0
1725308100000,0.40680000,0.40750000,0.40680000,0.40730000,116579.80000000,1725308399999,47473.52620000,183,88474.90000000,36028.34229000,0
1725308400000,0.40720000,0.40730000,0.40690000,0.40730000,65800.80000000,1725308699999,26790.17926000,338,41962.40000000,17084.59031000,0
1725308700000,0.40720000,0.40770000,0.40670000,0.40680000,77471.90000000,1725308999999,31551.36958000,321,45555.20000000,18553.54962000,0
1725309000000,0.40680000,0.40860000,0.40650000,0.40830000,226343.10000000,1725309299999,92291.02417000,815,115121.80000000,46949.04687000,0
1725309300000,0.40830000,0.40860000,0.40760000,0.40770000,116128.20000000,1725309599999,47409.38550000,1146,51142.60000000,20882.99540000,0
1725309600000,0.40770000,0.40820000,0.40730000,0.40810000,30246.00000000,1725309899999,12329.29479000,574,20255.00000000,8255.93335000,0
1725309900000,0.40800000,0.40800000,0.40740000,0.40770000,28122.70000000,1725310199999,11464.73212000,830,15171.60000000,6184.47029000,0
1725310200000,0.40770000,0.41310000,0.40770000,0.41280000,1647197.50000000,1725310499999,676934.17285000,5606,872279.70000000,358429.58056000,0
1725310500000,0.41290000,0.41500000,0.41130000,0.41300000,939861.10000000,1725310799999,388412.38909000,6988,464667.60000000,192056.59315000,0
1725310800000,0.41310000,0.41430000,0.41290000,0.41420000,367928.70000000,1725311099999,152113.49365000,3126,245462.80000000,101470.99367000,0
1725311100000,0.41420000,0.41450000,0.41220000,0.41300000,518835.00000000,1725311399999,214368.23073000,2311,171690.90000000,70931.38816000,0
1725311400000,0.41300000,0.41320000,0.41160000,0.41180000,210349.70000000,1725311699999,86722.24759000,1137,93809.20000000,38693.23225000,0
1725311700000,0.41190000,0.41210000,0.41060000,0.41120000,209967.10000000,1725311999999,86333.42764000,834,79299.30000000,32607.51595000,0
1725312000000,0.41120000,0.41210000,0.41100000,0.41140000,306275.00000000,1725312299999,125974.24154000,838,136835.90000000,56271.79587000,0
1725312300000,0.41140000,0.41170000,0.41110000,0.41170000,108715.80000000,1725312599999,44722.53819000,321,95593.30000000,39325.64721000,0
1725312600000,0.41170000,0.41190000,0.41120000,0.41180000,122103.80000000,1725312899999,50245.62672000,364,105837.80000000,43550.83819000,0
1725312900000,0.41170000,0.41180000,0.41040000,0.41060000,144947.60000000,1725313199999,59552.98144000,472,51934.00000000,21326.04634000,0
1725313200000,0.41060000,0.41120000,0.41050000,0.41060000,65022.40000000,1725313499999,26714.09094000,450,28573.50000000,11736.10159000,0
1725313500000,0.41060000,0.41060000,0.40970000,0.40980000,30491.60000000,1725313799999,12505.22928000,504,10538.60000000,4322.85738000,0
1725313800000,0.40980000,0.41100000,0.40950000,0.41080000,187317.50000000,1725314099999,76854.66055000,730,121743.40000000,49951.32080000,0
1725314100000,0.41080000,0.41230000,0.41080000,0.41160000,280312.90000000,1725314399999,115356.42121000,953,135976.00000000,55939.05239000,0
1725314400000,0.41160000,0.41280000,0.41130000,0.41250000,84097.30000000,1725314699999,34635.16665000,858,49714.50000000,20477.60897000,0
1725314700000,0.41250000,0.41250000,0.41170000,0.41220000,131361.30000000,1725314999999,54124.30168000,362,84988.30000000,35014.14502000,0
1725315000000,0.41210000,0.41240000,0.41100000,0.41130000,114384.10000000,1725315299999,47062.94996000,637,26989.20000000,11113.11464000,0
1725315300000,0.41140000,0.41190000,0.41080000,0.41160000,126115.90000000,1725315599999,51884.37411000,1180,55896.90000000,22994.48007000,0
1725315600000,0.41160000,0.41220000,0.41140000,0.41190000,93676.50000000,1725315899999,38579.00284000,670,36948.30000000,15216.52411000,0
1725315900000,0.41180000,0.41200000,0.41160000,0.41190000,64388.40000000,1725316199999,26511.73584000,369,53013.30000000,21827.89423000,0
1725316200000,0.41190000,0.41190000,0.41090000,0.41160000,228604.30000000,1725316499999,94071.38685000,505,97865.60000000,40265.93920000,0
1725316500000,0.41170000,0.41180000,0.41070000,0.41070000,55281.80000000,1725316799999,22732.74953000,355,26788.20000000,11025.62000000,0
1725316800000,0.41080000,0.41170000,0.41060000,0.41160000,75961.00000000,1725317099999,31216.66985000,605,21638.10000000,8898.12245000,0
1725317100000,0.41170000,0.41230000,0.41150000,0.41200000,66497.50000000,1725317399999,27382.68638000,462,36196.50000000,14902.83633000,0
1725317400000,0.41200000,0.41230000,0.41120000,0.41120000,53224.60000000,1725317699999,21920.28110000,321,37680.60000000,15516.16046000,0
1725317700000,0.41120000,0.41200000,0.41120000,0.41190000,70420.20000000,1725317999999,28982.44289000,204,38514.70000000,15846.86781000,0
1725318000000,0.41180000,0.41240000,0.41090000,0.41180000,101516.50000000,1725318299999,41804.55216000,742,49904.50000000,20546.88244000,0
1725318300000,0.41170000,0.41290000,0.41150000,0.41260000,103458.70000000,1725318599999,42681.65807000,629,51530.30000000,21255.87481000,0
1725318600000,0.41250000,0.41250000,0.41160000,0.41170000,50519.40000000,1725318899999,20806.31584000,509,14168.40000000,5834.80846000,0
1725318900000,0.41170000,0.41230000,0.41150000,0.41220000,41431.40000000,1725319199999,17060.73489000,641,25980.90000000,10697.30495000,0
1725319200000,0.41220000,0.41240000,0.41150000,0.41200000,32891.90000000,1725319499999,13556.25322000,491,12891.50000000,5312.72588000,0
1725319500000,0.41210000,0.41230000,0.41110000,0.41120000,35578.60000000,1725319799999,14648.31624000,429,21159.20000000,8712.96803000,0
1725319800000,0.41130000,0.41170000,0.41090000,0.41100000,59787.50000000,1725320099999,24587.86637000,393,22525.80000000,9262.51829000,0
1725320100000,0.41100000,0.41140000,0.41100000,0.41140000,89792.40000000,1725320399999,36924.41462000,312,52358.00000000,21524.97672000,0
1725320400000,0.41130000,0.41150000,0.41090000,0.41140000,35359.00000000,1725320699999,14536.68719000,242,14149.20000000,5817.14947000,0
1725320700000,0.41150000,0.41170000,0.41090000,0.41110000,84556.90000000,1725320999999,34776.81237000,349,49029.50000000,20162.74139000,0
1725321000000,0.41110000,0.41120000,0.41040000,0.41080000,78348.70000000,1725321299999,32183.67093000,413,24958.20000000,10249.24549000,0
1725321300000,0.41080000,0.41110000,0.41050000,0.41080000,118086.90000000,1725321599999,48486.02171000,292,64437.60000000,26455.97376000,0
1725321600000,0.41080000,0.41080000,0.41000000,0.41020000,47580.20000000,1725321899999,19521.22016000,371,32851.50000000,13476.70695000,0
1725321900000,0.41010000,0.41040000,0.40950000,0.40970000,296646.40000000,1725322199999,121590.42986000,692,139742.20000000,57275.22239000,0
1725322200000,0.40980000,0.41070000,0.40960000,0.40960000,158583.60000000,1725322499999,65050.85122000,1574,86826.50000000,35622.26556000,0
1725322500000,0.40950000,0.40960000,0.40850000,0.40920000,142154.60000000,1725322799999,58130.61429000,866,84278.40000000,34453.28039000,0
1725322800000,0.40930000,0.40940000,0.40810000,0.40870000,153222.90000000,1725323099999,62568.66352000,888,95613.90000000,39038.63578000,0
1725323100000,0.40860000,0.40930000,0.40840000,0.40910000,50951.10000000,1725323399999,20838.90939000,561,41677.70000000,17047.17216000,0
1725323400000,0.40900000,0.40970000,0.40870000,0.40870000,49947.20000000,1725323699999,20432.04279000,201,28790.00000000,11779.55928000,0
1725323700000,0.40870000,0.40890000,0.40770000,0.40870000,276356.30000000,1725323999999,112839.60567000,407,182742.00000000,74636.37587000,0
1725324000000,0.40880000,0.40920000,0.40850000,0.40910000,131642.90000000,1725324299999,53827.33013000,364,111689.40000000,45668.51283000,0
1725324300000,0.40910000,0.40920000,0.40850000,0.40880000,71837.80000000,1725324599999,29370.72186000,525,50165.40000000,20509.19288000,0
1725324600000,0.40880000,0.40890000,0.40790000,0.40790000,94636.90000000,1725324899999,38631.96417000,511,41588.40000000,16979.55268000,0
1725324900000,0.40800000,0.40910000,0.40800000,0.40910000,64473.70000000,1725325199999,26349.95261000,769,59952.60000000,24501.52722000,0
1725325200000,0.40910000,0.40930000,0.40840000,0.40910000,73600.80000000,1725325499999,30089.22381000,698,47368.60000000,19364.63525000,0
1725325500000,0.40920000,0.40990000,0.40900000,0.40980000,126843.80000000,1725325799999,51938.03887000,681,85366.20000000,34951.61903000,0
1725325800000,0.40990000,0.41000000,0.40920000,0.40960000,285504.30000000,1725326099999,116932.74396000,806,202294.80000000,82839.63078000,0
1725326100000,0.40950000,0.41000000,0.40890000,0.40890000,163536.50000000,1725326399999,67000.92097000,468,97088.00000000,39789.39667000,0
1725326400000,0.40880000,0.40930000,0.40800000,0.40820000,82948.60000000,1725326699999,33911.54726000,636,51747.40000000,21155.22024000,0
1725326700000,0.40810000,0.40900000,0.40790000,0.40890000,151940.60000000,1725326999999,62064.43340000,439,85890.80000000,35093.92527000,0
1725327000000,0.40900000,0.40940000,0.40860000,0.40860000,52298.50000000,1725327299999,21391.24029000,577,20734.50000000,8482.86442000,0
1725327300000,0.40850000,0.40880000,0.40780000,0.40780000,63811.10000000,1725327599999,26043.50310000,507,40440.90000000,16506.49612000,0
1725327600000,0.40780000,0.40800000,0.40770000,0.40780000,82945.30000000,1725327899999,33827.18863000,393,34645.90000000,14130.07808000,0
1725327900000,0.40780000,0.40880000,0.40750000,0.40860000,136724.50000000,1725328199999,55822.73426000,553,86102.70000000,35168.57958000,0
1725328200000,0.40860000,0.40950000,0.40830000,0.40950000,135133.80000000,1725328499999,55285.86542000,561,94037.90000000,38476.59929000,0
1725328500000,0.40940000,0.40990000,0.40920000,0.40990000,154034.00000000,1725328799999,63072.83346000,541,125800.50000000,51513.96168000,0
1725328800000,0.40990000,0.41150000,0.40940000,0.41060000,402285.00000000,1725329099999,165058.30525000,1883,227174.90000000,93213.20199000,0
1725329100000,0.41060000,0.41290000,0.41000000,0.41260000,377908.80000000,1725329399999,155475.81713000,1514,259230.00000000,106640.05031000,0
1725329400000,0.41250000,0.41400000,0.41170000,0.41350000,450022.80000000,1725329699999,185704.88095000,2529,325467.40000000,134311.26395000,0
1725329700000,0.41350000,0.41500000,0.41300000,0.41380000,493245.30000000,1725329999999,204115.50449000,1995,275899.40000000,114178.53312000,0
1725330000000,0.41380000,0.41410000,0.41200000,0.41220000,640009.20000000,1725330299999,264326.70833000,1661,384926.50000000,158960.17641000,0
1725330300000,0.41210000,0.41240000,0.41110000,0.41130000,737830.90000000,1725330599999,303752.37905000,1970,456177.40000000,187824.10589000,0
1725330600000,0.41140000,0.41200000,0.41100000,0.41110000,544265.40000000,1725330899999,223992.16201000,2024,369487.00000000,152062.27445000,0
1725330900000,0.41100000,0.41140000,0.41030000,0.41100000,542712.40000000,1725331199999,222865.81341000,2321,362749.70000000,148956.44983000,0
1725331200000,0.41100000,0.41140000,0.41010000,0.41120000,555711.30000000,1725331499999,228227.45728000,1968,290416.80000000,119257.88416000,0
1725331500000,0.41120000,0.41140000,0.41030000,0.41130000,351768.20000000,1725331799999,144531.17082000,1029,255652.80000000,105036.47158000,0
1725331800000,0.41130000,0.41160000,0.41020000,0.41040000,322191.50000000,1725332099999,132405.22988000,1096,205443.90000000,84429.01112000,0
1725332100000,0.41050000,0.41070000,0.40950000,0.40960000,199037.60000000,1725332399999,81574.28556000,888,123968.00000000,50799.93484000,0
1725332400000,0.40960000,0.41020000,0.40950000,0.40990000,233288.20000000,1725332699999,95610.37808000,1437,154542.10000000,63333.78127000,0
1725332700000,0.40990000,0.41020000,0.40920000,0.40950000,220764.70000000,1725332999999,90447.22795000,1132,116814.20000000,47855.54844000,0
1725333000000,0.40950000,0.41040000,0.40930000,0.41020000,392496.70000000,1725333299999,160834.74370000,1617,277156.90000000,113578.53318000,0
1725333300000,0.41010000,0.41090000,0.40970000,0.41080000,440703.50000000,1725333599999,180693.47899000,1483,210619.50000000,86366.02734000,0
1725333600000,0.41080000,0.41080000,0.40960000,0.40970000,182763.10000000,1725333899999,74939.80019000,1263,79615.50000000,32631.68714000,0
1725333900000,0.40970000,0.41000000,0.40910000,0.40920000,164050.90000000,1725334199999,67177.83531000,1071,119444.80000000,48915.71936000,0
1725334200000,0.40920000,0.40990000,0.40910000,0.40970000,196808.70000000,1725334499999,80617.08694000,693,92593.00000000,37919.91878000,0
1725334500000,0.40970000,0.41010000,0.40940000,0.40950000,159179.10000000,1725334799999,65211.18538000,920,111317.30000000,45604.56024000,0
1725334800000,0.40950000,0.40990000,0.40930000,0.40940000,122812.20000000,1725335099999,50296.70693000,691,75648.10000000,30981.53553000,0
1725335100000,0.40950000,0.41010000,0.40930000,0.40980000,116188.20000000,1725335399999,47597.50787000,1039,77038.90000000,31562.82851000,0
1725335400000,0.40980000,0.41080000,0.40960000,0.41020000,418272.30000000,1725335699999,171591.44694000,1304,240589.10000000,98669.01261000,0
1725335700000,0.41020000,0.41040000,0.40980000,0.41040000,148187.00000000,1725335999999,60774.40539000,643,87904.20000000,36049.07206000,0
1725336000000,0.41030000,0.41090000,0.40970000,0.41010000,445513.10000000,1725336299999,182818.90315000,1221,233022.90000000,95624.47603000,0
1725336300000,0.41020000,0.41030000,0.40960000,0.41020000,305890.60000000,1725336599999,125406.10414000,1100,157912.60000000,64740.22387000,0
1725336600000,0.41020000,0.41030000,0.40980000,0.41000000,101052.10000000,1725336899999,41441.14457000,594,64529.00000000,26464.05282000,0
1725336900000,0.40990000,0.41030000,0.40970000,0.41020000,81505.40000000,1725337199999,33416.40103000,523,50336.70000000,20638.55644000,0
1725337200000,0.41030000,0.41070000,0.40990000,0.40990000,186065.10000000,1725337499999,76347.68523000,922,111402.20000000,45713.24221000,0
1725337500000,0.40980000,0.41010000,0.40940000,0.41000000,118646.60000000,1725337799999,48615.56631000,506,51584.50000000,21143.71237000,0
1725337800000,0.41010000,0.41140000,0.40990000,0.41120000,226443.40000000,1725338099999,93058.70434000,789,127075.50000000,52219.21744000,0
1725338100000,0.41110000,0.41200000,0.41110000,0.41140000,381641.10000000,1725338399999,157108.18117000,1241,214460.50000000,88279.71108000,0
1725338400000,0.41130000,0.41170000,0.41110000,0.41170000,59037.90000000,1725338699999,24286.65893000,320,25133.50000000,10340.52008000,0
1725338700000,0.41160000,0.41210000,0.41090000,0.41090000,138203.40000000,1725338999999,56906.45357000,715,89117.10000000,36704.30917000,0
1725339000000,0.41090000,0.41090000,0.41000000,0.41020000,123428.90000000,1725339299999,50655.03258000,491,42188.90000000,17313.09223000,0
1725339300000,0.41010000,0.41070000,0.40980000,0.41060000,185632.10000000,1725339599999,76159.64105000,834,118114.30000000,48467.73933000,0
1725339600000,0.41060000,0.41080000,0.40980000,0.40980000,96740.10000000,1725339899999,39693.28682000,664,40508.90000000,16618.59438000,0
1725339900000,0.40980000,0.41060000,0.40980000,0.41030000,173964.90000000,1725340199999,71344.27614000,600,136011.30000000,55775.57121000,0
1725340200000,0.41030000,0.41100000,0.41030000,0.41090000,123512.30000000,1725340499999,50716.64499000,836,78139.60000000,32086.61516000,0
1725340500000,0.41090000,0.41140000,0.41060000,0.41110000,382916.40000000,1725340799999,157425.65194000,700,333437.00000000,137080.59695000,0
1725340800000,0.41110000,0.41280000,0.41090000,0.41200000,522050.20000000,1725341099999,215229.40911000,1369,287913.60000000,118711.68502000,0
1725341100000,0.41210000,0.41210000,0.41140000,0.41200000,166653.50000000,1725341399999,68632.67227000,810,104545.60000000,43053.24982000,0
1725341400000,0.41190000,0.41210000,0.41120000,0.41130000,119445.10000000,1725341699999,49158.95624000,512,44243.50000000,18210.72992000,0
1725341700000,0.41120000,0.41170000,0.41070000,0.41170000,161355.10000000,1725341999999,66325.83481000,694,83712.40000000,34414.25251000,0
1725342000000,0.41180000,0.41240000,0.41150000,0.41170000,168157.10000000,1725342299999,69271.78009000,809,58987.90000000,24292.50786000,0
1725342300000,0.41170000,0.41210000,0.41120000,0.41190000,476804.20000000,1725342599999,196303.16399000,952,155962.70000000,64182.80211000,0
1725342600000,0.41180000,0.41240000,0.41180000,0.41210000,131807.60000000,1725342899999,54313.93489000,557,59652.10000000,24577.35254000,0
1725342900000,0.41210000,0.41280000,0.41200000,0.41280000,188120.70000000,1725343199999,77591.56450000,478,80717.00000000,33293.47171000,0
1725343200000,0.41270000,0.41270000,0.41060000,0.41060000,673959.30000000,1725343499999,277195.20426000,1398,173586.00000000,71382.15978000,0
1725343500000,0.41050000,0.41120000,0.41000000,0.41090000,282251.00000000,1725343799999,115876.85883000,1172,178807.10000000,73410.47003000,0
1725343800000,0.41080000,0.41080000,0.41020000,0.41030000,237673.70000000,1725344099999,97542.27563000,565,96365.00000000,39551.89774000,0
1725344100000,0.41030000,0.41200000,0.41020000,0.41180000,431267.70000000,1725344399999,177387.12847000,901,249616.60000000,102656.22737000,0
1725344400000,0.41180000,0.41200000,0.41040000,0.41090000,271744.30000000,1725344699999,111693.29048000,686,74527.60000000,30612.70060000,0
1725344700000,0.41090000,0.41190000,0.41020000,0.41180000,184978.30000000,1725344999999,75974.96612000,720,115418.70000000,47404.65064000,0
1725345000000,0.41190000,0.41260000,0.41130000,0.41130000,211988.60000000,1725345299999,87353.25108000,764,65360.80000000,26935.71573000,0
1725345300000,0.41130000,0.41150000,0.41080000,0.41090000,168921.70000000,1725345599999,69474.17156000,545,70440.10000000,28965.84186000,0
1725345600000,0.41080000,0.41180000,0.41060000,0.41130000,374569.40000000,1725345899999,154048.13842000,618,187686.90000000,77166.25473000,0
1725345900000,0.41120000,0.41120000,0.41040000,0.41060000,246893.20000000,1725346199999,101414.28191000,736,127348.80000000,52309.67621000,0
1725346200000,0.41050000,0.41070000,0.41000000,0.41010000,413200.50000000,1725346499999,169558.88882000,689,185530.40000000,76130.59425000,0
1725346500000,0.41010000,0.41040000,0.40990000,0.41020000,410888.90000000,1725346799999,168522.33456000,618,225379.00000000,92436.78952000,0
1725346800000,0.41020000,0.41100000,0.41020000,0.41090000,101659.10000000,1725347099999,41734.18921000,399,58757.20000000,24116.96345000,0
1725347100000,0.41100000,0.41130000,0.41050000,0.41080000,103694.30000000,1725347399999,42616.57979000,375,53240.60000000,21880.75272000,0
1725347400000,0.41080000,0.41080000,0.40990000,0.41040000,178090.10000000,1725347699999,73056.79533000,599,97414.90000000,39966.54345000,0
1725347700000,0.41050000,0.41060000,0.40990000,0.41040000,261923.50000000,1725347999999,107468.00717000,1087,128572.00000000,52751.49642000,0
1725348000000,0.41040000,0.41120000,0.41020000,0.41050000,412842.00000000,1725348299999,169509.16006000,1113,234783.10000000,96396.51978000,0
1725348300000,0.41060000,0.41120000,0.41050000,0.41070000,99120.90000000,1725348599999,40714.94738000,342,72257.40000000,29674.94020000,0
1725348600000,0.41080000,0.41130000,0.41050000,0.41110000,133992.90000000,1725348899999,55057.04160000,607,72283.90000000,29700.74468000,0
1725348900000,0.41100000,0.41180000,0.41080000,0.41170000,262480.20000000,1725349199999,107916.37786000,891,173377.80000000,71281.15865000,0
1725349200000,0.41160000,0.41270000,0.41150000,0.41240000,257990.20000000,1725349499999,106318.86076000,893,154151.70000000,63519.22227000,0
1725349500000,0.41240000,0.41280000,0.41180000,0.41210000,172412.30000000,1725349799999,71076.45333000,955,73843.70000000,30440.85491000,0
1725349800000,0.41210000,0.41240000,0.41190000,0.41230000,106209.60000000,1725350099999,43766.61071000,577,57537.50000000,23709.20055000,0
1725350100000,0.41220000,0.41290000,0.41190000,0.41260000,432047.90000000,1725350399999,178159.48845000,1029,159359.80000000,65727.46236000,0
1725350400000,0.41270000,0.41280000,0.41170000,0.41200000,551537.60000000,1725350699999,227426.87427000,1322,282215.20000000,116370.06281000,0
1725350700000,0.41200000,0.41250000,0.41130000,0.41160000,346048.00000000,1725350999999,142482.56599000,881,149861.30000000,61707.89141000,0
1725351000000,0.41150000,0.41180000,0.41070000,0.41070000,328314.80000000,1725351299999,134969.42835000,1008,140804.40000000,57888.50622000,0
1725351300000,0.41060000,0.41120000,0.41050000,0.41090000,217660.00000000,1725351599999,89434.51519000,724,156033.50000000,64112.84467000,0
1725351600000,0.41100000,0.41150000,0.41030000,0.41070000,174237.70000000,1725351899999,71580.70024000,542,120387.60000000,49458.77517000,0
1725351900000,0.41080000,0.41080000,0.41000000,0.41010000,238943.20000000,1725352199999,98067.82503000,527,126525.10000000,51928.43076000,0
1725352200000,0.41000000,0.41020000,0.40940000,0.40950000,189375.30000000,1725352499999,77611.56366000,437,100776.60000000,41308.28578000,0
1725352500000,0.40950000,0.40970000,0.40650000,0.40770000,519087.40000000,1725352799999,211892.17849000,1910,227248.40000000,92749.56342000,0
1725352800000,0.40760000,0.40770000,0.40630000,0.40690000,121984.90000000,1725353099999,49653.37387000,1185,74239.60000000,30215.54062000,0
1725353100000,0.40700000,0.40760000,0.40590000,0.40730000,263399.10000000,1725353399999,107162.91362000,1313,129990.40000000,52902.11579000,0
1725353400000,0.40730000,0.40810000,0.40700000,0.40800000,355886.50000000,1725353699999,145095.37794000,735,222419.10000000,90691.97864000,0
1725353700000,0.40800000,0.40800000,0.40700000,0.40710000,246799.20000000,1725353999999,100573.84162000,774,150714.20000000,61418.56974000,0
1725354000000,0.40700000,0.40890000,0.40690000,0.40850000,206941.00000000,1725354299999,84466.88188000,895,140181.30000000,57219.96456000,0
1725354300000,0.40850000,0.40850000,0.40750000,0.40800000,123299.00000000,1725354599999,50294.66303000,600,58902.40000000,24022.65548000,0
1725354600000,0.40790000,0.40790000,0.40670000,0.40690000,74044.30000000,1725354899999,30151.53157000,386,43663.30000000,17780.98168000,0
1725354900000,0.40680000,0.40700000,0.40640000,0.40690000,138921.00000000,1725355199999,56503.04803000,546,91386.90000000,37172.26578000,0
1725355200000,0.40680000,0.40750000,0.40670000,0.40710000,105535.40000000,1725355499999,42965.94299000,495,59049.20000000,24042.50065000,0
1725355500000,0.40710000,0.40720000,0.40620000,0.40620000,372110.10000000,1725355799999,151340.56325000,588,207686.60000000,84474.11500000,0
1725355800000,0.40630000,0.40750000,0.40570000,0.40700000,686643.50000000,1725356099999,278986.57479000,848,384373.70000000,156188.38576000,0
1725356100000,0.40700000,0.40750000,0.40660000,0.40700000,127718.60000000,1725356399999,51991.71881000,528,82255.20000000,33482.09251000,0
1725356400000,0.40690000,0.40700000,0.40620000,0.40640000,227426.90000000,1725356699999,92430.92673000,521,93203.70000000,37881.56746000,0
1725356700000,0.40630000,0.40780000,0.40620000,0.40760000,93319.90000000,1725356999999,37990.21630000,461,68399.00000000,27833.42274000,0
1725357000000,0.40760000,0.40810000,0.40740000,0.40770000,59946.60000000,1725357299999,24442.08294000,393,39213.50000000,15990.07032000,0
1725357300000,0.40770000,0.40770000,0.40720000,0.40730000,41217.40000000,1725357599999,16788.95774000,231,13187.00000000,5371.92605000,0
1725357600000,0.40730000,0.40860000,0.40730000,0.40860000,105116.60000000,1725357899999,42861.08856000,444,55297.10000000,22545.04695000,0
1725357900000,0.40850000,0.40870000,0.40810000,0.40810000,60523.80000000,1725358199999,24713.38274000,327,11573.10000000,4726.49109000,0
1725358200000,0.40820000,0.40840000,0.40810000,0.40820000,43386.00000000,1725358499999,17713.71969000,211,31636.60000000,12917.18843000,0
1725358500000,0.40830000,0.40950000,0.40810000,0.40930000,157371.00000000,1725358799999,64348.14854000,545,111458.10000000,45573.87816000,0
1725358800000,0.40940000,0.40960000,0.40900000,0.40920000,118835.80000000,1725359099999,48638.16001000,470,63554.20000000,26015.39982000,0
1725359100000,0.40930000,0.40980000,0.40920000,0.40950000,92976.20000000,1725359399999,38079.51479000,588,65145.20000000,26679.56261000,0
1725359400000,0.40950000,0.40950000,0.40860000,0.40880000,119356.60000000,1725359699999,48795.55604000,562,76750.20000000,31372.72135000,0
1725359700000,0.40870000,0.40980000,0.40830000,0.40950000,197907.40000000,1725359999999,80950.96774000,664,156183.70000000,63886.08835000,0
1725360000000,0.40960000,0.40990000,0.40920000,0.40940000,174032.10000000,1725360299999,71301.20728000,478,90053.60000000,36903.05761000,0
1725360300000,0.40940000,0.40940000,0.40820000,0.40860000,164742.00000000,1725360599999,67310.32071000,288,64743.40000000,26442.91789000,0
1725360600000,0.40860000,0.40880000,0.40810000,0.40870000,158993.50000000,1725360899999,64936.60905000,191,113946.40000000,46538.00220000,0
1725360900000,0.40880000,0.40950000,0.40830000,0.40850000,196117.40000000,1725361199999,80182.31166000,298,126768.10000000,51830.91309000,0
1725361200000,0.40850000,0.40890000,0.40820000,0.40830000,353987.70000000,1725361499999,144597.70092000,315,194127.20000000,79301.27535000,0
1725361500000,0.40820000,0.40830000,0.40740000,0.40800000,241433.00000000,1725361799999,98459.27717000,229,95258.20000000,38852.41310000,0
1725361800000,0.40800000,0.40880000,0.40800000,0.40870000,101777.50000000,1725362099999,41573.50407000,165,71528.50000000,29220.49773000,0
1725362100000,0.40880000,0.40980000,0.40880000,0.40960000,124522.70000000,1725362399999,50978.29155000,221,98271.90000000,40230.10462000,0
1725362400000,0.40970000,0.41000000,0.40950000,0.41000000,105170.60000000,1725362699999,43104.20270000,202,62423.60000000,25585.59780000,0
1725362700000,0.40990000,0.41000000,0.40940000,0.40990000,263396.50000000,1725362999999,107907.87172000,252,93108.70000000,38145.85229000,0
1725363000000,0.41000000,0.41070000,0.40960000,0.40980000,334806.20000000,1725363299999,137290.36969000,471,175910.50000000,72142.41290000,0
1725363300000,0.40980000,0.40980000,0.40870000,0.40920000,317645.80000000,1725363599999,129922.90737000,341,178123.00000000,72857.36100000,0
1725363600000,0.40920000,0.40950000,0.40760000,0.40800000,1424446.90000000,1725363899999,582261.56730000,948,646548.10000000,264310.57618000,0
1725363900000,0.40800000,0.40880000,0.40740000,0.40860000,119830.70000000,1725364199999,48896.39621000,273,68281.20000000,27864.61572000,0
1725364200000,0.40870000,0.40920000,0.40810000,0.40830000,383073.80000000,1725364499999,156570.55149000,531,174910.00000000,71497.50143000,0
1725364500000,0.40830000,0.40850000,0.40760000,0.40790000,222955.80000000,1725364799999,90980.52975000,381,95666.10000000,39039.49195000,0
1725364800000,0.40800000,0.40820000,0.40760000,0.40790000,183243.10000000,1725365099999,74755.79901000,367,131057.10000000,53468.95190000,0
1725365100000,0.40800000,0.40860000,0.40770000,0.40830000,165835.30000000,1725365399999,67677.57580000,355,97547.30000000,39808.91270000,0
1725365400000,0.40820000,0.40840000,0.40740000,0.40800000,226700.50000000,1725365699999,92475.17747000,435,105093.10000000,42864.38267000,0
1725365700000,0.40800000,0.40830000,0.40720000,0.40810000,230985.90000000,1725365999999,94211.46786000,493,110289.70000000,44987.64754000,0
1725366000000,0.40820000,0.40860000,0.40800000,0.40810000,230693.50000000,1725366299999,94175.53355000,465,151101.30000000,61686.94526000,0
1725366300000,0.40810000,0.40830000,0.40770000,0.40790000,299449.70000000,1725366599999,122141.59399000,325,211486.20000000,86264.72703000,0
1725366600000,0.40800000,0.40950000,0.40770000,0.40920000,302351.80000000,1725366899999,123470.79384000,381,151352.90000000,61806.22725000,0
1725366900000,0.40920000,0.40930000,0.40830000,0.40870000,336758.50000000,1725367199999,137655.38900000,470,154933.30000000,63310.53544000,0
1725367200000,0.40860000,0.40880000,0.40760000,0.40820000,190182.60000000,1725367499999,77651.30162000,362,38835.50000000,15851.89261000,0
1725367500000,0.40820000,0.40840000,0.40770000,0.40800000,146833.70000000,1725367799999,59911.36697000,367,59743.80000000,24378.25706000,0
1725367800000,0.40810000,0.40880000,0.40800000,0.40840000,123201.30000000,1725368099999,50323.62200000,243,82269.40000000,33602.46260000,0
1725368100000,0.40850000,0.40850000,0.40670000,0.40700000,131259.80000000,1725368399999,53472.24953000,307,31417.50000000,12791.35529000,0
1725368400000,0.40700000,0.40780000,0.40690000,0.40750000,266936.30000000,1725368699999,108729.86464000,330,195199.60000000,79505.12914000,0
1725368700000,0.40740000,0.40860000,0.40710000,0.40720000,159909.60000000,1725368999999,65211.53095000,342,107390.00000000,43792.87247000,0
1725369000000,0.40710000,0.40760000,0.40690000,0.40750000,113397.00000000,1725369299999,46175.41832000,184,71904.40000000,29281.79392000,0
1725369300000,0.40760000,0.40760000,0.40670000,0.40720000,218951.40000000,1725369599999,89128.26301000,326,65648.60000000,26721.95626000,0
1725369600000,0.40710000,0.40870000,0.40710000,0.40860000,202396.60000000,1725369899999,82574.23038000,331,90861.10000000,37045.54189000,0
1725369900000,0.40850000,0.40870000,0.40760000,0.40830000,392871.60000000,1725370199999,160399.51571000,938,104122.50000000,42500.63774000,0
1725370200000,0.40840000,0.40870000,0.40450000,0.40510000,959067.50000000,1725370499999,389732.65981000,1759,352664.50000000,143236.88875000,0
1725370500000,0.40500000,0.40540000,0.40200000,0.40330000,484187.60000000,1725370799999,195598.41491000,1360,205766.10000000,83090.40169000,0
1725370800000,0.40330000,0.40400000,0.40230000,0.40300000,589597.20000000,1725371099999,237659.24178000,754,213957.00000000,86208.00130000,0
1725371100000,0.40280000,0.40280000,0.40090000,0.40220000,424000.80000000,1725371399999,170349.79352000,1093,220463.70000000,88562.22867000,0
1725371400000,0.40210000,0.40230000,0.39980000,0.40040000,1173003.40000000,1725371699999,470375.89904000,1491,356720.60000000,143055.42867000,0
1725371700000,0.40040000,0.40300000,0.39990000,0.40270000,829256.80000000,1725371999999,333136.74571000,1616,406757.30000000,163406.61531000,0
1725372000000,0.40270000,0.40270000,0.40080000,0.40160000,948375.60000000,1725372299999,381063.26504000,1676,496337.80000000,199425.84483000,0
1725372300000,0.40140000,0.40490000,0.40070000,0.40480000,657248.00000000,1725372599999,264634.51425000,849,363624.70000000,146467.73677000,0
1725372600000,0.40480000,0.40480000,0.40070000,0.40080000,832781.40000000,1725372899999,334978.23340000,931,306760.20000000,123435.84061000,0
1725372900000,0.40090000,0.40360000,0.40020000,0.40320000,485517.10000000,1725373199999,195132.31257000,1118,258657.10000000,103905.88500000,0
1725373200000,0.40310000,0.40430000,0.40230000,0.40370000,415859.20000000,1725373499999,167777.98532000,985,188889.10000000,76192.90308000,0
1725373500000,0.40380000,0.40490000,0.40350000,0.40460000,707885.40000000,1725373799999,286213.93507000,852,298671.80000000,120723.20887000,0
1725373800000,0.40460000,0.40780000,0.40400000,0.40740000,1242885.90000000,1725374099999,504135.05687000,1583,744933.00000000,302181.14196000,0
1725374100000,0.40740000,0.40890000,0.40670000,0.40810000,455201.20000000,1725374399999,185624.68769000,1057,225628.50000000,91981.31527000,0
1725374400000,0.40810000,0.40860000,0.40690000,0.40760000,260709.30000000,1725374699999,106319.25696000,731,107616.90000000,43892.30292000,0
1725374700000,0.40750000,0.40770000,0.40610000,0.40740000,340687.80000000,1725374999999,138604.64900000,629,103986.90000000,42304.67479000,0
1725375000000,0.40730000,0.40730000,0.40610000,0.40640000,213747.00000000,1725375299999,86908.50318000,390,93586.90000000,38059.21921000,0
1725375300000,0.40650000,0.40770000,0.40630000,0.40730000,230510.40000000,1725375599999,93837.27130000,291,142662.80000000,58061.95971000,0
1725375600000,0.40740000,0.40790000,0.40670000,0.40750000,697859.10000000,1725375899999,284206.33274000,843,345010.50000000,140507.45844000,0
1725375900000,0.40760000,0.40930000,0.40670000,0.40720000,908747.40000000,1725376199999,371200.38957000,852,537531.40000000,219661.11328000,0
1725376200000,0.40720000,0.40810000,0.40660000,0.40810000,308323.00000000,1725376499999,125502.65598000,586,105707.10000000,43042.19476000,0
1725376500000,0.40800000,0.40830000,0.40680000,0.40730000,356173.00000000,1725376799999,145060.64931000,527,158826.40000000,64699.74110000,0
1725376800000,0.40730000,0.40820000,0.40630000,0.40660000,318508.60000000,1725377099999,129688.30089000,424,137336.70000000,55931.54117000,0
1725377100000,0.40660000,0.40830000,0.40660000,0.40770000,119192.60000000,1725377399999,48571.59247000,326,62926.40000000,25642.91458000,0
1725377400000,0.40780000,0.40880000,0.40650000,0.40860000,438773.60000000,1725377699999,178772.39379000,482,150673.70000000,61364.53283000,0
1725377700000,0.40860000,0.41270000,0.40860000,0.41120000,1320474.40000000,1725377999999,543314.54842000,1335,759833.10000000,312565.88533000,0
1725378000000,0.41110000,0.41160000,0.41020000,0.41130000,346800.60000000,1725378299999,142491.84915000,511,196279.60000000,80637.21349000,0
1725378300000,0.41130000,0.41200000,0.41010000,0.41040000,555577.20000000,1725378599999,228493.85190000,658,224243.90000000,92216.00661000,0
1725378600000,0.41040000,0.41050000,0.40410000,0.40580000,2746150.10000000,1725378899999,1117681.13682000,3424,1415451.20000000,575490.35375000,0
1725378900000,0.40580000,0.40680000,0.40520000,0.40580000,449574.50000000,1725379199999,182499.41878000,494,214079.20000000,86870.73880000,0
1725379200000,0.40580000,0.40720000,0.40500000,0.40530000,547236.70000000,1725379499999,222306.23972000,614,316304.00000000,128481.55674000,0
1725379500000,0.40520000,0.40600000,0.40370000,0.40490000,584517.10000000,1725379799999,236557.59993000,820,230725.50000000,93388.93070000,0
1725379800000,0.40490000,0.40550000,0.40360000,0.40470000,371472.30000000,1725380099999,150318.00292000,456,189871.40000000,76829.12102000,0
1725380100000,0.40470000,0.40560000,0.40410000,0.40420000,299779.80000000,1725380399999,121347.80268000,389,168964.30000000,68381.20761000,0
1725380400000,0.40410000,0.40620000,0.40390000,0.40400000,978446.10000000,1725380699999,396342.32613000,750,542828.10000000,219866.54294000,0
1725380700000,0.40400000,0.40400000,0.40180000,0.40210000,419402.90000000,1725380999999,169018.75902000,549,171625.60000000,69164.33457000,0
1725381000000,0.40220000,0.40460000,0.40190000,0.40460000,242471.50000000,1725381299999,97699.93784000,355,114469.10000000,46108.40820000,0
1725381300000,0.40450000,0.40450000,0.40110000,0.40140000,712046.80000000,1725381599999,286764.64489000,694,189754.30000000,76325.20619000,0
1725381600000,0.40140000,0.40170000,0.40060000,0.40130000,692679.00000000,1725381899999,277794.35272000,527,209884.40000000,84184.57637000,0
1725381900000,0.40140000,0.40220000,0.40100000,0.40100000,282344.70000000,1725382199999,113387.25188000,318,111229.40000000,44680.34330000,0
1725382200000,0.40110000,0.40110000,0.39960000,0.40000000,537504.00000000,1725382499999,215321.14499000,635,147231.90000000,58947.18228000,0
1725382500000,0.40020000,0.40210000,0.40010000,0.40160000,387525.40000000,1725382799999,155504.98724000,391,281742.30000000,113035.86747000,0
1725382800000,0.40150000,0.40270000,0.40130000,0.40210000,359746.00000000,1725383099999,144715.22427000,453,248761.80000000,100074.48431000,0
1725383100000,0.40210000,0.40300000,0.40210000,0.40280000,147077.20000000,1725383399999,59219.20210000,287,68585.80000000,27612.16476000,0
1725383400000,0.40290000,0.40320000,0.40230000,0.40270000,109142.90000000,1725383699999,43955.18778000,233,39885.90000000,16066.80952000,0
1725383700000,0.40270000,0.40320000,0.40190000,0.40210000,94960.90000000,1725383999999,38228.50491000,258,34778.70000000,14005.12267000,0
1725384000000,0.40220000,0.40300000,0.40170000,0.40300000,70092.60000000,1725384299999,28199.56759000,244,16867.30000000,6786.09166000,0
1725384300000,0.40290000,0.40440000,0.40270000,0.40370000,190289.40000000,1725384599999,76785.18095000,291,126687.70000000,51118.46736000,0
1725384600000,0.40370000,0.40450000,0.40310000,0.40410000,127363.80000000,1725384899999,51419.05731000,230,65102.10000000,26284.51298000,0
1725384900000,0.40410000,0.40410000,0.40300000,0.40370000,78774.00000000,1725385199999,31780.64188000,194,33214.80000000,13398.99830000,0
1725385200000,0.40370000,0.40370000,0.40310000,0.40320000,61641.70000000,1725385499999,24866.96851000,170,20915.30000000,8439.65272000,0
1725385500000,0.40310000,0.40330000,0.40190000,0.40240000,364298.60000000,1725385799999,146639.03866000,402,122059.40000000,49122.90390000,0
1725385800000,0.40240000,0.40270000,0.40110000,0.40160000,118397.00000000,1725386099999,47570.65456000,278,32083.30000000,12884.00893000,0
1725386100000,0.40160000,0.40170000,0.40010000,0.40020000,138636.00000000,1725386399999,55571.62435000,232,27471.80000000,11003.93961000,0
1725386400000,0.40030000,0.40060000,0.39870000,0.39880000,191576.80000000,1725386699999,76548.64087000,434,78342.50000000,31307.15912000,0
1725386700000,0.39880000,0.39970000,0.39820000,0.39920000,105001.00000000,1725386999999,41896.71712000,260,39702.90000000,15842.65474000,0
1725387000000,0.39900000,0.39990000,0.39900000,0.39920000,46153.40000000,1725387299999,18435.43862000,147,23794.80000000,9502.63989000,0
1725387300000,0.39920000,0.40010000,0.39900000,0.39920000,108652.40000000,1725387599999,43416.99869000,172,61866.50000000,24721.44531000,0
1725387600000,0.39930000,0.39980000,0.39880000,0.39950000,74512.00000000,1725387899999,29757.00315000,173,42494.40000000,16971.08546000,0
1725387900000,0.39950000,0.40060000,0.39930000,0.40000000,94222.40000000,1725388199999,37701.44502000,147,68749.90000000,27508.73293000,0
1725388200000,0.40020000,0.40140000,0.40000000,0.40120000,86187.90000000,1725388499999,34526.02228000,142,56884.90000000,22788.23712000,0
1725388500000,0.40120000,0.40180000,0.40090000,0.40170000,84955.10000000,1725388799999,34099.02722000,151,64542.00000000,25907.07251000,0
1725388800000,0.40170000,0.40230000,0.40140000,0.40190000,43357.00000000,1725389099999,17424.18958000,99,23473.60000000,9434.77760000,0
1725389100000,0.40180000,0.40270000,0.40130000,0.40270000,52401.70000000,1725389399999,21069.48758000,111,38578.70000000,15512.90384000,0
1725389400000,0.40270000,0.40320000,0.40220000,0.40270000,80920.00000000,1725389699999,32587.99861000,134,13501.70000000,5437.24617000,0
1725389700000,0.40270000,0.40300000,0.40190000,0.40240000,211188.50000000,1725389999999,85040.94429000,185,175459.40000000,70660.60791000,0
1725390000000,0.40240000,0.40360000,0.40240000,0.40350000,43998.60000000,1725390299999,17734.02195000,108,23151.40000000,9332.06002000,0
1725390300000,0.40350000,0.40430000,0.40320000,0.40420000,101185.30000000,1725390599999,40867.17380000,196,42167.80000000,17032.21674000,0
1725390600000,0.40420000,0.40500000,0.40400000,0.40450000,259930.90000000,1725390899999,105146.57187000,351,111072.40000000,44934.86475000,0
1725390900000,0.40460000,0.40460000,0.40370000,0.40430000,39401.80000000,1725391199999,15919.13767000,111,20044.80000000,8098.87154000,0
1725391200000,0.40440000,0.40500000,0.40400000,0.40420000,142300.30000000,1725391499999,57592.40609000,209,86869.00000000,35160.58303000,0
1725391500000,0.40390000,0.40400000,0.40290000,0.40300000,74367.30000000,1725391799999,30001.76713000,137,29083.30000000,11731.66877000,0
1725391800000,0.40300000,0.40350000,0.40230000,0.40260000,168147.50000000,1725392099999,67753.07410000,262,63253.00000000,25485.29830000,0
1725392100000,0.40260000,0.40260000,0.40190000,0.40210000,165633.90000000,1725392399999,66613.48018000,176,117064.90000000,47080.43571000,0
1725392400000,0.40200000,0.40260000,0.40150000,0.40240000,266121.30000000,1725392699999,106924.22165000,268,147867.50000000,59405.40217000,0
1725392700000,0.40250000,0.40250000,0.40140000,0.40220000,69790.10000000,1725392999999,28041.88337000,181,33352.90000000,13399.65370000,0
1725393000000,0.40250000,0.40350000,0.40200000,0.40350000,194510.00000000,1725393299999,78334.99787000,256,92118.30000000,37104.97364000,0
1725393300000,0.40350000,0.40360000,0.40270000,0.40310000,197643.20000000,1725393599999,79695.60251000,314,74206.40000000,29926.43271000,0
1725393600000,0.40320000,0.40430000,0.40270000,0.40360000,42346.20000000,1725393899999,17081.39969000,128,19311.60000000,7789.25915000,0
1725393900000,0.40370000,0.40460000,0.40340000,0.40450000,104658.30000000,1725394199999,42296.04767000,159,58421.10000000,23610.78559000,0
1725394200000,0.40460000,0.40460000,0.40400000,0.40430000,29698.90000000,1725394499999,12007.91079000,80,17070.30000000,6901.36564000,0
1725394500000,0.40440000,0.40500000,0.40390000,0.40420000,127584.80000000,1725394799999,51611.01986000,149,84480.20000000,34172.21463000,0
1725394800000,0.40410000,0.40430000,0.40330000,0.40340000,83852.60000000,1725395099999,33856.49949000,136,36061.30000000,14561.06301000,0
1725395100000,0.40330000,0.40360000,0.40250000,0.40360000,276111.30000000,1725395399999,111235.15481000,302,181185.70000000,72990.92804000,0
1725395400000,0.40370000,0.40500000,0.40370000,0.40490000,233449.90000000,1725395699999,94431.01581000,390,124206.20000000,50238.54892000,0
1725395700000,0.40500000,0.40500000,0.40440000,0.40440000,78950.40000000,1725395999999,31954.25354000,271,19291.50000000,7809.76054000,0
1725396000000,0.40440000,0.40560000,0.40400000,0.40500000,863329.40000000,1725396299999,349681.76714000,849,562059.90000000,227626.95754000,0
1725396300000,0.40510000,0.40520000,0.40450000,0.40470000,143166.80000000,1725396599999,57954.01996000,219,50352.70000000,20380.76098000,0
1725396600000,0.40470000,0.40530000,0.40370000,0.40490000,194837.60000000,1725396899999,78752.49073000,304,75511.00000000,30508.24717000,0
1725396900000,0.40500000,0.40580000,0.40460000,0.40530000,528011.30000000,1725397199999,213974.85187000,442,295129.50000000,119610.41914000,0
1725397200000,0.40530000,0.40570000,0.40500000,0.40520000,358522.60000000,1725397499999,145330.36129000,260,294686.00000000,119451.37086000,0
1725397500000,0.40520000,0.40590000,0.40510000,0.40560000,151796.50000000,1725397799999,61552.68282000,248,105477.20000000,42770.92926000,0
1725397800000,0.40560000,0.40590000,0.40460000,0.40490000,244498.00000000,1725398099999,99180.24812000,176,124852.40000000,50639.35357000,0
1725398100000,0.40480000,0.40560000,0.40440000,0.40470000,136372.20000000,1725398399999,55241.81819000,133,41096.10000000,16640.26195000,0
1725398400000,0.40470000,0.40470000,0.40380000,0.40380000,194298.50000000,1725398699999,78553.10459000,181,61221.40000000,24748.83928000,0
1725398700000,0.40390000,0.40510000,0.40300000,0.40480000,648000.10000000,1725398999999,261908.01189000,765,333402.70000000,134780.49974000,0
1725399000000,0.40480000,0.40500000,0.40440000,0.40470000,58912.80000000,1725399299999,23847.01702000,157,41076.60000000,16627.70152000,0
1725399300000,0.40470000,0.40470000,0.40290000,0.40310000,160391.50000000,1725399599999,64716.07459000,274,102415.80000000,41320.60293000,0
1725399600000,0.40310000,0.40430000,0.40260000,0.40430000,645945.10000000,1725399899999,260662.01321000,600,315617.50000000,127328.29324000,0
1725399900000,0.40420000,0.40430000,0.40250000,0.40250000,236349.90000000,1725400199999,95377.48014000,255,44586.60000000,17977.67491000,0
1725400200000,0.40250000,0.40250000,0.40160000,0.40170000,292472.50000000,1725400499999,117590.69169000,355,164552.70000000,66164.68057000,0
1725400500000,0.40160000,0.40290000,0.40150000,0.40270000,1176301.10000000,1725400799999,473236.38992000,575,912324.60000000,367029.13965000,0
1725400800000,0.40270000,0.40270000,0.40120000,0.40200000,608707.70000000,1725401099999,244797.02037000,506,207326.80000000,83315.03556000,0
1725401100000,0.40210000,0.40230000,0.40130000,0.40170000,178146.50000000,1725401399999,71567.69724000,262,110818.90000000,44516.89160000,0
1725401400000,0.40170000,0.40260000,0.40140000,0.40260000,97314.80000000,1725401699999,39151.68737000,109,63689.60000000,25628.09181000,0
1725401700000,0.40270000,0.40330000,0.40230000,0.40320000,168161.90000000,1725401999999,67733.19071000,159,73902.80000000,29767.53641000,0
1725402000000,0.40330000,0.40370000,0.40260000,0.40260000,354315.40000000,1725402299999,142886.35068000,221,213276.80000000,86010.90032000,0
1725402300000,0.40260000,0.40260000,0.40150000,0.40190000,152651.60000000,1725402599999,61331.54597000,122,100558.40000000,40398.01200000,0
1725402600000,0.40190000,0.40250000,0.40180000,0.40250000,66803.20000000,1725402899999,26860.06066000,69,43770.30000000,17598.56528000,0
1725402900000,0.40260000,0.40290000,0.40200000,0.40240000,161810.40000000,1725403199999,65151.73009000,104,149174.50000000,60066.45919000,0
1725403200000,0.40240000,0.40310000,0.40200000,0.40290000,49977.30000000,1725403499999,20112.77655000,74,20275.90000000,8164.03052000,0
1725403500000,0.40290000,0.40300000,0.40200000,0.40200000,24958.00000000,1725403799999,10051.51017000,47,8357.10000000,3367.40075000,0
1725403800000,0.40200000,0.40200000,0.40110000,0.40160000,73696.60000000,1725404099999,29593.66074000,126,25576.70000000,10271.82809000,0
1725404100000,0.40150000,0.40160000,0.40100000,0.40100000,38337.80000000,1725404399999,15387.92536000,51,30847.90000000,12382.02004000,0
1725404400000,0.40100000,0.40120000,0.40030000,0.40060000,86523.70000000,1725404699999,34675.93885000,123,28519.00000000,11423.71363000,0
1725404700000,0.40060000,0.40080000,0.39980000,0.40010000,182906.90000000,1725404999999,73184.51764000,211,84236.60000000,33699.82789000,0
1725405000000,0.40000000,0.40130000,0.39990000,0.40110000,110860.70000000,1725405299999,44400.57754000,192,55330.00000000,22161.80855000,0
1725405300000,0.40110000,0.40130000,0.40090000,0.40110000,30357.80000000,1725405599999,12177.70233000,54,22817.30000000,9152.69140000,0
1725405600000,0.40130000,0.40140000,0.40010000,0.40020000,27549.10000000,1725405899999,11048.53910000,59,6513.90000000,2611.45126000,0
1725405900000,0.40020000,0.40040000,0.39970000,0.40020000,38234.10000000,1725406199999,15296.26144000,79,20016.40000000,8007.34746000,0
1725406200000,0.40020000,0.40050000,0.40010000,0.40040000,216482.10000000,1725406499999,86658.55471000,157,105130.40000000,42087.75974000,0
1725406500000,0.40040000,0.40040000,0.39850000,0.39890000,502345.30000000,1725406799999,200560.26863000,445,342276.20000000,136624.05980000,0
1725406800000,0.39880000,0.39980000,0.39870000,0.39960000,393576.90000000,1725407099999,157061.80232000,218,259543.60000000,103582.83598000,0
1725407100000,0.39960000,0.39960000,0.39890000,0.39900000,84346.10000000,1725407399999,33675.61513000,99,27057.90000000,10804.30608000,0
1725407400000,0.39890000,0.39930000,0.39650000,0.39750000,837994.10000000,1725407699999,333612.36412000,573,345065.10000000,137261.48184000,0
1725407700000,0.39740000,0.39830000,0.39720000,0.39780000,213581.80000000,1725407999999,84945.04387000,262,137359.40000000,54609.25572000,0
1725408000000,0.39780000,0.39800000,0.39720000,0.39780000,121452.30000000,1725408299999,48286.47613000,173,51468.20000000,20461.79375000,0
1725408300000,0.39780000,0.39830000,0.39700000,0.39810000,195235.60000000,1725408599999,77661.13579000,193,94694.50000000,37657.19076000,0
1725408600000,0.39810000,0.39940000,0.39770000,0.39900000,91301.00000000,1725408899999,36394.95038000,132,64229.00000000,25599.31442000,0
1725408900000,0.39900000,0.39960000,0.39900000,0.39950000,149568.50000000,1725409199999,59722.99765000,198,99861.00000000,39872.04495000,0
1725409200000,0.39950000,0.39990000,0.39860000,0.39950000,1476151.80000000,1725409499999,589597.65808000,614,708673.50000000,283039.73257000,0
1725409500000,0.39940000,0.39960000,0.39860000,0.39880000,157257.90000000,1725409799999,62770.13436000,135,54864.00000000,21905.02640000,0
1725409800000,0.39880000,0.40030000,0.39870000,0.39890000,491661.70000000,1725410099999,196560.16276000,306,145142.00000000,57998.68404000,0
1725410100000,0.39890000,0.39910000,0.39740000,0.39780000,484195.10000000,1725410399999,192841.03561000,382,170008.60000000,67715.11145000,0
1725410400000,0.39790000,0.39830000,0.39620000,0.39650000,1177978.10000000,1725410699999,468290.14843000,493,586461.80000000,233092.32597000,0
1725410700000,0.39640000,0.39750000,0.39620000,0.39750000,1947987.00000000,1725410999999,772767.99749000,649,1385338.30000000,549546.43849000,0
1725411000000,0.39750000,0.39770000,0.39630000,0.39660000,194615.30000000,1725411299999,77222.93569000,204,92085.30000000,36528.80249000,0
1725411300000,0.39650000,0.39650000,0.39240000,0.39320000,879319.70000000,1725411599999,346772.94794000,1205,339488.70000000,133856.23470000,0
1725411600000,0.39320000,0.39330000,0.37810000,0.37900000,5189317.80000000,1725411899999,1997576.47974000,5847,2429558.00000000,935066.96272000,0
1725411900000,0.37900000,0.38500000,0.37820000,0.38280000,1785620.30000000,1725412199999,682637.39256000,2038,883729.50000000,337940.55715000,0
1725412200000,0.38270000,0.38550000,0.38190000,0.38500000,552592.30000000,1725412499999,212161.29990000,680,306748.20000000,117775.63694000,0
1725412500000,0.38490000,0.38490000,0.38280000,0.38400000,632091.30000000,1725412799999,242670.47504000,600,308271.80000000,118365.15992000,0
1725412800000,0.38400000,0.38570000,0.38310000,0.38560000,692393.20000000,1725413099999,266310.61905000,630,328316.80000000,126327.62759000,0
1725413100000,0.38550000,0.38770000,0.38550000,0.38720000,559474.10000000,1725413399999,216454.93598000,537,309511.70000000,119766.04182000,0
1725413400000,0.38740000,0.38930000,0.38710000,0.38910000,424008.20000000,1725413699999,164567.65617000,448,178943.90000000,69459.37383000,0
1725413700000,0.38930000,0.39100000,0.38920000,0.39070000,270547.40000000,1725413999999,105617.65071000,365,161454.60000000,63026.08680000,0
1725414000000,0.39080000,0.39210000,0.39060000,0.39110000,469508.20000000,1725414299999,183755.67434000,419,314599.50000000,123134.04786000,0
1725414300000,0.39120000,0.39230000,0.39070000,0.39220000,399467.10000000,1725414599999,156360.88984000,350,207895.30000000,81396.66653000,0
1725414600000,0.39210000,0.39250000,0.39080000,0.39110000,241421.40000000,1725414899999,94567.74135000,241,158179.80000000,61969.88331000,0
1725414900000,0.39110000,0.39130000,0.39020000,0.39060000,134739.20000000,1725415199999,52643.85741000,170,109403.40000000,42746.68413000,0
1725415200000,0.39070000,0.39120000,0.38940000,0.38970000,1038292.20000000,1725415499999,405217.00562000,811,324257.70000000,126525.15965000,0
1725415500000,0.38960000,0.39040000,0.38880000,0.38940000,255763.60000000,1725415799999,99630.71981000,356,179105.10000000,69769.91370000,0
1725415800000,0.38950000,0.39040000,0.38930000,0.39020000,219298.00000000,1725416099999,85485.36510000,193,171281.10000000,66764.05895000,0
1725416100000,0.39030000,0.39170000,0.39020000,0.39050000,632777.30000000,1725416399999,247397.74077000,276,192772.40000000,75358.38911000,0
1725416400000,0.39050000,0.39190000,0.39040000,0.39160000,234116.40000000,1725416699999,91548.85183000,200,136864.60000000,53504.37383000,0
1725416700000,0.39150000,0.39190000,0.39050000,0.39060000,161208.10000000,1725416999999,63053.99510000,175,120554.30000000,47142.72804000,0
1725417000000,0.39060000,0.39150000,0.39050000,0.39140000,117446.90000000,1725417299999,45932.21248000,198,90260.50000000,35300.37291000,0
1725417300000,0.39130000,0.39190000,0.39080000,0.39160000,125376.00000000,1725417599999,49051.21439000,180,58075.20000000,22717.12988000,0
1725417600000,0.39160000,0.39230000,0.39150000,0.39190000,120634.50000000,1725417899999,47283.39001000,197,54281.50000000,21276.61610000,0
1725417900000,0.39200000,0.39220000,0.39140000,0.39160000,83805.70000000,1725418199999,32834.09800000,229,34685.60000000,13590.97614000,0
1725418200000,0.39170000,0.39180000,0.39090000,0.39130000,166818.80000000,1725418499999,65272.77172000,279,86838.50000000,33979.98207000,0
1725418500000,0.39120000,0.39130000,0.39030000,0.39040000,145613.00000000,1725418799999,56911.10439000,182,91117.30000000,35610.70880000,0
1725418800000,0.39040000,0.39160000,0.39000000,0.39140000,458630.60000000,1725419099999,179187.22139000,452,293808.90000000,114816.22018000,0
1725419100000,0.39130000,0.39130000,0.39010000,0.39110000,660837.70000000,1725419399999,258245.13781000,577,351239.70000000,137269.50880000,0
1725419400000,0.39100000,0.39110000,0.38950000,0.39050000,375607.60000000,1725419699999,146625.51384000,544,159613.90000000,62292.41182000,0
1725419700000,0.39040000,0.39070000,0.38860000,0.38900000,775011.30000000,1725419999999,301712.94762000,951,272110.30000000,105911.72715000,0
1725420000000,0.38890000,0.39060000,0.38880000,0.39040000,424172.30000000,1725420299999,165396.90062000,445,322861.80000000,125884.03004000,0
1725420300000,0.39040000,0.39220000,0.39010000,0.39120000,333189.80000000,1725420599999,130347.13742000,345,229030.00000000,89574.41647000,0
1725420600000,0.39120000,0.39120000,0.38980000,0.39010000,187209.00000000,1725420899999,73091.09118000,226,113748.90000000,44400.57193000,0
1725420900000,0.39020000,0.39040000,0.38890000,0.38920000,202345.90000000,1725421199999,78779.70422000,220,94334.40000000,36725.99155000,0
1725421200000,0.38910000,0.38940000,0.38880000,0.38890000,195561.50000000,1725421499999,76090.07846000,163,121600.10000000,47312.29545000,0
1725421500000,0.38890000,0.38960000,0.38890000,0.38930000,339842.30000000,1725421799999,132275.37126000,276,188287.20000000,73285.32868000,0
1725421800000,0.38930000,0.39010000,0.38930000,0.39000000,102855.10000000,1725422099999,40100.29645000,98,56583.90000000,22056.41982000,0
1725422100000,0.39000000,0.39000000,0.38930000,0.38930000,146088.90000000,1725422399999,56929.98177000,134,71188.10000000,27743.23997000,0
1725422400000,0.38930000,0.38960000,0.38890000,0.38950000,132698.70000000,1725422699999,51654.53282000,164,70934.40000000,27608.91036000,0
1725422700000,0.38950000,0.38990000,0.38890000,0.38990000,190104.70000000,1725422999999,74028.96496000,200,128408.80000000,50010.41821000,0
1725423000000,0.38990000,0.39050000,0.38950000,0.39050000,165733.50000000,1725423299999,64621.95927000,173,133539.70000000,52070.85057000,0
1725423300000,0.39050000,0.39060000,0.39010000,0.39020000,75589.20000000,1725423599999,29503.21856000,109,32072.90000000,12519.81748000,0
1725423600000,0.39020000,0.39020000,0.38950000,0.38960000,144029.50000000,1725423899999,56159.81251000,223,29677.30000000,11573.85477000,0
1725423900000,0.38950000,0.39000000,0.38780000,0.38830000,1313457.50000000,1725424199999,510829.92044000,874,644153.30000000,250676.09038000,0
1725424200000,0.38840000,0.38870000,0.38770000,0.38790000,238696.10000000,1725424499999,92680.19584000,320,125757.20000000,48830.43779000,0
1725424500000,0.38780000,0.38840000,0.38780000,0.38830000,159639.80000000,1725424799999,61959.37226000,242,99239.60000000,38518.52936000,0
1725424800000,0.38840000,0.38900000,0.38790000,0.38800000,163657.50000000,1725425099999,63586.35209000,202,73316.30000000,28485.22800000,0
1725425100000,0.38790000,0.38850000,0.38780000,0.38850000,128850.00000000,1725425399999,50014.72544000,179,63721.30000000,24738.23631000,0
1725425400000,0.38850000,0.38890000,0.38840000,0.38880000,124534.00000000,1725425699999,48400.65930000,175,66313.70000000,25776.39529000,0
1725425700000,0.38880000,0.38880000,0.38810000,0.38840000,137107.90000000,1725425999999,53246.55127000,187,85590.70000000,33236.06421000,0
1725426000000,0.38830000,0.38840000,0.38780000,0.38820000,183962.80000000,1725426299999,71393.22885000,178,103119.20000000,40020.46073000,0
1725426300000,0.38820000,0.38960000,0.38790000,0.38950000,217029.40000000,1725426599999,84345.01009000,221,135164.30000000,52520.43445000,0
1725426600000,0.38950000,0.39060000,0.38950000,0.38970000,478157.70000000,1725426899999,186504.25899000,393,230051.60000000,89733.88959000,0
1725426900000,0.38970000,0.39020000,0.38930000,0.38930000,388890.30000000,1725427199999,151609.62186000,363,175682.10000000,68478.88472000,0
1725427200000,0.38930000,0.38930000,0.38810000,0.38910000,325348.00000000,1725427499999,126417.83031000,393,117550.50000000,45681.54676000,0
1725427500000,0.38910000,0.38940000,0.38820000,0.38830000,225043.30000000,1725427799999,87484.92172000,226,79200.60000000,30784.48050000,0
1725427800000,0.38830000,0.38900000,0.38760000,0.38770000,328829.20000000,1725428099999,127659.70039000,324,161833.90000000,62835.52355000,0
1725428100000,0.38770000,0.38770000,0.38570000,0.38570000,256289.90000000,1725428399999,99079.48459000,350,87032.90000000,33650.68361000,0
1725428400000,0.38560000,0.38560000,0.38400000,0.38530000,673215.50000000,1725428699999,259052.18984000,777,307575.40000000,118339.83944000,0
1725428700000,0.38530000,0.38550000,0.38390000,0.38390000,227921.70000000,1725428999999,87662.02027000,364,130846.50000000,50326.53727000,0
1725429000000,0.38390000,0.38450000,0.38390000,0.38440000,173576.90000000,1725429299999,66687.61717000,272,78229.90000000,30055.40904000,0
1725429300000,0.38440000,0.38470000,0.38410000,0.38450000,175167.30000000,1725429599999,67345.45762000,257,85107.70000000,32721.30089000,0
1725429600000,0.38440000,0.38670000,0.38430000,0.38550000,1174350.40000000,1725429899999,452460.85431000,1117,471185.90000000,181510.76813000,0
1725429900000,0.38550000,0.38730000,0.38520000,0.38660000,370143.70000000,1725430199999,143043.78960000,483,203305.20000000,78539.33288000,0
1725430200000,0.38660000,0.38710000,0.38640000,0.38710000,273674.80000000,1725430499999,105863.17576000,326,176074.40000000,68107.89989000,0
1725430500000,0.38710000,0.38820000,0.38540000,0.38650000,978808.00000000,1725430799999,378446.77210000,997,200349.40000000,77403.13514000,0
1725430800000,0.38650000,0.38810000,0.38630000,0.38810000,192573.70000000,1725431099999,74538.40648000,303,136386.90000000,52790.65047000,0
1725431100000,0.38800000,0.38990000,0.38800000,0.38990000,325456.20000000,1725431399999,126670.42328000,513,152220.10000000,59236.66735000,0
1725431400000,0.39000000,0.39000000,0.38890000,0.38950000,347102.20000000,1725431699999,135198.46376000,457,225940.50000000,87999.91848000,0
1725431700000,0.38950000,0.39070000,0.38930000,0.39010000,399140.50000000,1725431999999,155635.80350000,581,278805.90000000,108718.83777000,0
1725432000000,0.39010000,0.39010000,0.38860000,0.38900000,331916.70000000,1725432299999,129206.42016000,342,106002.30000000,41220.38566000,0
1725432300000,0.38910000,0.38970000,0.38900000,0.38960000,78048.10000000,1725432599999,30381.95450000,185,43228.80000000,16827.85728000,0
1725432600000,0.38970000,0.39060000,0.38950000,0.39040000,93144.20000000,1725432899999,36327.26337000,221,40872.00000000,15946.05642000,0
1725432900000,0.39040000,0.39040000,0.38890000,0.38960000,164180.60000000,1725433199999,63974.74484000,305,76767.00000000,29905.86506000,0
1725433200000,0.38960000,0.39040000,0.38930000,0.39010000,162016.80000000,1725433499999,63143.66680000,244,55990.40000000,21822.09480000,0
1725433500000,0.39000000,0.39120000,0.38970000,0.39120000,107329.90000000,1725433799999,41887.19185000,232,65247.70000000,25463.07158000,0
1725433800000,0.39130000,0.39150000,0.39060000,0.39100000,105280.50000000,1725434099999,41186.48934000,282,55161.60000000,21583.16843000,0
1725434100000,0.39100000,0.39100000,0.39010000,0.39070000,157766.90000000,1725434399999,61610.03036000,386,83526.30000000,32615.77684000,0
1725434400000,0.39070000,0.39080000,0.39030000,0.39050000,161463.20000000,1725434699999,63059.07491000,235,76013.70000000,29687.73975000,0
1725434700000,0.39050000,0.39090000,0.39000000,0.39020000,409257.20000000,1725434999999,159781.36021000,535,252078.80000000,98416.98139000,0
1725435000000,0.39020000,0.39080000,0.39010000,0.39040000,214719.40000000,1725435299999,83841.36765000,289,135932.40000000,53075.21833000,0
1725435300000,0.39050000,0.39260000,0.39010000,0.39170000,772080.10000000,1725435599999,302115.01887000,791,561782.80000000,219805.37571000,0
1725435600000,0.39160000,0.39300000,0.39120000,0.39220000,399821.40000000,1725435899999,156698.98305000,721,297508.50000000,116609.37486000,0
1725435900000,0.39220000,0.39230000,0.39030000,0.39100000,405862.30000000,1725436199999,158778.06600000,1127,278302.60000000,108860.65479000,0
1725436200000,0.39100000,0.39100000,0.38900000,0.38960000,296433.10000000,1725436499999,115528.19617000,743,156412.00000000,60927.77127000,0
1725436500000,0.38960000,0.38960000,0.38910000,0.38960000,252908.20000000,1725436799999,98488.93983000,320,163130.70000000,63528.43311000,0
1725436800000,0.38950000,0.38950000,0.37660000,0.37770000,12167506.30000000,1725437099999,4648759.17873000,15638,6034012.70000000,2303776.28126000,0
1725437100000,0.37770000,0.37870000,0.37650000,0.37860000,1441469.20000000,1725437399999,544348.91165000,1674,859086.90000000,324497.21454000,0
1725437400000,0.37860000,0.38130000,0.37710000,0.38060000,924554.40000000,1725437699999,350812.93092000,1507,527561.00000000,200245.64446000,0
1725437700000,0.38060000,0.38100000,0.37790000,0.37830000,1191753.70000000,1725437999999,452428.32775000,1383,504296.30000000,191366.72153000,0
1725438000000,0.37830000,0.37900000,0.37570000,0.37570000,1793831.50000000,1725438299999,677138.80427000,2643,979104.80000000,369640.64009000,0
1725438300000,0.37570000,0.37580000,0.37450000,0.37540000,1186809.00000000,1725438599999,445245.80514000,2407,609359.80000000,228629.18873000,0
1725438600000,0.37540000,0.37830000,0.37510000,0.37750000,989120.80000000,1725438899999,372469.11727000,1967,647657.20000000,243913.24186000,0
1725438900000,0.37740000,0.37800000,0.37660000,0.37720000,1085768.50000000,1725439199999,409794.23925000,1812,481642.40000000,181790.52488000,0
1725439200000,0.37730000,0.37780000,0.37690000,0.37730000,910350.70000000,1725439499999,343461.60265000,1431,543572.90000000,205101.15680000,0
1725439500000,0.37730000,0.38100000,0.37500000,0.38020000,3364622.20000000,1725439799999,1275802.37135000,5512,1702745.60000000,645821.27369000,0
1725439800000,0.38010000,0.38100000,0.37930000,0.38000000,1651467.20000000,1725440099999,627752.18250000,2079,948718.80000000,360641.88854000,0
1725440100000,0.38000000,0.38100000,0.37810000,0.38090000,1546966.70000000,1725440399999,587865.26999000,1587,939111.40000000,356961.15745000,0
1725440400000,0.38080000,0.38090000,0.35000000,0.37360000,15038215.00000000,1725440699999,5475701.18294000,22190,5977627.00000000,2180709.51619000,0
1725440700000,0.37360000,0.38080000,0.37330000,0.37840000,2367849.90000000,1725440999999,890906.18909000,4007,1079475.00000000,405999.89243000,0
1725441000000,0.37850000,0.37910000,0.37790000,0.37880000,493787.70000000,1725441299999,186976.82725000,1220,253078.50000000,95847.08298000,0
1725441300000,0.37870000,0.37910000,0.37820000,0.37830000,494936.60000000,1725441599999,187325.21492000,1228,124807.10000000,47256.98282000,0
1725441600000,0.37820000,0.38140000,0.37820000,0.37980000,1517398.00000000,1725441899999,576761.03753000,2319,378129.80000000,143661.74514000,0
1725441900000,0.37980000,0.38090000,0.37960000,0.37990000,592540.20000000,1725442199999,225243.89263000,1147,186113.50000000,70757.40223000,0
1725442200000,0.38000000,0.38020000,0.37870000,0.37980000,787048.10000000,1725442499999,298529.30546000,1470,225929.80000000,85730.49239000,0
1725442500000,0.37980000,0.38010000,0.37610000,0.37650000,920240.00000000,1725442799999,347971.46847000,1371,373945.40000000,141323.42305000,0
1725442800000,0.37640000,0.37790000,0.37250000,0.37740000,994710.00000000,1725443099999,373835.29115000,1416,436275.00000000,164356.25050000,0
1725443100000,0.37740000,0.37740000,0.37520000,0.37630000,315214.70000000,1725443399999,118523.58079000,896,184083.80000000,69207.64289000,0
1725443400000,0.37620000,0.37620000,0.37450000,0.37470000,277497.50000000,1725443699999,104117.18583000,1273,143880.20000000,53970.60545000,0
1725443700000,0.37470000,0.37500000,0.37440000,0.37440000,242102.30000000,1725443999999,90723.92839000,591,109562.10000000,41059.48288000,0
1725444000000,0.37430000,0.37430000,0.37140000,0.37190000,766886.70000000,1725444299999,285497.98465000,1488,454476.30000000,169123.72401000,0
1725444300000,0.37190000,0.37190000,0.36900000,0.36930000,952101.30000000,1725444599999,352636.94887000,1499,359746.10000000,133286.92987000,0
1725444600000,0.36930000,0.37050000,0.36870000,0.36980000,640850.80000000,1725444899999,236807.45541000,1419,355542.90000000,131370.07127000,0
1725444900000,0.36970000,0.36990000,0.36840000,0.36950000,462383.70000000,1725445199999,170752.68495000,1222,205001.70000000,75712.05932000,0
1725445200000,0.36950000,0.37030000,0.36810000,0.36960000,465757.00000000,1725445499999,172037.04392000,1202,222977.50000000,82364.92623000,0
1725445500000,0.36960000,0.37130000,0.36930000,0.37090000,556015.80000000,1725445799999,206034.97430000,873,296558.40000000,109926.48000000,0
1725445800000,0.37110000,0.37120000,0.36880000,0.37020000,1267365.10000000,1725446099999,469066.22597000,1645,402428.10000000,148901.62872000,0
1725446100000,0.37030000,0.37050000,0.36940000,0.36980000,659760.60000000,1725446399999,244001.62758000,1208,200391.50000000,74108.70982000,0
1725446400000,0.36980000,0.37010000,0.36940000,0.36980000,408007.00000000,1725446699999,150841.99125000,505,132463.50000000,48986.37131000,0
1725446700000,0.36980000,0.36990000,0.36950000,0.36970000,301287.00000000,1725446999999,111381.35920000,479,121857.40000000,45058.45942000,0
1725447000000,0.36970000,0.36980000,0.36940000,0.36970000,290433.00000000,1725447299999,107357.85731000,493,235815.80000000,87173.04536000,0
1725447300000,0.36970000,0.36970000,0.36810000,0.36810000,340711.60000000,1725447599999,125702.28223000,601,173249.10000000,63923.83334000,0
1725447600000,0.36810000,0.36820000,0.36720000,0.36730000,252824.70000000,1725447899999,92919.54601000,822,171426.60000000,63008.84015000,0
1725447900000,0.36740000,0.36800000,0.36720000,0.36760000,389494.20000000,1725448199999,143179.75280000,511,358437.90000000,131760.85469000,0
1725448200000,0.36770000,0.36900000,0.36770000,0.36820000,287068.90000000,1725448499999,105762.17296000,681,193354.50000000,71236.61924000,0
1725448500000,0.36810000,0.37080000,0.36780000,0.37050000,344336.70000000,1725448799999,127243.72339000,881,207041.60000000,76477.99793000,0
1725448800000,0.37040000,0.37130000,0.37040000,0.37110000,167973.20000000,1725449099999,62295.71085000,426,110690.50000000,41049.28183000,0
1725449100000,0.37120000,0.37450000,0.36870000,0.37050000,1922729.90000000,1725449399999,713890.89194000,4319,1012395.50000000,375901.61541000,0
1725449400000,0.37050000,0.37100000,0.37020000,0.37090000,216321.60000000,1725449699999,80164.69707000,505,145836.40000000,54046.42114000,0
1725449700000,0.37090000,0.37140000,0.37060000,0.37130000,157581.40000000,1725449999999,58450.49895000,274,114071.90000000,42318.55650000,0
1725450000000,0.37130000,0.37210000,0.37120000,0.37200000,159597.30000000,1725450299999,59307.29593000,309,107502.10000000,39951.24002000,0
1725450300000,0.37210000,0.37300000,0.37180000,0.37280000,152354.70000000,1725450599999,56768.87523000,321,95442.50000000,35563.54695000,0
1725450600000,0.37290000,0.37310000,0.37270000,0.37290000,166746.50000000,1725450899999,62187.62049000,295,111978.20000000,41766.04540000,0
1725450900000,0.37280000,0.37390000,0.37270000,0.37380000,114202.30000000,1725451199999,42624.88381000,316,68627.40000000,25617.31513000,0
1725451200000,0.37380000,0.37470000,0.37380000,0.37460000,81697.10000000,1725451499999,30573.26073000,297,36804.60000000,13772.61913000,0
1725451500000,0.37460000,0.37580000,0.37450000,0.37580000,272997.10000000,1725451799999,102394.14084000,664,143987.00000000,54013.97088000,0
1725451800000,0.37570000,0.37690000,0.37500000,0.37560000,421699.70000000,1725452099999,158663.57008000,754,196693.60000000,74022.08395000,0
1725452100000,0.37550000,0.37590000,0.37460000,0.37580000,250243.00000000,1725452399999,93913.36094000,575,133313.30000000,50031.80275000,0
1725452400000,0.37580000,0.37620000,0.37560000,0.37580000,94532.40000000,1725452699999,35531.78297000,206,41852.00000000,15733.40985000,0
1725452700000,0.37590000,0.37590000,0.37510000,0.37590000,220813.60000000,1725452999999,82932.77742000,453,115252.10000000,43282.42901000,0
1725453000000,0.37590000,0.37600000,0.37450000,0.37450000,132463.60000000,1725453299999,49702.18339000,414,48186.70000000,18079.81919000,0
1725453300000,0.37460000,0.37500000,0.37420000,0.37420000,290765.90000000,1725453599999,108920.30177000,422,155249.90000000,58139.24165000,0
1725453600000,0.37430000,0.37610000,0.37420000,0.37610000,317793.00000000,1725453899999,119151.36220000,437,250169.10000000,93782.15465000,0
1725453900000,0.37600000,0.37650000,0.37600000,0.37600000,394371.30000000,1725454199999,148394.81394000,420,256245.30000000,96426.59970000,0
1725454200000,0.37610000,0.37610000,0.37530000,0.37550000,206690.40000000,1725454499999,77636.01990000,267,47187.20000000,17723.88194000,0
1725454500000,0.37560000,0.37610000,0.37490000,0.37530000,106856.50000000,1725454799999,40134.49158000,247,40466.50000000,15201.46769000,0
1725454800000,0.37530000,0.37600000,0.37170000,0.37180000,862703.80000000,1725455099999,322731.47249000,1030,573652.70000000,214575.98714000,0
1725455100000,0.37180000,0.37180000,0.37140000,0.37170000,263565.70000000,1725455399999,97947.80901000,660,163541.80000000,60781.50494000,0
1725455400000,0.37170000,0.37250000,0.37150000,0.37190000,488311.70000000,1725455699999,181596.89255000,384,254436.40000000,94620.05789000,0
1725455700000,0.37190000,0.37290000,0.37180000,0.37280000,122698.60000000,1725455999999,45685.92702000,283,82165.30000000,30591.82799000,0
1725456000000,0.37290000,0.37410000,0.37280000,0.37390000,114583.20000000,1725456299999,42794.49929000,331,56624.70000000,21141.94906000,0
1725456300000,0.37390000,0.37400000,0.37350000,0.37380000,166923.40000000,1725456599999,62393.73186000,428,63903.00000000,23888.11009000,0
1725456600000,0.37380000,0.37540000,0.37290000,0.37530000,401479.60000000,1725456899999,150084.78043000,554,287995.20000000,107675.94401000,0
1725456900000,0.37530000,0.37530000,0.37350000,0.37410000,216229.60000000,1725457199999,80922.47004000,576,95186.70000000,35617.43339000,0
1725457200000,0.37410000,0.37620000,0.37410000,0.37490000,234552.10000000,1725457499999,88046.67994000,473,113418.20000000,42551.32616000,0
1725457500000,0.37490000,0.37600000,0.37440000,0.37590000,143563.70000000,1725457799999,53861.34228000,356,76827.10000000,28827.82031000,0
1725457800000,0.37590000,0.37640000,0.37420000,0.37480000,503461.60000000,1725458099999,189193.82809000,1103,261332.70000000,98204.92781000,0
1725458100000,0.37470000,0.37530000,0.37440000,0.37480000,117270.00000000,1725458399999,43953.40337000,291,70774.20000000,26527.68849000,0
1725458400000,0.37470000,0.37510000,0.37380000,0.37490000,385493.80000000,1725458699999,144394.65541000,665,198861.00000000,74490.64428000,0
1725458700000,0.37490000,0.37700000,0.37400000,0.37670000,554231.00000000,1725458999999,208257.78135000,792,373843.20000000,140500.60231000,0
1725459000000,0.37660000,0.37700000,0.37510000,0.37620000,318191.90000000,1725459299999,119701.39236000,716,156189.20000000,58742.72048000,0
1725459300000,0.37620000,0.37640000,0.37510000,0.37570000,277938.90000000,1725459599999,104403.11316000,554,124959.90000000,46949.55702000,0
1725459600000,0.37560000,0.37560000,0.37380000,0.37410000,177790.50000000,1725459899999,66591.96171000,391,101477.40000000,37992.87059000,0
1725459900000,0.37410000,0.37450000,0.37330000,0.37430000,254461.70000000,1725460199999,95139.41800000,464,132619.10000000,49583.26197000,0
1725460200000,0.37430000,0.37720000,0.37430000,0.37700000,342104.30000000,1725460499999,128542.18098000,672,150553.10000000,56569.43501000,0
1725460500000,0.37700000,0.37900000,0.37660000,0.37870000,393727.80000000,1725460799999,148785.44483000,1074,188992.40000000,71366.09951000,0
1725460800000,0.37860000,0.37990000,0.37830000,0.37970000,227667.20000000,1725461099999,86296.63510000,726,131664.50000000,49909.62496000,0
1725461100000,0.37980000,0.38000000,0.37930000,0.38000000,450347.90000000,1725461399999,171070.69758000,678,292694.00000000,111204.82576000,0
1725461400000,0.37990000,0.38340000,0.37980000,0.38330000,677319.00000000,1725461699999,258111.57221000,1252,455115.30000000,173275.62569000,0
1725461700000,0.38330000,0.38420000,0.38310000,0.38390000,335826.90000000,1725461999999,128831.10722000,726,136550.00000000,52390.42329000,0
1725462000000,0.38380000,0.38450000,0.38300000,0.38440000,327894.40000000,1725462299999,125893.48667000,964,181933.30000000,69864.84660000,0
1725462300000,0.38440000,0.38500000,0.38380000,0.38430000,384840.10000000,1725462599999,148022.23777000,868,188733.30000000,72618.05942000,0
1725462600000,0.38440000,0.38440000,0.38250000,0.38260000,169247.70000000,1725462899999,64914.14664000,599,52567.80000000,20161.00951000,0
1725462900000,0.38260000,0.38310000,0.38170000,0.38210000,218303.70000000,1725463199999,83475.37696000,657,124623.20000000,47656.49159000,0
1725463200000,0.38210000,0.38270000,0.38150000,0.38260000,173587.10000000,1725463499999,66307.92755000,461,106791.60000000,40792.91309000,0
1725463500000,0.38250000,0.38250000,0.38140000,0.38180000,148273.20000000,1725463799999,56609.98295000,307,77208.50000000,29473.40949000,0
1725463800000,0.38190000,0.38260000,0.38140000,0.38250000,380873.40000000,1725464099999,145450.34424000,502,256647.60000000,98021.44101000,0
1725464100000,0.38250000,0.38490000,0.38250000,0.38460000,349344.70000000,1725464399999,134147.91585000,605,130289.20000000,50037.59569000,0
1725464400000,0.38460000,0.38460000,0.38390000,0.38460000,318237.30000000,1725464699999,122270.65420000,518,179465.80000000,68950.12102000,0
1725464700000,0.38460000,0.38500000,0.38450000,0.38490000,645156.70000000,1725464999999,248362.91334000,441,580303.00000000,223405.31616000,0
1725465000000,0.38480000,0.38500000,0.38440000,0.38480000,205025.00000000,1725465299999,78886.46643000,457,108114.90000000,41606.50657000,0
1725465300000,0.38470000,0.38500000,0.38420000,0.38450000,264068.90000000,1725465599999,101565.54488000,465,173814.50000000,66867.42294000,0
1725465600000,0.38470000,0.38500000,0.38420000,0.38460000,380289.40000000,1725465899999,146252.47752000,693,216320.30000000,83215.43421000,0
1725465900000,0.38470000,0.38500000,0.38420000,0.38480000,211941.80000000,1725466199999,81510.85953000,558,127210.40000000,48928.86407000,0
1725466200000,0.38480000,0.38500000,0.38470000,0.38480000,1238131.00000000,1725466499999,476646.11701000,689,1080315.20000000,415911.66688000,0
1725466500000,0.38480000,0.38500000,0.38450000,0.38490000,795908.00000000,1725466799999,306362.33868000,656,626088.60000000,241018.33533000,0
1725466800000,0.38500000,0.38500000,0.38060000,0.38500000,1541303.90000000,1725467099999,592446.58542000,1128,976048.30000000,375718.22597000,0
1725467100000,0.38500000,0.38500000,0.38480000,0.38500000,471632.10000000,1725467399999,181561.80707000,427,349612.00000000,134598.61391000,0
1725467400000,0.38500000,0.39000000,0.38490000,0.38990000,757047.80000000,1725467699999,293404.56989000,1560,462874.60000000,179432.34729000,0
1725467700000,0.38980000,0.39210000,0.38960000,0.39200000,630784.60000000,1725467999999,246384.80509000,978,400296.30000000,156359.59623000,0
1725468000000,0.39200000,0.39200000,0.38840000,0.38870000,506452.90000000,1725468299999,197518.94466000,1134,194575.70000000,75873.18103000,0
1725468300000,0.38870000,0.39000000,0.38780000,0.38850000,496158.90000000,1725468599999,192763.60622000,848,249853.30000000,97081.82895000,0
1725468600000,0.38850000,0.38970000,0.38840000,0.38960000,343840.30000000,1725468899999,133707.29053000,562,190455.50000000,74053.71787000,0
1725468900000,0.38970000,0.39110000,0.38960000,0.39070000,234353.00000000,1725469199999,91524.59713000,527,140430.70000000,54862.18745000,0
1725469200000,0.39070000,0.39070000,0.38850000,0.38890000,359548.50000000,1725469499999,139959.66873000,701,199224.00000000,77553.17151000,0
1725469500000,0.38910000,0.39060000,0.38890000,0.38940000,349875.10000000,1725469799999,136366.14642000,622,201830.90000000,78675.03888000,0
1725469800000,0.38940000,0.39050000,0.38900000,0.38920000,403684.60000000,1725470099999,157345.57256000,613,212027.50000000,82650.08099000,0
1725470100000,0.38920000,0.38920000,0.38640000,0.38650000,505397.80000000,1725470399999,195645.20100000,595,253066.90000000,97900.94360000,0
1725470400000,0.38650000,0.38740000,0.38560000,0.38600000,199503.00000000,1725470699999,77143.64676000,561,77318.50000000,29902.33928000,0
1725470700000,0.38600000,0.38680000,0.38490000,0.38510000,209595.90000000,1725470999999,80844.60665000,606,100427.20000000,38720.20381000,0
1725471000000,0.38520000,0.38590000,0.38410000,0.38440000,355709.70000000,1725471299999,136915.67580000,1887,95555.80000000,36801.72887000,0
1725471300000,0.38440000,0.38490000,0.38350000,0.38390000,173131.80000000,1725471599999,66518.75311000,443,69961.00000000,26885.01530000,0
1725471600000,0.38400000,0.38500000,0.38340000,0.38380000,511427.70000000,1725471899999,196568.58578000,949,324581.50000000,124783.37316000,0
1725471900000,0.38380000,0.38460000,0.38380000,0.38460000,115154.40000000,1725472199999,44254.37177000,320,74461.20000000,28610.48274000,0
1725472200000,0.38450000,0.38450000,0.38310000,0.38310000,108401.70000000,1725472499999,41593.70903000,357,63967.50000000,24547.57803000,0
1725472500000,0.38310000,0.38380000,0.38270000,0.38340000,131281.20000000,1725472799999,50311.47624000,411,76677.80000000,29382.35297000,0
1725472800000,0.38330000,0.38380000,0.38280000,0.38290000,73560.00000000,1725473099999,28204.80643000,341,27650.90000000,10603.17679000,0
1725473100000,0.38290000,0.38300000,0.38260000,0.38270000,87412.30000000,1725473399999,33457.98913000,238,35833.40000000,13716.41784000,0
1725473400000,0.38270000,0.38310000,0.38210000,0.38290000,101209.40000000,1725473699999,38716.82893000,357,56749.40000000,21710.22562000,0
1725473700000,0.38300000,0.38340000,0.38270000,0.38320000,63309.10000000,1725473999999,24250.76002000,280,40434.10000000,15486.80621000,0
1725474000000,0.38320000,0.38330000,0.38240000,0.38270000,55441.90000000,1725474299999,21223.06035000,260,24385.10000000,9333.54709000,0
1725474300000,0.38280000,0.38280000,0.38220000,0.38240000,46080.10000000,1725474599999,17623.09727000,183,23221.60000000,8881.79269000,0
1725474600000,0.38240000,0.38300000,0.38200000,0.38210000,45067.90000000,1725474899999,17237.84695000,210,37080.80000000,14182.63445000,0
1725474900000,0.38200000,0.38220000,0.38160000,0.38180000,141510.60000000,1725475199999,54038.30052000,613,54213.90000000,20703.92366000,0
1725475200000,0.38180000,0.38190000,0.38130000,0.38140000,90396.70000000,1725475499999,34495.16793000,269,31570.40000000,12052.04856000,0
1725475500000,0.38140000,0.38180000,0.38130000,0.38170000,76468.30000000,1725475799999,29184.19504000,168,38802.30000000,14810.52934000,0
1725475800000,0.38160000,0.38180000,0.38100000,0.38110000,96799.90000000,1725476099999,36911.47778000,241,32774.00000000,12501.16180000,0
1725476100000,0.38110000,0.38150000,0.38050000,0.38050000,98713.60000000,1725476399999,37610.49554000,325,32505.30000000,12389.46002000,0
1725476400000,0.38060000,0.38080000,0.37990000,0.38060000,181321.30000000,1725476699999,68942.88804000,378,96318.60000000,36625.31750000,0
1725476700000,0.38060000,0.38110000,0.38030000,0.38080000,71405.60000000,1725476999999,27189.28111000,228,25690.50000000,9780.38752000,0
1725477000000,0.38080000,0.38080000,0.38000000,0.38050000,132254.00000000,1725477299999,50301.11115000,414,50193.50000000,19090.48100000,0
1725477300000,0.38050000,0.38100000,0.38030000,0.38050000,52350.50000000,1725477599999,19930.63498000,264,17996.30000000,6849.87690000,0
1725477600000,0.38060000,0.38110000,0.38040000,0.38090000,50609.00000000,1725477899999,19267.64059000,211,18318.50000000,6973.89737000,0
1725477900000,0.38090000,0.38130000,0.38060000,0.38120000,64773.90000000,1725478199999,24675.77755000,204,33137.60000000,12624.38551000,0
1725478200000,0.38120000,0.38150000,0.38080000,0.38080000,45306.20000000,1725478499999,17265.85836000,120,19044.80000000,7259.83257000,0
1725478500000,0.38090000,0.38130000,0.38080000,0.38130000,23520.90000000,1725478799999,8961.25694000,95,21590.20000000,8225.78854000,0
1725478800000,0.38130000,0.38160000,0.38100000,0.38150000,50968.20000000,1725479099999,19433.85930000,192,28534.50000000,10880.42360000,0
1725479100000,0.38150000,0.38150000,0.38090000,0.38110000,78710.20000000,1725479399999,29995.16979000,354,24080.20000000,9177.18855000,0
1725479400000,0.38110000,0.38140000,0.38060000,0.38100000,34429.00000000,1725479699999,13118.09686000,270,15835.50000000,6033.98356000,0
1725479700000,0.38090000,0.38180000,0.38060000,0.38160000,51184.40000000,1725479999999,19520.33619000,223,21708.70000000,8279.09593000,0
1725480000000,0.38160000,0.38210000,0.38140000,0.38210000,89630.30000000,1725480299999,34216.38946000,285,73142.20000000,27923.72781000,0
1725480300000,0.38210000,0.38240000,0.38190000,0.38230000,28534.20000000,1725480599999,10906.21640000,123,18907.10000000,7227.19903000,0
1725480600000,0.38240000,0.38270000,0.38130000,0.38160000,203366.10000000,1725480899999,77636.41013000,489,46117.20000000,17623.86530000,0
1725480900000,0.38140000,0.38190000,0.38120000,0.38130000,76810.20000000,1725481199999,29311.04264000,305,39563.60000000,15098.77715000,0
1725481200000,0.38150000,0.38150000,0.38090000,0.38090000,63930.10000000,1725481499999,24367.29905000,400,27503.20000000,10485.00733000,0
1725481500000,0.38090000,0.38170000,0.38080000,0.38170000,66279.50000000,1725481799999,25277.53588000,233,53682.10000000,20471.42716000,0
1725481800000,0.38170000,0.38240000,0.38160000,0.38230000,40357.30000000,1725482099999,15414.99507000,196,30989.00000000,11835.95401000,0
1725482100000,0.38220000,0.38220000,0.38100000,0.38110000,78890.90000000,1725482399999,30111.30194000,198,14223.50000000,5430.31373000,0
1725482400000,0.38110000,0.38130000,0.38090000,0.38090000,39248.50000000,1725482699999,14956.62794000,232,14078.50000000,5365.08048000,0
1725482700000,0.38100000,0.38170000,0.38070000,0.38080000,80877.40000000,1725482999999,30826.55058000,335,47154.80000000,17971.57558000,0
1725483000000,0.38080000,0.38120000,0.37950000,0.38080000,1252587.40000000,1725483299999,476363.20263000,3107,626585.30000000,238338.77467000,0
1725483300000,0.38080000,0.38130000,0.38060000,0.38080000,53343.40000000,1725483599999,20321.43484000,220,29735.20000000,11327.63911000,0
1725483600000,0.38080000,0.38110000,0.38080000,0.38080000,34908.90000000,1725483899999,13295.84367000,115,13193.90000000,5025.53553000,0
1725483900000,0.38080000,0.38090000,0.37970000,0.37990000,180815.30000000,1725484199999,68754.68160000,485,55609.10000000,21141.60140000,0
1725484200000,0.37990000,0.38000000,0.37940000,0.37960000,46125.30000000,1725484499999,17518.12928000,204,29187.10000000,11086.94160000,0
1725484500000,0.37950000,0.38030000,0.37940000,0.38000000,39539.70000000,1725484799999,15023.38549000,193,24959.50000000,9483.28373000,0
1725484800000,0.37990000,0.38000000,0.37950000,0.37960000,47213.20000000,1725485099999,17927.35611000,185,10063.30000000,3820.56871000,0
1725485100000,0.37950000,0.37960000,0.37920000,0.37950000,71538.70000000,1725485399999,27142.12794000,249,36797.00000000,13961.68998000,0
1725485400000,0.37940000,0.37980000,0.37910000,0.37980000,116795.60000000,1725485699999,44310.06135000,307,55830.60000000,21185.29887000,0
1725485700000,0.37980000,0.38010000,0.37950000,0.37990000,20106.40000000,1725485999999,7636.43576000,128,7866.60000000,2988.34025000,0
1725486000000,0.38000000,0.38150000,0.38000000,0.38120000,92848.80000000,1725486299999,35357.29154000,297,69087.30000000,26306.75810000,0
1725486300000,0.38130000,0.38300000,0.38130000,0.38290000,87691.80000000,1725486599999,33501.84740000,259,49285.70000000,18830.77395000,0
1725486600000,0.38300000,0.38390000,0.38260000,0.38390000,122581.80000000,1725486899999,46980.70495000,210,63067.60000000,24189.19265000,0
1725486900000,0.38360000,0.38360000,0.38260000,0.38330000,122858.80000000,1725487199999,47083.72596000,248,35827.70000000,13732.85256000,0
1725487200000,0.38330000,0.38440000,0.38310000,0.38390000,175537.00000000,1725487499999,67397.66094000,495,91849.10000000,35257.95281000,0
1725487500000,0.38380000,0.38460000,0.38370000,0.38420000,148095.70000000,1725487799999,56911.16875000,372,68571.20000000,26357.02778000,0
1725487800000,0.38410000,0.38450000,0.38390000,0.38450000,46320.40000000,1725488099999,17790.84788000,167,24636.60000000,9464.04554000,0
1725488100000,0.38450000,0.38450000,0.38380000,0.38410000,48419.10000000,1725488399999,18594.77690000,273,21272.00000000,8168.90883000,0
1725488400000,0.38420000,0.38460000,0.38390000,0.38410000,45360.60000000,1725488699999,17428.61643000,194,16578.60000000,6370.97912000,0
1725488700000,0.38400000,0.38430000,0.38390000,0.38390000,64767.30000000,1725488999999,24878.15963000,187,30731.30000000,11805.28068000,0
1725489000000,0.38400000,0.38410000,0.38350000,0.38370000,65979.30000000,1725489299999,25318.41185000,112,22758.40000000,8729.46027000,0
1725489300000,0.38370000,0.38370000,0.38290000,0.38290000,88427.60000000,1725489599999,33881.80228000,188,38255.20000000,14659.52871000,0
1725489600000,0.38290000,0.38290000,0.38120000,0.38160000,383287.20000000,1725489899999,146376.47129000,700,184981.30000000,70641.48499000,0
1725489900000,0.38150000,0.38220000,0.38150000,0.38180000,130259.60000000,1725490199999,49738.33698000,230,87668.20000000,33475.95117000,0
1725490200000,0.38180000,0.38190000,0.38150000,0.38190000,122151.30000000,1725490499999,46630.33638000,156,98468.40000000,37592.31269000,0
1725490500000,0.38180000,0.38200000,0.38160000,0.38200000,107807.30000000,1725490799999,41164.80162000,145,97248.20000000,37133.44614000,0
1725490800000,0.38200000,0.38200000,0.38170000,0.38200000,49794.80000000,1725491099999,19015.29167000,133,31873.70000000,12172.79660000,0
1725491100000,0.38200000,0.38200000,0.38170000,0.38180000,69803.20000000,1725491399999,26655.33990000,155,36480.90000000,13931.95935000,0
1725491400000,0.38180000,0.38200000,0.38180000,0.38190000,32227.50000000,1725491699999,12309.45287000,83,29174.30000000,11143.46618000,0
1725491700000,0.38190000,0.38220000,0.38180000,0.38190000,111828.50000000,1725491999999,42722.44547000,177,65649.10000000,25083.95470000,0
1725492000000,0.38190000,0.38190000,0.38130000,0.38160000,247225.00000000,1725492299999,94358.85697000,296,202788.80000000,77402.72774000,0
1725492300000,0.38150000,0.38150000,0.38040000,0.38050000,175216.40000000,1725492599999,66739.16552000,201,82280.60000000,31329.05612000,0
1725492600000,0.38050000,0.38080000,0.38020000,0.38070000,92067.10000000,1725492899999,35033.19040000,196,78111.30000000,29724.28445000,0
1725492900000,0.38070000,0.38070000,0.38050000,0.38060000,15929.80000000,1725493199999,6063.47199000,62,12425.20000000,4729.63019000,0
1725493200000,0.38060000,0.38070000,0.38040000,0.38060000,64564.70000000,1725493499999,24572.44395000,113,19687.00000000,7492.85009000,0
1725493500000,0.38050000,0.38070000,0.38040000,0.38050000,70882.40000000,1725493799999,26973.50282000,161,37617.50000000,14316.90165000,0
1725493800000,0.38050000,0.38080000,0.38050000,0.38070000,33169.20000000,1725494099999,12626.24336000,98,26238.20000000,9988.21880000,0
1725494100000,0.38070000,0.38140000,0.38070000,0.38140000,228776.10000000,1725494399999,87179.73545000,117,216290.60000000,82420.84442000,0
1725494400000,0.38140000,0.38200000,0.38050000,0.38060000,252597.10000000,1725494699999,96345.34961000,290,110136.70000000,42010.38555000,0
1725494700000,0.38050000,0.38050000,0.37920000,0.37930000,212270.80000000,1725494999999,80584.23996000,402,94147.20000000,35736.90781000,0
1725495000000,0.37930000,0.38060000,0.37890000,0.38060000,228491.40000000,1725495299999,86729.43985000,385,122496.20000000,46499.00712000,0
1725495300000,0.38060000,0.38080000,0.38030000,0.38080000,42222.50000000,1725495599999,16065.84708000,113,26132.80000000,9944.47672000,0
1725495600000,0.38070000,0.38200000,0.38070000,0.38200000,193070.60000000,1725495899999,73642.96397000,351,137767.30000000,52548.55330000,0
1725495900000,0.38190000,0.38250000,0.38190000,0.38230000,272944.60000000,1725496199999,104299.26677000,279,174210.30000000,66567.24579000,0
1725496200000,0.38230000,0.38230000,0.38130000,0.38140000,98239.80000000,1725496499999,37513.38810000,167,27228.10000000,10390.00725000,0
1725496500000,0.38130000,0.38130000,0.38070000,0.38130000,51219.50000000,1725496799999,19518.37297000,158,22438.80000000,8550.91032000,0
1725496800000,0.38120000,0.38260000,0.38110000,0.38200000,262620.90000000,1725497099999,100237.76688000,355,189860.20000000,72431.48195000,0
1725497100000,0.38200000,0.38210000,0.38110000,0.38130000,80003.80000000,1725497399999,30512.30667000,151,40600.40000000,15484.19299000,0
1725497400000,0.38130000,0.38240000,0.38130000,0.38190000,140607.00000000,1725497699999,53702.67839000,262,81161.70000000,30990.73449000,0
1725497700000,0.38190000,0.38190000,0.38020000,0.38040000,217820.80000000,1725497999999,83002.13751000,319,82786.30000000,31539.60736000,0
1725498000000,0.38040000,0.38170000,0.38030000,0.38160000,132628.10000000,1725498299999,50516.34738000,265,106801.80000000,40677.90897000,0
1725498300000,0.38170000,0.38180000,0.38140000,0.38160000,73643.70000000,1725498599999,28103.62796000,160,36477.20000000,13919.72254000,0
1725498600000,0.38150000,0.38150000,0.38120000,0.38130000,60102.10000000,1725498899999,22920.97024000,128,26541.00000000,10122.89376000,0
1725498900000,0.38130000,0.38170000,0.38110000,0.38170000,102722.20000000,1725499199999,39181.14225000,220,63183.70000000,24103.61303000,0
1725499200000,0.38170000,0.38180000,0.38150000,0.38170000,105614.70000000,1725499499999,40315.02009000,257,47316.70000000,18062.93073000,0
1725499500000,0.38170000,0.38300000,0.38170000,0.38300000,159760.50000000,1725499799999,61068.83725000,371,89906.30000000,34368.81669000,0
1725499800000,0.38300000,0.38390000,0.38280000,0.38360000,201230.20000000,1725500099999,77114.69877000,533,117943.40000000,45199.65566000,0
1725500100000,0.38370000,0.38470000,0.38350000,0.38460000,188699.50000000,1725500399999,72462.51457000,430,132282.10000000,50794.60532000,0
1725500400000,0.38460000,0.38500000,0.38410000,0.38430000,264358.80000000,1725500699999,101672.99951000,331,150669.80000000,57968.64171000,0
1725500700000,0.38420000,0.38520000,0.38420000,0.38480000,237155.80000000,1725500999999,91241.12044000,393,139498.40000000,53673.70378000,0
1725501000000,0.38480000,0.38560000,0.38430000,0.38430000,251793.70000000,1725501299999,96880.85908000,588,113915.90000000,43829.61308000,0
1725501300000,0.38430000,0.38470000,0.38390000,0.38390000,254717.50000000,1725501599999,97927.75002000,495,97605.70000000,37535.76015000,0
1725501600000,0.38400000,0.38440000,0.38380000,0.38420000,81420.80000000,1725501899999,31270.27247000,192,71860.00000000,27598.96786000,0
1725501900000,0.38420000,0.38420000,0.38300000,0.38360000,229753.00000000,1725502199999,88127.31589000,299,36149.30000000,13865.33913000,0
1725502200000,0.38360000,0.38380000,0.38260000,0.38300000,228534.20000000,1725502499999,87542.30762000,301,127189.90000000,48704.61352000,0
1725502500000,0.38300000,0.38340000,0.37890000,0.38330000,434277.20000000,1725502799999,165917.82371000,596,128947.50000000,49314.80753000,0
1725502800000,0.38330000,0.38350000,0.38310000,0.38320000,62875.20000000,1725503099999,24103.95098000,83,12633.70000000,4842.80918000,0
1725503100000,0.38320000,0.38360000,0.38280000,0.38350000,136747.00000000,1725503399999,52392.59961000,224,66440.50000000,25456.28016000,0
1725503400000,0.38360000,0.38790000,0.38350000,0.38480000,490300.20000000,1725503699999,188863.68623000,706,362598.70000000,139726.02618000,0
1725503700000,0.38470000,0.38540000,0.38400000,0.38520000,344211.20000000,1725503999999,132405.79468000,471,182461.30000000,70194.31727000,0
1725504000000,0.38520000,0.38540000,0.38460000,0.38480000,217135.60000000,1725504299999,83583.71346000,320,71762.70000000,27620.41530000,0
1725504300000,0.38480000,0.38500000,0.38230000,0.38240000,238890.50000000,1725504599999,91768.24326000,499,97939.10000000,37616.40121000,0
1725504600000,0.38230000,0.38270000,0.38220000,0.38250000,106773.60000000,1725504899999,40838.16885000,187,76534.80000000,29273.12453000,0
1725504900000,0.38250000,0.38290000,0.38230000,0.38240000,147122.30000000,1725505199999,56302.98519000,283,50504.40000000,19327.94445000,0
1725505200000,0.38240000,0.38240000,0.38150000,0.38220000,56333.50000000,1725505499999,21517.04760000,217,31391.90000000,11988.73355000,0
1725505500000,0.38230000,0.38230000,0.37920000,0.38000000,244897.00000000,1725505799999,93180.45061000,784,98762.30000000,37555.35698000,0
1725505800000,0.38000000,0.38050000,0.37880000,0.37970000,173852.90000000,1725506099999,65986.24205000,483,89352.70000000,33910.50479000,0
1725506100000,0.37960000,0.37990000,0.37830000,0.37890000,200503.80000000,1725506399999,75949.26309000,269,46408.60000000,17584.36074000,0
1725506400000,0.37900000,0.37970000,0.37830000,0.37910000,257008.20000000,1725506699999,97393.21523000,308,40886.90000000,15507.03897000,0
1725506700000,0.37910000,0.37970000,0.37860000,0.37880000,232298.30000000,1725506999999,88085.71785000,367,53936.50000000,20454.06218000,0
1725507000000,0.37880000,0.37910000,0.37740000,0.37820000,174504.60000000,1725507299999,66011.27579000,483,73683.50000000,27876.89129000,0
1725507300000,0.37820000,0.37820000,0.37670000,0.37670000,164213.90000000,1725507599999,61930.22313000,430,65203.50000000,24589.25036000,0
1725507600000,0.37670000,0.37720000,0.37650000,0.37700000,152307.50000000,1725507899999,57395.46361000,335,75741.00000000,28546.08510000,0
1725507900000,0.37690000,0.37720000,0.37670000,0.37700000,71477.10000000,1725508199999,26938.66333000,190,39532.30000000,14901.04596000,0
1725508200000,0.37710000,0.37720000,0.37610000,0.37610000,52630.20000000,1725508499999,19827.49108000,173,12878.70000000,4854.11457000,0
1725508500000,0.37610000,0.37640000,0.37590000,0.37630000,62440.30000000,1725508799999,23488.18714000,160,26010.10000000,9784.53688000,0
1725508800000,0.37620000,0.37630000,0.37560000,0.37630000,34557.40000000,1725509099999,12993.74012000,154,17698.10000000,6655.54333000,0
1725509100000,0.37620000,0.37700000,0.37610000,0.37700000,56582.30000000,1725509399999,21301.77277000,138,45144.30000000,16998.46710000,0
1725509400000,0.37700000,0.37710000,0.37640000,0.37690000,78617.80000000,1725509699999,29619.93046000,200,38716.70000000,14584.04738000,0
1725509700000,0.37690000,0.37690000,0.37650000,0.37650000,49465.40000000,1725509999999,18633.14704000,178,28130.00000000,10596.49198000,0
1725510000000,0.37650000,0.37650000,0.37610000,0.37640000,34125.50000000,1725510299999,12840.87060000,104,10203.30000000,3839.68825000,0
1725510300000,0.37650000,0.37740000,0.37630000,0.37730000,52995.90000000,1725510599999,19976.39074000,209,37054.20000000,13962.94923000,0
1725510600000,0.37730000,0.37730000,0.37600000,0.37630000,51683.00000000,1725510899999,19464.06398000,172,21276.00000000,8009.06057000,0
1725510900000,0.37630000,0.37670000,0.37620000,0.37650000,41628.00000000,1725511199999,15669.79664000,144,26922.10000000,10132.92396000,0
1725511200000,0.37650000,0.37740000,0.37650000,0.37740000,138982.70000000,1725511499999,52392.50320000,366,98895.70000000,37280.58085000,0
1725511500000,0.37740000,0.37850000,0.37740000,0.37850000,121125.40000000,1725511799999,45777.82261000,348,100268.50000000,37897.16660000,0
1725511800000,0.37850000,0.37880000,0.37780000,0.37800000,76778.10000000,1725512099999,29056.02807000,193,59875.60000000,22657.82488000,0
1725512100000,0.37780000,0.37850000,0.37780000,0.37800000,167804.20000000,1725512399999,63457.38683000,245,92259.40000000,34885.27324000,0
1725512400000,0.37800000,0.37840000,0.37700000,0.37700000,132839.00000000,1725512699999,50192.02331000,230,56245.50000000,21257.25776000,0
1725512700000,0.37710000,0.37710000,0.37640000,0.37670000,50881.00000000,1725512999999,19170.23872000,181,33643.20000000,12674.41045000,0
1725513000000,0.37670000,0.37690000,0.37610000,0.37640000,94099.70000000,1725513299999,35434.67431000,140,55439.80000000,20876.18272000,0
1725513300000,0.37640000,0.37650000,0.37600000,0.37630000,21229.50000000,1725513599999,7988.40022000,99,15996.00000000,6019.27258000,0
1725513600000,0.37650000,0.37660000,0.37630000,0.37650000,45252.10000000,1725513899999,17036.94317000,84,33682.50000000,12680.95145000,0
1725513900000,0.37650000,0.37690000,0.37640000,0.37680000,24429.10000000,1725514199999,9204.10460000,80,18870.20000000,7109.61892000,0
1725514200000,0.37680000,0.37690000,0.37650000,0.37690000,35985.60000000,1725514499999,13558.55499000,95,19079.70000000,7188.96287000,0
1725514500000,0.37690000,0.37710000,0.37640000,0.37640000,50792.50000000,1725514799999,19143.11181000,131,21857.10000000,8238.29641000,0
1725514800000,0.37630000,0.37630000,0.37590000,0.37600000,20728.50000000,1725515099999,7795.54229000,96,11283.60000000,4243.52066000,0
1725515100000,0.37590000,0.37620000,0.37580000,0.37590000,64753.40000000,1725515399999,24344.04322000,133,56979.10000000,21420.26413000,0
1725515400000,0.37600000,0.37600000,0.37570000,0.37570000,15109.20000000,1725515699999,5677.97763000,53,5065.70000000,1904.18567000,0
1725515700000,0.37580000,0.37620000,0.37580000,0.37610000,22112.20000000,1725515999999,8314.79828000,95,18216.50000000,6850.03003000,0
1725516000000,0.37610000,0.37630000,0.37580000,0.37620000,58819.90000000,1725516299999,22120.03086000,163,35146.60000000,13217.50698000,0
1725516300000,0.37620000,0.37620000,0.37460000,0.37520000,364647.40000000,1725516599999,136846.44764000,438,104538.80000000,39213.58471000,0
1725516600000,0.37510000,0.37530000,0.37480000,0.37530000,96144.10000000,1725516899999,36051.77963000,203,29974.90000000,11239.90656000,0
1725516900000,0.37530000,0.37540000,0.37480000,0.37500000,69225.80000000,1725517199999,25965.52282000,133,44391.90000000,16649.01711000,0
1725517200000,0.37510000,0.37520000,0.37230000,0.37240000,327087.20000000,1725517499999,122263.53846000,790,97724.50000000,36520.85676000,0
1725517500000,0.37250000,0.37430000,0.37250000,0.37410000,179855.50000000,1725517799999,67220.33265000,475,118342.70000000,44233.30463000,0
1725517800000,0.37420000,0.37420000,0.37350000,0.37350000,73863.90000000,1725518099999,27615.48827000,168,14641.90000000,5474.60392000,0
1725518100000,0.37330000,0.37360000,0.37260000,0.37290000,143146.00000000,1725518399999,53392.80263000,242,66130.40000000,24665.27589000,0
1725518400000,0.37300000,0.37410000,0.37270000,0.37400000,90461.70000000,1725518699999,33773.32445000,204,76611.70000000,28600.78420000,0
1725518700000,0.37410000,0.37420000,0.37360000,0.37370000,49977.10000000,1725518999999,18690.08600000,162,27500.50000000,10284.90804000,0
1725519000000,0.37370000,0.37420000,0.37350000,0.37400000,55143.80000000,1725519299999,20617.37054000,155,26135.30000000,9770.22816000,0
1725519300000,0.37390000,0.37410000,0.37370000,0.37410000,42730.10000000,1725519599999,15976.89648000,185,23315.30000000,8718.74436000,0
1725519600000,0.37400000,0.37600000,0.37370000,0.37480000,315335.90000000,1725519899999,118280.64749000,550,203233.70000000,76233.85565000,0
1725519900000,0.37490000,0.37640000,0.37490000,0.37640000,203696.80000000,1725520199999,76490.60193000,433,96784.00000000,36338.98699000,0
1725520200000,0.37650000,0.37840000,0.37630000,0.37810000,437545.80000000,1725520499999,165306.60298000,778,233978.30000000,88372.14544000,0
1725520500000,0.37800000,0.37880000,0.37790000,0.37860000,154469.40000000,1725520799999,58437.90238000,438,91353.70000000,34559.09583000,0
1725520800000,0.37860000,0.37870000,0.37760000,0.37840000,239304.70000000,1725521099999,90508.02577000,471,110716.70000000,41877.88839000,0
1725521100000,0.37840000,0.37840000,0.37670000,0.37700000,341209.20000000,1725521399999,128799.51199000,510,168475.00000000,63591.57086000,0
1725521400000,0.37700000,0.37740000,0.37690000,0.37730000,80906.00000000,1725521699999,30517.29689000,192,51107.50000000,19278.21818000,0
1725521700000,0.37730000,0.37730000,0.37500000,0.37540000,391714.00000000,1725521999999,147240.94350000,702,124579.00000000,46819.16218000,0
1725522000000,0.37530000,0.37640000,0.37490000,0.37630000,281451.60000000,1725522299999,105700.03255000,534,136453.30000000,51267.80426000,0
1725522300000,0.37630000,0.37680000,0.37630000,0.37660000,38060.90000000,1725522599999,14335.77975000,140,30223.00000000,11383.73065000,0
1725522600000,0.37670000,0.37700000,0.37650000,0.37690000,117089.90000000,1725522899999,44121.02568000,173,102156.30000000,38494.01324000,0
1725522900000,0.37690000,0.37690000,0.37650000,0.37660000,38718.70000000,1725523199999,14586.40898000,100,21384.40000000,8057.07003000,0
1725523200000,0.37660000,0.37690000,0.37640000,0.37680000,43334.90000000,1725523499999,16324.44831000,145,33317.40000000,12551.23414000,0
1725523500000,0.37690000,0.37690000,0.37580000,0.37590000,51328.10000000,1725523799999,19313.93035000,162,16259.10000000,6120.07585000,0
1725523800000,0.37590000,0.37590000,0.37490000,0.37520000,165992.90000000,1725524099999,62294.91230000,220,61246.70000000,22984.14172000,0
1725524100000,0.37520000,0.37580000,0.37520000,0.37570000,56392.70000000,1725524399999,21175.04275000,86,46111.10000000,17314.21794000,0
1725524400000,0.37570000,0.37590000,0.37520000,0.37550000,119057.90000000,1725524699999,44714.45688000,160,34781.30000000,13062.05946000,0
1725524700000,0.37550000,0.37590000,0.37520000,0.37590000,53195.00000000,1725524999999,19975.09093000,120,36969.30000000,13885.07896000,0
1725525000000,0.37590000,0.37590000,0.37560000,0.37560000,66663.10000000,1725525299999,25048.48510000,168,24358.60000000,9154.45059000,0
1725525300000,0.37560000,0.37560000,0.37470000,0.37480000,134192.60000000,1725525599999,50334.80189000,234,33429.90000000,12539.03710000,0
1725525600000,0.37480000,0.37500000,0.37460000,0.37480000,145756.30000000,1725525899999,54628.16596000,211,44647.90000000,16731.93076000,0
1725525900000,0.37480000,0.37490000,0.37450000,0.37460000,21330.30000000,1725526199999,7992.02175000,85,5756.90000000,2157.23712000,0
1725526200000,0.37460000,0.37490000,0.37440000,0.37460000,72103.70000000,1725526499999,27014.20520000,217,20450.00000000,7660.54000000,0
1725526500000,0.37460000,0.37520000,0.37450000,0.37480000,176063.10000000,1725526799999,65987.84283000,335,76225.70000000,28569.13914000,0
1725526800000,0.37480000,0.37490000,0.37440000,0.37440000,183701.60000000,1725527099999,68819.84336000,382,64000.70000000,23978.02581000,0
1725527100000,0.37450000,0.37530000,0.37440000,0.37520000,181696.40000000,1725527399999,68137.17961000,469,92207.30000000,34575.69197000,0
1725527400000,0.37510000,0.37590000,0.37470000,0.37510000,202611.60000000,1725527699999,76040.82666000,520,75799.10000000,28444.68372000,0
1725527700000,0.37510000,0.37520000,0.37460000,0.37470000,33045.90000000,1725527999999,12389.41693000,93,10278.60000000,3853.64204000,0
1725528000000,0.37470000,0.37530000,0.37450000,0.37490000,255646.20000000,1725528299999,95856.72488000,566,92309.80000000,34610.81398000,0
1725528300000,0.37480000,0.37550000,0.37480000,0.37550000,45781.20000000,1725528599999,17174.87866000,151,18859.50000000,7076.70798000,0
1725528600000,0.37540000,0.37620000,0.37500000,0.37610000,182082.60000000,1725528899999,68405.87776000,301,84681.60000000,31811.48794000,0
1725528900000,0.37620000,0.37650000,0.37580000,0.37650000,74792.70000000,1725529199999,28131.68933000,223,35099.10000000,13202.70746000,0
1725529200000,0.37650000,0.37830000,0.37640000,0.37810000,76896.30000000,1725529499999,29041.20200000,260,54404.30000000,20542.79696000,0
1725529500000,0.37800000,0.37810000,0.37730000,0.37740000,135790.50000000,1725529799999,51292.21789000,399,34757.60000000,13127.71107000,0
1725529800000,0.37730000,0.37810000,0.37720000,0.37810000,106840.50000000,1725530099999,40368.78948000,307,58744.90000000,22198.18976000,0
1725530100000,0.37810000,0.37900000,0.37810000,0.37900000,59967.90000000,1725530399999,22694.14970000,154,50399.10000000,19074.04346000,0
1725530400000,0.37900000,0.38200000,0.37900000,0.38200000,415205.50000000,1725530699999,158209.33462000,838,276882.10000000,105546.52530000,0
1725530700000,0.38210000,0.38540000,0.38210000,0.38530000,323423.70000000,1725530999999,124147.64900000,916,182538.00000000,70068.54386000,0
1725531000000,0.38530000,0.38530000,0.38270000,0.38450000,290619.10000000,1725531299999,111613.31106000,665,120565.80000000,46246.12953000,0
1725531300000,0.38450000,0.38450000,0.38280000,0.38290000,184037.80000000,1725531599999,70580.49367000,364,50846.60000000,19481.66423000,0
1725531600000,0.38280000,0.38290000,0.38120000,0.38250000,125858.60000000,1725531899999,48075.71306000,294,25412.00000000,9704.38374000,0
1725531900000,0.38250000,0.38250000,0.37920000,0.37980000,138979.20000000,1725532199999,52944.03545000,523,36356.60000000,13834.65222000,0
1725532200000,0.37980000,0.38130000,0.37970000,0.38060000,163011.70000000,1725532499999,62027.14414000,385,60865.80000000,23150.16514000,0
1725532500000,0.38060000,0.38120000,0.38040000,0.38100000,46106.20000000,1725532799999,17560.06031000,139,13088.50000000,4986.50342000,0
1725532800000,0.38100000,0.38200000,0.38100000,0.38200000,41804.50000000,1725533099999,15954.16728000,227,22616.50000000,8629.71300000,0
1725533100000,0.38190000,0.38200000,0.38170000,0.38180000,40975.40000000,1725533399999,15647.37431000,111,9671.50000000,3694.26939000,0
1725533400000,0.38180000,0.38200000,0.38090000,0.38100000,154283.00000000,1725533699999,58825.26335000,336,21372.20000000,8151.41154000,0
1725533700000,0.38110000,0.38110000,0.37990000,0.38010000,122653.40000000,1725533999999,46659.64070000,211,42006.20000000,15978.42118000,0
1725534000000,0.38010000,0.38030000,0.37550000,0.37580000,822293.90000000,1725534299999,310948.53989000,2218,257745.90000000,97504.30289000,0
1725534300000,0.37590000,0.37590000,0.37170000,0.37260000,927410.20000000,1725534599999,346409.41856000,2272,183764.50000000,68633.07358000,0
1725534600000,0.37250000,0.37250000,0.37000000,0.37040000,859425.60000000,1725534899999,318837.11675000,1945,189887.70000000,70446.99097000,0
1725534900000,0.37030000,0.37480000,0.37000000,0.37480000,470488.70000000,1725535199999,175088.84356000,1237,212989.80000000,79306.16444000,0
1725535200000,0.37480000,0.37560000,0.37000000,0.37200000,1003538.00000000,1725535499999,374011.17316000,2149,332445.50000000,123933.74645000,0
1725535500000,0.37200000,0.37230000,0.36970000,0.37030000,753207.70000000,1725535799999,279280.55571000,2011,176188.80000000,65316.96312000,0
1725535800000,0.37030000,0.37210000,0.36970000,0.37030000,579030.00000000,1725536099999,214652.23134000,1453,208122.90000000,77154.64052000,0
1725536100000,0.37040000,0.37040000,0.36870000,0.36910000,940820.30000000,1725536399999,347625.45193000,1758,291585.10000000,107785.32086000,0
1725536400000,0.36900000,0.36910000,0.36690000,0.36820000,700797.70000000,1725536699999,257822.40004000,1536,279030.40000000,102633.94155000,0
1725536700000,0.36820000,0.37000000,0.36730000,0.36810000,498171.20000000,1725536999999,183630.33043000,1117,156729.70000000,57777.21770000,0
1725537000000,0.36810000,0.36870000,0.36610000,0.36870000,671186.90000000,1725537299999,246471.96485000,1118,289778.90000000,106444.72482000,0
1725537300000,0.36860000,0.37030000,0.36370000,0.36640000,1065525.20000000,1725537599999,390515.74730000,2540,449884.10000000,164966.05378000,0
1725537600000,0.36640000,0.36890000,0.36330000,0.36480000,1086899.90000000,1725537899999,397667.63872000,2682,481524.70000000,176092.49817000,0
1725537900000,0.36480000,0.36710000,0.36300000,0.36350000,1052449.40000000,1725538199999,384051.93259000,3182,405951.50000000,148191.43373000,0
1725538200000,0.36360000,0.36510000,0.36300000,0.36420000,782868.60000000,1725538499999,284982.50345000,2651,352759.10000000,128398.04620000,0
1725538500000,0.36420000,0.36490000,0.36370000,0.36470000,294849.60000000,1725538799999,107403.53960000,854,141742.80000000,51630.67956000,0
1725538800000,0.36470000,0.36550000,0.36200000,0.36300000,436637.80000000,1725539099999,158819.59441000,1169,129538.00000000,47129.27091000,0
1725539100000,0.36300000,0.36610000,0.36290000,0.36610000,118283.90000000,1725539399999,43064.19375000,390,71214.90000000,25948.63556000,0
1725539400000,0.36610000,0.36880000,0.36610000,0.36690000,304548.90000000,1725539699999,111879.61172000,1156,155552.00000000,57156.43002000,0
1725539700000,0.36690000,0.36780000,0.36500000,0.36630000,489237.70000000,1725539999999,179098.92572000,1064,259060.40000000,94815.94978000,0
1725540000000,0.36630000,0.36640000,0.36440000,0.36530000,221264.30000000,1725540299999,80777.40829000,661,72275.20000000,26385.70696000,0
1725540300000,0.36530000,0.36830000,0.36490000,0.36810000,199164.10000000,1725540599999,73102.22393000,503,106928.70000000,39246.60084000,0
1725540600000,0.36800000,0.36850000,0.36770000,0.36830000,177863.00000000,1725540899999,65481.72697000,392,77127.50000000,28393.72755000,0
1725540900000,0.36800000,0.36900000,0.36690000,0.36820000,278169.30000000,1725541199999,102341.83269000,878,128921.70000000,47438.21644000,0
1725541200000,0.36820000,0.36950000,0.36810000,0.36890000,139497.60000000,1725541499999,51453.19048000,507,63876.40000000,23554.56950000,0
1725541500000,0.36890000,0.36940000,0.36770000,0.36930000,235272.80000000,1725541799999,86755.38799000,741,96235.90000000,35484.16497000,0
1725541800000,0.36940000,0.37000000,0.36880000,0.36880000,85642.20000000,1725542099999,31618.63873000,373,40199.40000000,14841.20209000,0
1725542100000,0.36890000,0.36940000,0.36850000,0.36910000,185841.50000000,1725542399999,68568.65010000,394,117119.60000000,43217.23238000,0
1725542400000,0.36920000,0.37100000,0.36910000,0.37090000,228885.90000000,1725542699999,84707.56138000,417,133648.40000000,49447.90399000,0
1725542700000,0.37090000,0.37540000,0.37060000,0.37450000,363338.00000000,1725542999999,135470.41458000,1231,229302.10000000,85488.48835000,0
1725543000000,0.37460000,0.37540000,0.37270000,0.37320000,421914.90000000,1725543299999,158004.57085000,869,153397.00000000,57421.59047000,0
1725543300000,0.37310000,0.37570000,0.37300000,0.37510000,283127.40000000,1725543599999,105930.25735000,779,203638.40000000,76170.74755000,0
1725543600000,0.37510000,0.37600000,0.37460000,0.37490000,263744.80000000,1725543899999,98988.51326000,527,158663.00000000,59555.44269000,0
1725543900000,0.37490000,0.37570000,0.37390000,0.37400000,340137.40000000,1725544199999,127485.79974000,717,223096.00000000,83621.95425000,0
1725544200000,0.37410000,0.37440000,0.37230000,0.37280000,394451.30000000,1725544499999,147173.07316000,1041,251114.40000000,93712.45721000,0
1725544500000,0.37280000,0.37470000,0.37280000,0.37470000,179359.00000000,1725544799999,67039.81825000,396,126078.20000000,47120.13368000,0
1725544800000,0.37480000,0.37620000,0.37410000,0.37440000,214348.60000000,1725545099999,80435.60755000,581,111750.70000000,41936.17161000,0
1725545100000,0.37420000,0.37580000,0.37400000,0.37580000,95746.60000000,1725545399999,35878.19813000,228,56386.30000000,21130.89938000,0
1725545400000,0.37590000,0.37630000,0.37430000,0.37450000,125844.90000000,1725545699999,47254.20622000,263,47139.80000000,17719.51631000,0
1725545700000,0.37460000,0.37520000,0.37440000,0.37520000,96487.00000000,1725545999999,36160.05489000,261,76296.60000000,28593.58248000,0
1725546000000,0.37520000,0.37590000,0.37480000,0.37510000,139430.80000000,1725546299999,52321.75533000,332,64410.50000000,24176.15287000,0
1725546300000,0.37520000,0.37540000,0.37400000,0.37450000,201169.80000000,1725546599999,75384.89819000,403,127616.50000000,47814.48257000,0
1725546600000,0.37450000,0.37470000,0.37330000,0.37400000,565949.30000000,1725546899999,211731.03585000,1077,128827.50000000,48249.32814000,0
1725546900000,0.37390000,0.37390000,0.37270000,0.37320000,90092.90000000,1725547199999,33638.73553000,283,33993.00000000,12695.55964000,0
1725547200000,0.37320000,0.37340000,0.37220000,0.37220000,178288.40000000,1725547499999,66485.23387000,270,42708.80000000,15923.11396000,0
1725547500000,0.37220000,0.37220000,0.36870000,0.37000000,452262.80000000,1725547799999,167173.73328000,852,193827.40000000,71678.76732000,0
1725547800000,0.37010000,0.37040000,0.36840000,0.37000000,304892.00000000,1725548099999,112638.85574000,456,167580.80000000,61935.00865000,0
1725548100000,0.37000000,0.37370000,0.37000000,0.37370000,662675.40000000,1725548399999,246686.15093000,412,339703.50000000,126306.35100000,0
1725548400000,0.37350000,0.37390000,0.37100000,0.37130000,218326.20000000,1725548699999,81189.54281000,283,54380.20000000,20267.10998000,0
1725548700000,0.37130000,0.37250000,0.37100000,0.37130000,385053.50000000,1725548999999,143047.62428000,548,213892.30000000,79480.36681000,0
1725549000000,0.37150000,0.37210000,0.37130000,0.37160000,94337.00000000,1725549299999,35068.34218000,257,50179.00000000,18653.09179000,0
1725549300000,0.37150000,0.37230000,0.37140000,0.37150000,244177.50000000,1725549599999,90820.50495000,212,86243.40000000,32070.21044000,0
1725549600000,0.37160000,0.37200000,0.37050000,0.37070000,188399.10000000,1725549899999,69936.25434000,202,20012.30000000,7430.76435000,0
1725549900000,0.37070000,0.37070000,0.36960000,0.36970000,304509.90000000,1725550199999,112717.85440000,345,56329.40000000,20850.15800000,0
1725550200000,0.36970000,0.36970000,0.36810000,0.36850000,140999.60000000,1725550499999,51993.19416000,502,84075.40000000,30998.94005000,0
1725550500000,0.36850000,0.37030000,0.36840000,0.37020000,217227.80000000,1725550799999,80205.31187000,315,162163.20000000,59884.81676000,0
1725550800000,0.37030000,0.37040000,0.36980000,0.37000000,210330.50000000,1725551099999,77798.07392000,200,49218.90000000,18211.13233000,0
1725551100000,0.37000000,0.37020000,0.36980000,0.37020000,122434.40000000,1725551399999,45295.48545000,118,53859.30000000,19928.70750000,0
1725551400000,0.37010000,0.37040000,0.36990000,0.37000000,97459.00000000,1725551699999,36074.87904000,208,60197.80000000,22286.02371000,0
1725551700000,0.36990000,0.37010000,0.36890000,0.36910000,84504.60000000,1725551999999,31237.89961000,200,34943.50000000,12912.29481000,0
1725552000000,0.36910000,0.36970000,0.36890000,0.36960000,45322.50000000,1725552299999,16731.30800000,257,30744.10000000,11350.25841000,0
1725552300000,0.36970000,0.37060000,0.36940000,0.37000000,50875.10000000,1725552599999,18826.93922000,264,23544.10000000,8711.49247000,0
1725552600000,0.36990000,0.37000000,0.36960000,0.36960000,42657.10000000,1725552899999,15773.77886000,185,25025.30000000,9254.28852000,0
1725552900000,0.36960000,0.36970000,0.36800000,0.36850000,127932.70000000,1725553199999,47183.21431000,397,52636.40000000,19404.95997000,0
1725553200000,0.36850000,0.36950000,0.36830000,0.36950000,72561.70000000,1725553499999,26752.93723000,169,24397.40000000,8996.78061000,0
1725553500000,0.36940000,0.36950000,0.36800000,0.36820000,116104.70000000,1725553799999,42781.00442000,343,77248.20000000,28454.08176000,0
1725553800000,0.36830000,0.36830000,0.36730000,0.36800000,52519.70000000,1725554099999,19316.31899000,278,24962.20000000,9181.47128000,0
1725554100000,0.36800000,0.36970000,0.36800000,0.36960000,39040.60000000,1725554399999,14409.04621000,336,20624.50000000,7611.03272000,0
1725554400000,0.36960000,0.37060000,0.36930000,0.37030000,36287.80000000,1725554699999,13423.78963000,226,18518.70000000,6850.23022000,0
1725554700000,0.37030000,0.37050000,0.36790000,0.36840000,123715.20000000,1725554999999,45633.82298000,372,69429.00000000,25589.20934000,0
1725555000000,0.36850000,0.36850000,0.36620000,0.36650000,245538.00000000,1725555299999,90137.08984000,437,153472.70000000,56346.02783000,0
1725555300000,0.36640000,0.36830000,0.36630000,0.36760000,113432.20000000,1725555599999,41657.73872000,248,63152.70000000,23164.91013000,0
1725555600000,0.36750000,0.36800000,0.36710000,0.36730000,97036.10000000,1725555899999,35673.60616000,266,73784.10000000,27128.63525000,0
1725555900000,0.36720000,0.36770000,0.36670000,0.36760000,37062.70000000,1725556199999,13605.79460000,236,27754.40000000,10188.69212000,0
1725556200000,0.36740000,0.36860000,0.36740000,0.36790000,123617.40000000,1725556499999,45495.60537000,354,74528.80000000,27428.44289000,0
1725556500000,0.36790000,0.36850000,0.36700000,0.36810000,314016.00000000,1725556799999,115494.87471000,499,153722.70000000,56542.93871000,0
1725556800000,0.36840000,0.36940000,0.36840000,0.36940000,78305.60000000,1725557099999,28884.74860000,157,34734.60000000,12812.67798000,0
1725557100000,0.36950000,0.37020000,0.36910000,0.36920000,185057.20000000,1725557399999,68443.94850000,277,71471.30000000,26434.02008000,0
1725557400000,0.36930000,0.36960000,0.36850000,0.36860000,55565.10000000,1725557699999,20500.92397000,190,22505.70000000,8309.82435000,0
1725557700000,0.36860000,0.36920000,0.36810000,0.36890000,56968.10000000,1725557999999,20999.17717000,253,43589.00000000,16066.48394000,0
1725558000000,0.36890000,0.36890000,0.36800000,0.36840000,28831.00000000,1725558299999,10619.30503000,133,19491.80000000,7178.76902000,0
1725558300000,0.36830000,0.36940000,0.36820000,0.36850000,195792.40000000,1725558599999,72165.79022000,564,147426.90000000,54340.64555000,0
1725558600000,0.36850000,0.36920000,0.36830000,0.36880000,69919.90000000,1725558899999,25780.42060000,150,52632.10000000,19405.82355000,0
1725558900000,0.36880000,0.36970000,0.36840000,0.36970000,72921.60000000,1725559199999,26897.66279000,209,38294.80000000,14127.84514000,0
1725559200000,0.36970000,0.37000000,0.36850000,0.36870000,72007.70000000,1725559499999,26601.82837000,291,33609.80000000,12405.87817000,0
1725559500000,0.36850000,0.36900000,0.36830000,0.36840000,50563.70000000,1725559799999,18638.09875000,123,42809.20000000,15780.28201000,0
1725559800000,0.36850000,0.36860000,0.36730000,0.36740000,200752.20000000,1725560099999,73844.40615000,251,99785.00000000,36700.91730000,0
1725560100000,0.36720000,0.36780000,0.36720000,0.36730000,143301.90000000,1725560399999,52652.30112000,245,117667.70000000,43232.74645000,0
1725560400000,0.36730000,0.36770000,0.36720000,0.36770000,47774.50000000,1725560699999,17556.84822000,122,43765.40000000,16083.60324000,0
1725560700000,0.36770000,0.36880000,0.36760000,0.36850000,162101.90000000,1725560999999,59693.86326000,282,142880.90000000,52612.70134000,0
1725561000000,0.36850000,0.36930000,0.36830000,0.36930000,67306.30000000,1725561299999,24819.05249000,200,24966.20000000,9208.39588000,0
1725561300000,0.36930000,0.36990000,0.36890000,0.36980000,75523.20000000,1725561599999,27891.51008000,143,28750.30000000,10619.86188000,0
1725561600000,0.36980000,0.36980000,0.36800000,0.36800000,73003.80000000,1725561899999,26898.78905000,225,21898.00000000,8064.83456000,0
1725561900000,0.36810000,0.36900000,0.36780000,0.36900000,21577.80000000,1725562199999,7946.59862000,128,13630.20000000,5018.90959000,0
1725562200000,0.36900000,0.36970000,0.36800000,0.36800000,35570.30000000,1725562499999,13124.50548000,203,17256.60000000,6362.49062000,0
1725562500000,0.36800000,0.36870000,0.36780000,0.36870000,46137.30000000,1725562799999,16977.68534000,173,38290.70000000,14090.95037000,0
1725562800000,0.36870000,0.36870000,0.36810000,0.36820000,35615.40000000,1725563099999,13121.84321000,193,18414.20000000,6786.69890000,0
1725563100000,0.36830000,0.36830000,0.36770000,0.36770000,21075.30000000,1725563399999,7755.59084000,113,9753.70000000,3589.77017000,0
1725563400000,0.36780000,0.36780000,0.36740000,0.36750000,24343.00000000,1725563699999,8946.52107000,120,8070.70000000,2966.73311000,0
1725563700000,0.36740000,0.36750000,0.36620000,0.36660000,111968.00000000,1725563999999,41049.12200000,316,47274.20000000,17331.39644000,0
1725564000000,0.36650000,0.36710000,0.36620000,0.36710000,384378.10000000,1725564299999,140795.38278000,269,53438.90000000,19579.95973000,0
1725564300000,0.36710000,0.36920000,0.36710000,0.36880000,175993.80000000,1725564599999,64839.84940000,498,30736.80000000,11322.02384000,0
1725564600000,0.36880000,0.37090000,0.36880000,0.37080000,142909.70000000,1725564899999,52799.10968000,544,74731.90000000,27610.38431000,0
1725564900000,0.37070000,0.37070000,0.36850000,0.36860000,37507.10000000,1725565199999,13851.79767000,241,7458.90000000,2751.95509000,0
1725565200000,0.36850000,0.36850000,0.36630000,0.36660000,96495.40000000,1725565499999,35434.57634000,386,53917.60000000,19789.58049000,0
1725565500000,0.36640000,0.36840000,0.36630000,0.36840000,114207.20000000,1725565799999,41927.95571000,255,46296.30000000,16996.21990000,0
1725565800000,0.36850000,0.36850000,0.36710000,0.36710000,51093.50000000,1725566099999,18790.34397000,210,15723.40000000,5777.87609000,0
1725566100000,0.36710000,0.36770000,0.36700000,0.36750000,93174.70000000,1725566399999,34214.59652000,169,72390.60000000,26582.83748000,0
1725566400000,0.36750000,0.36840000,0.36730000,0.36840000,39854.20000000,1725566699999,14659.01666000,156,29378.00000000,10804.88710000,0
1725566700000,0.36830000,0.36840000,0.36720000,0.36750000,112194.70000000,1725566999999,41216.60879000,129,15334.60000000,5634.93022000,0
1725567000000,0.36750000,0.36750000,0.36720000,0.36720000,31191.70000000,1725567299999,11457.32349000,93,14677.30000000,5391.95414000,0
1725567300000,0.36730000,0.36750000,0.36730000,0.36740000,49595.90000000,1725567599999,18219.30167000,111,25288.00000000,9290.59256000,0
1725567600000,0.36730000,0.36760000,0.36730000,0.36750000,42028.30000000,1725567899999,15444.70767000,85,13298.60000000,4887.09996000,0
1725567900000,0.36750000,0.36880000,0.36740000,0.36870000,37856.30000000,1725568199999,13925.90441000,103,21760.50000000,8004.42519000,0
1725568200000,0.36880000,0.36880000,0.36650000,0.36670000,166780.10000000,1725568499999,61347.53192000,264,19822.70000000,7289.08333000,0
1725568500000,0.36670000,0.36730000,0.36650000,0.36710000,37728.70000000,1725568799999,13842.96590000,89,27294.50000000,10012.51095000,0
1725568800000,0.36710000,0.36840000,0.36710000,0.36820000,146942.90000000,1725569099999,54035.43478000,166,134634.20000000,49506.06726000,0
1725569100000,0.36830000,0.36910000,0.36810000,0.36880000,99273.50000000,1725569399999,36604.93089000,229,62208.20000000,22934.99839000,0
1725569400000,0.36890000,0.36940000,0.36810000,0.36810000,118273.40000000,1725569699999,43624.63907000,211,48759.30000000,17988.64216000,0
1725569700000,0.36820000,0.36830000,0.36770000,0.36780000,64660.90000000,1725569999999,23794.94620000,135,21950.60000000,8077.06277000,0
1725570000000,0.36780000,0.36840000,0.36760000,0.36830000,70897.80000000,1725570299999,26095.77948000,119,33901.50000000,12474.74035000,0
1725570300000,0.36840000,0.36840000,0.36800000,0.36820000,40836.50000000,1725570599999,15036.70829000,86,4678.70000000,1723.25056000,0
1725570600000,0.36820000,0.36830000,0.36800000,0.36820000,30896.70000000,1725570899999,11376.49670000,104,12966.60000000,4775.32632000,0
1725570900000,0.36830000,0.36950000,0.36820000,0.36940000,93286.50000000,1725571199999,34407.15887000,137,52803.60000000,19460.68927000,0
1725571200000,0.36940000,0.37040000,0.36940000,0.37010000,59799.00000000,1725571499999,22119.03774000,245,25498.60000000,9430.74571000,0
1725571500000,0.37010000,0.37020000,0.36970000,0.36980000,24478.00000000,1725571799999,9054.77017000,108,11203.90000000,4145.31194000,0
1725571800000,0.36980000,0.37000000,0.36880000,0.36880000,37617.10000000,1725572099999,13901.13850000,156,4816.40000000,1780.71321000,0
1725572100000,0.36870000,0.37010000,0.36710000,0.36820000,117929.50000000,1725572399999,43458.29052000,288,67168.30000000,24746.92718000,0
1725572400000,0.36820000,0.36910000,0.36770000,0.36870000,32465.60000000,1725572699999,11954.96455000,83,13854.70000000,5100.06417000,0
1725572700000,0.36880000,0.36900000,0.36810000,0.36820000,34409.90000000,1725572999999,12679.26248000,89,15046.30000000,5545.66490000,0
1725573000000,0.36810000,0.36850000,0.36800000,0.36840000,29699.80000000,1725573299999,10936.69759000,159,12793.00000000,4711.62575000,0
1725573300000,0.36840000,0.36880000,0.36840000,0.36880000,47163.00000000,1725573599999,17381.76981000,114,14206.10000000,5237.34717000,0
1725573600000,0.36880000,0.36960000,0.36870000,0.36900000,61298.30000000,1725573899999,22636.73418000,169,20118.80000000,7428.55220000,0
1725573900000,0.36900000,0.36930000,0.36850000,0.36910000,98429.30000000,1725574199999,36312.88223000,252,61630.10000000,22736.29628000,0
1725574200000,0.36900000,0.36920000,0.36880000,0.36890000,66281.70000000,1725574499999,24458.01535000,104,35276.40000000,13018.61855000,0
1725574500000,0.36910000,0.36970000,0.36890000,0.36930000,133511.00000000,1725574799999,49296.50260000,215,51220.60000000,18917.75399000,0
1725574800000,0.36930000,0.36940000,0.36900000,0.36910000,21791.10000000,1725575099999,8045.72363000,92,11901.80000000,4394.49564000,0
1725575100000,0.36910000,0.36920000,0.36770000,0.36830000,145177.20000000,1725575399999,53509.81043000,242,55982.00000000,20622.84512000,0
1725575400000,0.36830000,0.36890000,0.36810000,0.36860000,206073.70000000,1725575699999,75910.44434000,270,106039.50000000,39052.77574000,0
1725575700000,0.36860000,0.36940000,0.36850000,0.36930000,41341.50000000,1725575999999,15253.87299000,76,23113.20000000,8528.45334000,0
1725576000000,0.36930000,0.37030000,0.36920000,0.36980000,135711.20000000,1725576299999,50187.06298000,182,64037.20000000,23677.45684000,0
1725576300000,0.36980000,0.37110000,0.36980000,0.37110000,53014.80000000,1725576599999,19648.02014000,115,25786.20000000,9552.28644000,0
1725576600000,0.37100000,0.37110000,0.37090000,0.37110000,13295.70000000,1725576899999,4932.67245000,42,6415.70000000,2380.29664000,0
1725576900000,0.37110000,0.37210000,0.37110000,0.37200000,111373.10000000,1725577199999,41376.88781000,179,60326.00000000,22410.86977000,0
1725577200000,0.37210000,0.37210000,0.36870000,0.36990000,246778.90000000,1725577499999,91358.45033000,444,73311.50000000,27098.40780000,0
1725577500000,0.36990000,0.37060000,0.36980000,0.37030000,76312.80000000,1725577799999,28252.30915000,235,28677.40000000,10614.72915000,0
1725577800000,0.37030000,0.37040000,0.36820000,0.36900000,155723.30000000,1725578099999,57520.84383000,342,73585.20000000,27155.09359000,0
1725578100000,0.36900000,0.36910000,0.36800000,0.36820000,181176.90000000,1725578399999,66726.47809000,208,24644.80000000,9079.69626000,0
1725578400000,0.36820000,0.37030000,0.36800000,0.36930000,278145.40000000,1725578699999,102630.14932000,315,176210.70000000,64988.19126000,0
1725578700000,0.36930000,0.36980000,0.36840000,0.36930000,225598.40000000,1725578999999,83277.06818000,252,134346.40000000,49578.10781000,0
1725579000000,0.36930000,0.36930000,0.36800000,0.36880000,121874.20000000,1725579299999,44923.52773000,149,85929.90000000,31676.51476000,0
1725579300000,0.36880000,0.36910000,0.36880000,0.36880000,50985.60000000,1725579599999,18810.32253000,78,22113.60000000,8159.12253000,0
1725579600000,0.36890000,0.36940000,0.36880000,0.36880000,132840.10000000,1725579899999,49032.34599000,110,70136.40000000,25892.35015000,0
1725579900000,0.36890000,0.36890000,0.36760000,0.36770000,37908.20000000,1725580199999,13957.84827000,114,20095.10000000,7397.77112000,0
1725580200000,0.36770000,0.36900000,0.36730000,0.36880000,212072.00000000,1725580499999,78054.72839000,327,103908.90000000,38206.74589000,0
1725580500000,0.36890000,0.36890000,0.36840000,0.36850000,9609.00000000,1725580799999,3543.36088000,42,1430.90000000,527.45017000,0
1725580800000,0.36860000,0.36880000,0.36710000,0.36710000,61922.00000000,1725581099999,22784.64621000,164,31085.10000000,11431.45963000,0
1725581100000,0.36710000,0.36710000,0.36650000,0.36660000,74810.90000000,1725581399999,27445.71281000,261,35409.30000000,12990.00568000,0
1725581400000,0.36660000,0.36730000,0.36660000,0.36680000,46112.20000000,1725581699999,16925.89620000,270,33339.40000000,12237.83968000,0
1725581700000,0.36690000,0.36770000,0.36650000,0.36670000,141747.30000000,1725581999999,52026.25137000,392,75593.40000000,27744.22718000,0
1725582000000,0.36660000,0.36670000,0.36370000,0.36560000,364276.60000000,1725582299999,133019.78609000,798,113125.70000000,41286.42725000,0
1725582300000,0.36560000,0.36660000,0.36560000,0.36660000,36990.10000000,1725582599999,13539.85412000,123,21314.40000000,7803.03188000,0
1725582600000,0.36660000,0.36720000,0.36390000,0.36390000,148068.70000000,1725582899999,54196.12977000,299,52468.20000000,19194.47251000,0
1725582900000,0.36380000,0.36650000,0.36250000,0.36550000,177801.70000000,1725583199999,64793.56876000,478,77411.90000000,28164.37616000,0
1725583200000,0.36530000,0.36640000,0.36440000,0.36460000,108464.70000000,1725583499999,39663.58639000,193,34735.50000000,12700.06261000,0
1725583500000,0.36450000,0.36490000,0.36300000,0.36450000,142215.30000000,1725583799999,51751.89499000,285,88354.50000000,32140.33568000,0
1725583800000,0.36470000,0.36700000,0.36470000,0.36630000,117338.10000000,1725584099999,42948.32751000,264,63973.80000000,23408.98956000,0
1725584100000,0.36650000,0.36910000,0.36600000,0.36760000,203297.20000000,1725584399999,74653.32547000,546,110014.00000000,40362.95167000,0
1725584400000,0.36750000,0.36750000,0.36370000,0.36520000,341391.70000000,1725584699999,124785.45310000,450,143907.50000000,52582.00348000,0
1725584700000,0.36500000,0.36560000,0.36370000,0.36490000,290769.30000000,1725584999999,106010.19282000,351,147341.30000000,53723.39040000,0
1725585000000,0.36510000,0.36610000,0.36420000,0.36450000,108305.00000000,1725585299999,39543.01965000,151,76372.40000000,27875.33424000,0
1725585300000,0.36430000,0.36820000,0.36410000,0.36750000,275838.50000000,1725585599999,101191.11816000,339,121777.40000000,44645.07701000,0
1725585600000,0.36740000,0.36830000,0.36700000,0.36740000,184440.00000000,1725585899999,67784.82145000,186,87136.20000000,32021.54741000,0
1725585900000,0.36730000,0.36900000,0.36660000,0.36660000,235225.40000000,1725586199999,86566.34925000,270,82911.00000000,30512.98067000,0
1725586200000,0.36660000,0.36770000,0.36570000,0.36760000,244430.30000000,1725586499999,89621.93649000,567,144169.70000000,52843.78577000,0
1725586500000,0.36760000,0.36830000,0.36680000,0.36820000,231566.10000000,1725586799999,85073.70957000,335,100937.90000000,37094.50034000,0
1725586800000,0.36810000,0.36940000,0.36800000,0.36830000,214199.10000000,1725587099999,78967.52538000,362,105327.80000000,38821.01301000,0
1725587100000,0.36830000,0.36830000,0.36640000,0.36650000,194949.20000000,1725587399999,71539.14184000,231,111923.20000000,41069.19708000,0
1725587400000,0.36650000,0.36740000,0.36600000,0.36690000,119288.70000000,1725587699999,43718.44982000,256,56493.70000000,20702.63471000,0
1725587700000,0.36690000,0.36850000,0.36690000,0.36840000,118234.70000000,1725587999999,43465.06766000,220,77363.20000000,28430.46375000,0
1725588000000,0.36830000,0.36940000,0.36760000,0.36810000,153431.90000000,1725588299999,56515.99076000,272,79221.20000000,29179.51127000,0
1725588300000,0.36820000,0.37060000,0.36810000,0.37030000,303288.80000000,1725588599999,112041.12209000,400,201652.70000000,74463.76418000,0
1725588600000,0.37020000,0.37140000,0.37020000,0.37140000,117471.50000000,1725588899999,43571.25116000,172,89029.60000000,33023.98452000,0
1725588900000,0.37150000,0.37180000,0.36960000,0.37080000,178195.70000000,1725589199999,66055.26279000,302,66833.20000000,24778.46113000,0
1725589200000,0.37080000,0.37130000,0.37040000,0.37070000,77586.50000000,1725589499999,28768.54510000,119,55535.20000000,20593.48586000,0
1725589500000,0.37070000,0.37140000,0.37010000,0.37120000,158545.70000000,1725589799999,58760.56014000,136,36577.70000000,13561.25935000,0
1725589800000,0.37140000,0.37140000,0.37060000,0.37070000,50120.80000000,1725590099999,18591.40469000,130,29844.00000000,11069.28840000,0
1725590100000,0.37060000,0.37090000,0.37050000,0.37070000,13361.80000000,1725590399999,4952.91430000,82,6520.30000000,2416.75749000,0
1725590400000,0.37070000,0.37100000,0.37060000,0.37060000,9303.90000000,1725590699999,3450.58256000,88,6145.50000000,2279.50472000,0
1725590700000,0.37060000,0.37060000,0.37010000,0.37020000,32026.00000000,1725590999999,11859.53875000,133,7412.80000000,2744.72556000,0
1725591000000,0.37020000,0.37040000,0.37010000,0.37040000,34636.70000000,1725591299999,12822.61643000,107,7196.80000000,2665.02942000,0
1725591300000,0.37040000,0.37040000,0.37010000,0.37030000,12360.90000000,1725591599999,4576.85846000,81,5007.60000000,1854.23294000,0
1725591600000,0.37030000,0.37070000,0.37000000,0.37060000,61311.40000000,1725591899999,22703.97554000,174,45730.00000000,16936.04165000,0
1725591900000,0.37070000,0.37140000,0.37070000,0.37140000,93899.90000000,1725592199999,34849.37138000,152,52995.40000000,19666.19742000,0
1725592200000,0.37140000,0.37350000,0.37130000,0.37350000,159314.40000000,1725592499999,59314.76514000,269,108480.80000000,40372.81140000,0
1725592500000,0.37360000,0.37370000,0.37270000,0.37290000,199280.50000000,1725592799999,74357.41143000,216,38222.60000000,14260.71220000,0
1725592800000,0.37290000,0.37400000,0.37230000,0.37260000,166504.30000000,1725593099999,62171.04322000,222,84254.10000000,31455.05179000,0
1725593100000,0.37260000,0.37380000,0.37230000,0.37240000,84636.80000000,1725593399999,31556.05542000,164,30922.60000000,11529.82510000,0
1725593400000,0.37240000,0.37240000,0.37180000,0.37190000,20463.90000000,1725593699999,7616.80736000,69,8660.10000000,3223.97214000,0
1725593700000,0.37190000,0.37310000,0.37160000,0.37300000,119024.50000000,1725593999999,44312.31451000,248,86056.00000000,32035.79169000,0
1725594000000,0.37300000,0.37310000,0.37200000,0.37230000,72270.50000000,1725594299999,26925.56915000,117,8653.50000000,3222.33926000,0
1725594300000,0.37220000,0.37340000,0.37200000,0.37240000,192215.70000000,1725594599999,71636.51543000,359,79080.20000000,29471.82227000,0
1725594600000,0.37240000,0.37240000,0.37000000,0.37010000,77685.20000000,1725594899999,28795.95303000,236,17449.10000000,6465.11363000,0
1725594900000,0.37020000,0.37090000,0.37000000,0.37030000,41962.00000000,1725595199999,15548.14613000,88,29964.30000000,11102.88225000,0
1725595200000,0.37020000,0.37280000,0.37000000,0.37270000,329885.80000000,1725595499999,122481.87640000,522,217967.60000000,80909.96605000,0
1725595500000,0.37280000,0.37290000,0.37150000,0.37170000,135598.70000000,1725595799999,50460.78858000,278,61258.80000000,22787.95962000,0
1725595800000,0.37160000,0.37260000,0.37060000,0.37240000,315213.50000000,1725596099999,117131.16205000,443,153001.40000000,56865.15279000,0
1725596100000,0.37240000,0.37240000,0.37040000,0.37050000,61146.70000000,1725596399999,22707.55252000,156,17835.30000000,6623.69177000,0
1725596400000,0.37050000,0.37210000,0.37010000,0.37140000,113424.90000000,1725596699999,42087.95801000,274,49805.00000000,18475.01322000,0
1725596700000,0.37140000,0.37280000,0.37090000,0.37210000,221275.60000000,1725596999999,82341.89051000,367,128930.00000000,47961.66675000,0
1725597000000,0.37200000,0.37470000,0.37140000,0.37150000,400306.60000000,1725597299999,149243.86435000,822,207228.80000000,77261.48336000,0
1725597300000,0.37160000,0.37300000,0.37150000,0.37150000,154291.80000000,1725597599999,57407.72900000,281,100663.80000000,37444.68868000,0
1725597600000,0.37160000,0.37240000,0.37090000,0.37150000,85639.80000000,1725597899999,31819.93055000,186,46279.70000000,17194.64542000,0
1725597900000,0.37160000,0.37160000,0.37090000,0.37100000,31770.90000000,1725598199999,11794.17683000,82,22117.70000000,8210.69904000,0
1725598200000,0.37100000,0.37180000,0.37060000,0.37170000,92154.50000000,1725598499999,34184.73688000,255,63089.20000000,23401.68348000,0
1725598500000,0.37170000,0.37290000,0.37090000,0.37150000,136794.20000000,1725598799999,50863.81689000,335,55277.30000000,20545.40116000,0
1725598800000,0.37150000,0.37180000,0.37120000,0.37140000,68458.20000000,1725599099999,25434.58443000,124,32812.10000000,12190.01479000,0
1725599100000,0.37140000,0.37190000,0.37090000,0.37090000,86791.90000000,1725599399999,32218.32192000,214,56153.50000000,20845.54780000,0
1725599400000,0.37090000,0.37200000,0.37030000,0.37040000,106426.40000000,1725599699999,39491.40511000,277,55162.40000000,20464.52693000,0
1725599700000,0.37030000,0.37160000,0.37020000,0.37080000,113349.20000000,1725599999999,42018.11121000,233,69602.70000000,25794.22203000,0
1725600000000,0.37070000,0.37080000,0.37020000,0.37030000,53440.30000000,1725600299999,19802.76686000,162,44938.80000000,16653.26989000,0
1725600300000,0.37030000,0.37240000,0.37030000,0.37190000,245858.20000000,1725600599999,91317.84301000,367,168816.80000000,62692.42359000,0
1725600600000,0.37160000,0.37180000,0.37030000,0.37050000,60363.10000000,1725600899999,22379.79904000,147,26147.10000000,9690.87671000,0
1725600900000,0.37030000,0.37100000,0.37000000,0.37040000,111323.50000000,1725601199999,41244.13939000,293,42778.50000000,15849.00886000,0
1725601200000,0.37040000,0.37060000,0.37010000,0.37030000,42686.60000000,1725601499999,15807.36021000,151,35859.60000000,13279.02816000,0
1725601500000,0.37030000,0.37240000,0.37030000,0.37240000,94685.20000000,1725601799999,35134.17514000,234,81030.70000000,30066.85451000,0
1725601800000,0.37230000,0.37260000,0.37150000,0.37200000,149601.70000000,1725602099999,55661.19395000,266,25884.50000000,9631.52096000,0
1725602100000,0.37200000,0.37240000,0.37180000,0.37190000,53644.90000000,1725602399999,19963.62833000,93,15962.50000000,5940.59539000,0
1725602400000,0.37200000,0.37220000,0.37190000,0.37200000,28200.10000000,1725602699999,10491.63211000,90,13418.90000000,4992.93043000,0
1725602700000,0.37190000,0.37300000,0.37140000,0.37190000,183663.00000000,1725602999999,68368.07398000,620,73224.60000000,27247.40912000,0
1725603000000,0.37200000,0.37250000,0.37160000,0.37180000,39019.70000000,1725603299999,14513.76460000,155,20717.40000000,7704.39993000,0
1725603300000,0.37180000,0.37220000,0.37170000,0.37170000,72756.60000000,1725603599999,27062.46152000,185,30358.40000000,11292.99938000,0
1725603600000,0.37170000,0.37300000,0.37120000,0.37170000,234644.30000000,1725603899999,87269.56153000,514,115394.10000000,42924.32039000,0
1725603900000,0.37170000,0.37180000,0.37110000,0.37110000,48287.70000000,1725604199999,17931.33601000,113,9026.50000000,3351.80912000,0
1725604200000,0.37120000,0.37180000,0.37100000,0.37140000,119973.40000000,1725604499999,44564.93812000,191,81719.00000000,30356.97665000,0
1725604500000,0.37130000,0.37280000,0.37110000,0.37150000,61728.20000000,1725604799999,22953.39762000,190,30770.90000000,11442.09290000,0
1725604800000,0.37150000,0.37150000,0.37090000,0.37140000,94742.50000000,1725605099999,35170.57253000,289,50027.50000000,18570.93954000,0
1725605100000,0.37130000,0.37300000,0.37130000,0.37180000,163496.00000000,1725605399999,60829.20580000,292,102698.40000000,38197.54244000,0
1725605400000,0.37180000,0.37240000,0.37170000,0.37180000,49640.20000000,1725605699999,18464.83401000,153,26282.70000000,9775.86940000,0
1725605700000,0.37180000,0.37200000,0.37160000,0.37190000,86130.00000000,1725605999999,32026.21943000,143,59275.20000000,22041.23996000,0
1725606000000,0.37180000,0.37250000,0.37170000,0.37200000,133778.50000000,1725606299999,49796.31986000,214,91447.30000000,34034.67759000,0
1725606300000,0.37200000,0.37200000,0.37060000,0.37090000,86052.10000000,1725606599999,31945.85639000,189,42485.10000000,15763.87781000,0
1725606600000,0.37080000,0.37090000,0.37000000,0.37000000,214668.70000000,1725606899999,79448.43897000,233,31610.40000000,11701.37572000,0
1725606900000,0.37000000,0.37220000,0.37000000,0.37080000,296443.60000000,1725607199999,109910.65089000,666,194342.50000000,72041.54955000,0
1725607200000,0.37080000,0.37080000,0.36990000,0.37000000,491473.00000000,1725607499999,181870.19034000,671,108365.20000000,40112.03329000,0
1725607500000,0.37000000,0.37180000,0.36980000,0.36980000,451849.60000000,1725607799999,167233.19031000,901,109646.00000000,40592.75709000,0
1725607800000,0.36990000,0.37120000,0.36970000,0.36980000,452807.90000000,1725608099999,167494.58371000,366,90916.20000000,33655.69936000,0
1725608100000,0.36970000,0.37020000,0.36960000,0.36970000,281153.50000000,1725608399999,103942.34921000,236,35749.20000000,13221.58550000,0
1725608400000,0.36970000,0.37170000,0.36960000,0.37040000,185373.70000000,1725608699999,68662.77481000,407,99604.10000000,36898.93366000,0
1725608700000,0.37050000,0.37100000,0.37030000,0.37030000,58238.70000000,1725608999999,21589.13483000,122,12329.60000000,4570.18631000,0
1725609000000,0.37030000,0.37030000,0.36960000,0.36970000,59245.10000000,1725609299999,21916.06963000,130,20750.60000000,7673.27339000,0
1725609300000,0.36980000,0.37040000,0.36980000,0.37010000,95661.20000000,1725609599999,35402.96843000,168,60670.40000000,22449.05050000,0
1725609600000,0.37000000,0.37000000,0.36970000,0.36990000,45297.80000000,1725609899999,16755.68328000,113,23595.80000000,8728.86173000,0
1725609900000,0.36980000,0.36990000,0.36960000,0.36980000,59178.00000000,1725610199999,21878.63136000,112,9710.70000000,3591.10295000,0
1725610200000,0.36990000,0.37010000,0.36960000,0.37000000,53566.10000000,1725610499999,19812.59549000,171,33876.50000000,12530.72798000,0
1725610500000,0.37000000,0.37050000,0.37000000,0.37030000,49515.30000000,1725610799999,18333.37449000,142,17060.10000000,6317.17147000,0
1725610800000,0.37020000,0.37050000,0.37010000,0.37040000,53434.80000000,1725611099999,19785.05732000,138,25614.70000000,9484.18855000,0
1725611100000,0.37040000,0.37080000,0.37040000,0.37080000,36474.40000000,1725611399999,13514.37702000,144,11275.00000000,4179.09265000,0
1725611400000,0.37080000,0.37140000,0.37030000,0.37140000,184625.40000000,1725611699999,68466.32212000,170,125299.40000000,46477.78398000,0
1725611700000,0.37140000,0.37170000,0.37010000,0.37020000,134223.60000000,1725611999999,49800.24731000,273,54494.00000000,20216.62778000,0
1725612000000,0.37010000,0.37100000,0.36980000,0.37010000,83013.90000000,1725612299999,30737.25928000,189,50752.60000000,18784.49624000,0
1725612300000,0.37020000,0.37020000,0.36960000,0.36960000,125578.90000000,1725612599999,46420.37659000,166,23897.10000000,8836.21412000,0
1725612600000,0.36970000,0.37030000,0.36960000,0.37010000,62863.60000000,1725612899999,23249.88518000,171,32301.30000000,11946.62936000,0
1725612900000,0.37010000,0.37040000,0.36950000,0.36950000,217753.20000000,1725613199999,80499.96896000,172,11358.90000000,4200.45820000,0
1725613200000,0.36960000,0.37010000,0.36950000,0.36960000,149913.60000000,1725613499999,55434.58103000,243,121832.80000000,45054.08695000,0
1725613500000,0.36950000,0.36990000,0.36950000,0.36960000,80156.20000000,1725613799999,29631.06423000,110,59021.50000000,21820.34280000,0
1725613800000,0.36960000,0.36980000,0.36950000,0.36950000,87973.60000000,1725614099999,32509.89133000,88,22482.80000000,8310.49581000,0
1725614100000,0.36950000,0.37000000,0.36950000,0.36950000,148922.80000000,1725614399999,55067.48785000,239,108722.00000000,40206.27810000,0
1725614400000,0.36960000,0.36980000,0.36950000,0.36960000,45016.00000000,1725614699999,16639.78977000,138,36455.20000000,13475.78298000,0
1725614700000,0.36960000,0.37070000,0.36960000,0.37040000,264164.00000000,1725614999999,97821.90031000,240,173242.10000000,64146.07902000,0
1725615000000,0.37050000,0.37180000,0.37040000,0.37170000,109993.80000000,1725615299999,40818.29795000,189,73285.00000000,27194.63802000,0
1725615300000,0.37180000,0.37250000,0.37080000,0.37120000,251243.50000000,1725615599999,93444.14256000,348,152992.90000000,56894.19085000,0
1725615600000,0.37110000,0.37200000,0.36990000,0.37000000,187636.90000000,1725615899999,69579.07468000,433,64446.10000000,23907.26117000,0
1725615900000,0.36990000,0.37030000,0.36970000,0.36980000,94073.00000000,1725616199999,34808.65401000,193,60776.80000000,22489.10648000,0
1725616200000,0.36980000,0.37000000,0.36930000,0.36930000,485255.30000000,1725616499999,179304.97332000,464,100652.00000000,37214.70134000,0
1725616500000,0.36930000,0.37000000,0.36930000,0.36960000,324855.40000000,1725616799999,120011.47409000,376,170190.20000000,62884.96700000,0
1725616800000,0.36960000,0.37000000,0.36940000,0.36960000,105995.50000000,1725617099999,39187.53942000,239,72969.40000000,26977.26642000,0
1725617100000,0.36960000,0.36970000,0.36950000,0.36970000,67169.30000000,1725617399999,24824.44348000,174,59043.30000000,21821.85358000,0
1725617400000,0.36960000,0.36980000,0.36950000,0.36950000,92083.20000000,1725617699999,34036.58476000,150,62051.60000000,22936.68514000,0
1725617700000,0.36960000,0.36990000,0.36960000,0.36980000,149269.10000000,1725617999999,55190.13842000,447,118636.50000000,43864.64762000,0
1725618000000,0.36980000,0.37050000,0.36950000,0.37040000,185891.30000000,1725618299999,68770.24405000,442,145952.10000000,53993.54130000,0
1725618300000,0.37040000,0.37080000,0.37030000,0.37080000,48973.20000000,1725618599999,18149.02528000,115,34927.90000000,12943.93831000,0
1725618600000,0.37080000,0.37130000,0.37070000,0.37100000,123533.10000000,1725618899999,45822.50416000,160,57741.30000000,21419.02220000,0
1725618900000,0.37110000,0.37140000,0.37090000,0.37120000,102984.00000000,1725619199999,38218.10259000,152,46710.00000000,17336.97616000,0
1725619200000,0.37110000,0.37120000,0.37040000,0.37090000,124231.40000000,1725619499999,46064.10484000,209,53320.50000000,19764.90352000,0
1725619500000,0.37090000,0.37110000,0.37030000,0.37050000,74162.30000000,1725619799999,27491.35171000,148,26565.60000000,9844.60977000,0
1725619800000,0.37040000,0.37060000,0.37000000,0.37060000,86398.10000000,1725620099999,31993.34185000,181,37875.00000000,14026.59512000,0
1725620100000,0.37050000,0.37060000,0.37020000,0.37020000,31629.10000000,1725620399999,11714.65724000,100,4925.10000000,1824.69220000,0
1725620400000,0.37030000,0.37030000,0.37000000,0.37010000,18486.60000000,1725620699999,6842.93821000,74,10116.90000000,3745.02384000,0
1725620700000,0.37010000,0.37050000,0.36990000,0.37040000,88254.10000000,1725620999999,32663.67013000,198,40075.70000000,14833.18405000,0
1725621000000,0.37040000,0.37060000,0.36990000,0.37010000,64007.40000000,1725621299999,23697.83169000,213,26760.50000000,9909.40718000,0
1725621300000,0.37010000,0.37070000,0.37000000,0.37040000,54541.90000000,1725621599999,20202.70730000,206,27331.30000000,10122.00729000,0
1725621600000,0.37030000,0.37060000,0.37030000,0.37030000,33176.10000000,1725621899999,12289.15077000,117,9384.90000000,3476.69860000,0
1725621900000,0.37040000,0.37060000,0.37020000,0.37060000,78019.30000000,1725622199999,28895.22860000,193,18045.60000000,6683.73970000,0
1725622200000,0.37060000,0.37080000,0.37050000,0.37060000,36313.70000000,1725622499999,13460.10073000,130,25786.70000000,9558.54689000,0
1725622500000,0.37060000,0.37080000,0.37030000,0.37030000,30667.00000000,1725622799999,11366.34627000,129,11002.80000000,4078.13679000,0
1725622800000,0.37040000,0.37040000,0.37000000,0.37010000,31761.70000000,1725623099999,11756.95072000,95,23156.40000000,8571.19478000,0
1725623100000,0.37010000,0.37060000,0.36990000,0.37040000,62613.40000000,1725623399999,23174.58024000,179,41613.70000000,15404.34604000,0
1725623400000,0.37050000,0.37080000,0.37040000,0.37060000,43692.30000000,1725623699999,16193.99753000,141,29920.00000000,11090.64473000,0
1725623700000,0.37070000,0.37070000,0.37030000,0.37050000,69450.20000000,1725623999999,25731.47155000,168,43185.30000000,16000.41450000,0
1725624000000,0.37060000,0.37100000,0.37060000,0.37090000,66498.70000000,1725624299999,24658.16830000,190,27961.40000000,10368.74738000,0
1725624300000,0.37100000,0.37120000,0.37050000,0.37080000,106162.00000000,1725624599999,39385.76491000,201,56096.40000000,20811.10683000,0
1725624600000,0.37080000,0.37080000,0.36950000,0.36950000,99015.30000000,1725624899999,36660.30516000,273,39581.20000000,14653.74607000,0
1725624900000,0.36960000,0.36970000,0.36950000,0.36960000,40243.70000000,1725625199999,14872.11767000,208,24940.30000000,9217.36242000,0
1725625200000,0.36960000,0.37090000,0.36950000,0.37050000,106314.00000000,1725625499999,39357.33800000,271,53032.50000000,19625.30701000,0
1725625500000,0.37050000,0.37110000,0.36960000,0.36970000,179798.40000000,1725625799999,66593.12426000,376,92166.00000000,34138.63345000,0
1725625800000,0.36970000,0.37370000,0.36930000,0.37220000,921529.70000000,1725626099999,342396.55568000,1892,513564.80000000,190878.59491000,0
1725626100000,0.37220000,0.37450000,0.37220000,0.37440000,275780.90000000,1725626399999,103029.32381000,710,136929.20000000,51139.70014000,0
1725626400000,0.37440000,0.37450000,0.37230000,0.37270000,257130.50000000,1725626699999,95915.06495000,447,153538.70000000,57245.17189000,0
1725626700000,0.37260000,0.37460000,0.37230000,0.37430000,190836.30000000,1725626999999,71322.80745000,373,69423.80000000,25930.54001000,0
1725627000000,0.37450000,0.37810000,0.37440000,0.37680000,438151.10000000,1725627299999,164830.28639000,1074,227932.90000000,85751.50401000,0
1725627300000,0.37700000,0.37920000,0.37700000,0.37800000,322870.60000000,1725627599999,122050.78928000,772,152984.30000000,57813.54762000,0
1725627600000,0.37800000,0.37940000,0.37490000,0.37490000,266195.60000000,1725627899999,100488.09983000,591,64420.20000000,24302.94856000,0
1725627900000,0.37500000,0.37710000,0.37440000,0.37560000,389405.40000000,1725628199999,146342.09812000,803,204955.00000000,77025.73668000,0
1725628200000,0.37560000,0.37630000,0.37510000,0.37610000,78797.20000000,1725628499999,29614.57707000,285,47114.20000000,17708.39391000,0
1725628500000,0.37620000,0.37870000,0.37600000,0.37780000,375885.10000000,1725628799999,141783.58868000,592,196226.50000000,73958.31350000,0
1725628800000,0.37800000,0.37810000,0.37690000,0.37710000,70534.60000000,1725629099999,26616.64508000,183,28650.40000000,10809.29174000,0
1725629100000,0.37720000,0.37730000,0.37440000,0.37500000,410739.10000000,1725629399999,154247.38522000,812,204726.30000000,76852.57619000,0
1725629400000,0.37520000,0.37590000,0.37360000,0.37530000,251116.90000000,1725629699999,94151.75171000,606,130881.30000000,49061.25147000,0
1725629700000,0.37550000,0.37740000,0.37290000,0.37290000,367342.70000000,1725629999999,137941.26212000,663,132252.20000000,49624.67633000,0
1725630000000,0.37290000,0.37560000,0.37040000,0.37520000,658566.10000000,1725630299999,245526.64110000,1609,338406.70000000,126137.39583000,0
1725630300000,0.37530000,0.37610000,0.37180000,0.37290000,212861.80000000,1725630599999,79437.81582000,477,123741.00000000,46155.07013000,0
1725630600000,0.37300000,0.37450000,0.37170000,0.37300000,157298.00000000,1725630899999,58661.43382000,397,70065.70000000,26105.31659000,0
1725630900000,0.37310000,0.37320000,0.37040000,0.37070000,210898.70000000,1725631199999,78355.28782000,456,115779.20000000,43020.41732000,0
1725631200000,0.37070000,0.37310000,0.36940000,0.37270000,344717.30000000,1725631499999,127927.59209000,928,153607.20000000,56979.35177000,0
1725631500000,0.37280000,0.37330000,0.36890000,0.37290000,477436.80000000,1725631799999,176958.66575000,1000,181010.00000000,67104.65300000,0
1725631800000,0.37300000,0.37320000,0.36760000,0.36790000,376917.20000000,1725632099999,139280.19130000,934,197384.10000000,72876.33091000,0
1725632100000,0.36780000,0.37060000,0.36690000,0.36920000,347391.00000000,1725632399999,127908.25637000,606,161100.50000000,59312.61970000,0
1725632400000,0.36930000,0.37030000,0.36890000,0.36890000,113172.70000000,1725632699999,41854.81957000,184,40496.50000000,14980.09723000,0
1725632700000,0.36890000,0.36890000,0.36500000,0.36610000,441458.80000000,1725632999999,161752.98138000,714,311167.10000000,114043.12785000,0
1725633000000,0.36630000,0.36680000,0.36600000,0.36660000,165176.10000000,1725633299999,60529.74482000,209,85416.80000000,31308.84375000,0
1725633300000,0.36660000,0.36740000,0.36570000,0.36700000,212504.00000000,1725633599999,77889.21969000,366,134543.00000000,49324.13879000,0
1725633600000,0.36680000,0.36790000,0.36680000,0.36700000,224781.80000000,1725633899999,82584.01633000,251,32841.60000000,12068.99074000,0
1725633900000,0.36720000,0.36790000,0.36600000,0.36770000,295197.70000000,1725634199999,108371.18368000,453,84137.20000000,30876.09955000,0
1725634200000,0.36770000,0.36790000,0.36720000,0.36790000,61055.00000000,1725634499999,22444.76432000,199,23862.30000000,8772.44688000,0
1725634500000,0.36780000,0.36840000,0.36640000,0.36840000,167550.80000000,1725634799999,61516.92655000,261,83289.20000000,30588.61507000,0
1725634800000,0.36850000,0.37160000,0.36790000,0.36800000,234263.20000000,1725635099999,86657.12826000,510,89556.90000000,33077.72402000,0
1725635100000,0.36800000,0.36800000,0.36630000,0.36670000,208524.10000000,1725635399999,76464.70801000,477,132547.20000000,48611.40297000,0
1725635400000,0.36670000,0.36800000,0.36650000,0.36760000,150496.20000000,1725635699999,55311.62817000,191,53052.30000000,19491.56989000,0
1725635700000,0.36760000,0.36770000,0.36290000,0.36330000,554568.90000000,1725635999999,202421.51634000,959,262388.70000000,95735.43354000,0
1725636000000,0.36330000,0.36570000,0.36290000,0.36560000,404016.70000000,1725636299999,146901.52185000,589,282527.80000000,102692.17835000,0
1725636300000,0.36560000,0.36670000,0.36510000,0.36650000,139203.60000000,1725636599999,50929.00557000,223,66109.60000000,24187.03774000,0
1725636600000,0.36670000,0.36710000,0.36590000,0.36690000,254680.00000000,1725636899999,93363.53826000,245,146935.70000000,53875.43372000,0
1725636900000,0.36690000,0.36710000,0.36550000,0.36620000,263256.00000000,1725637199999,96420.46181000,331,89935.20000000,32924.56517000,0
1725637200000,0.36620000,0.36790000,0.36600000,0.36770000,172085.10000000,1725637499999,63124.74949000,184,109146.80000000,40004.76986000,0
1725637500000,0.36790000,0.36830000,0.36660000,0.36670000,236756.70000000,1725637799999,87019.72975000,342,81575.30000000,29966.73866000,0
1725637800000,0.36690000,0.36700000,0.36550000,0.36680000,141178.70000000,1725638099999,51695.07204000,216,90499.50000000,33136.56755000,0
1725638100000,0.36710000,0.36710000,0.36550000,0.36630000,93002.40000000,1725638399999,34067.68869000,162,48157.30000000,17634.15575000,0
1725638400000,0.36610000,0.36650000,0.36510000,0.36540000,99800.50000000,1725638699999,36492.59671000,207,55007.20000000,20111.07363000,0
1725638700000,0.36550000,0.36580000,0.36520000,0.36550000,55760.80000000,1725638999999,20380.19717000,117,27799.60000000,10160.79254000,0
1725639000000,0.36560000,0.36560000,0.36420000,0.36470000,143233.70000000,1725639299999,52245.05812000,227,48464.50000000,17670.92056000,0
1725639300000,0.36470000,0.36540000,0.36230000,0.36540000,326934.20000000,1725639599999,118888.78822000,548,152319.30000000,55385.23685000,0
1725639600000,0.36550000,0.36720000,0.36480000,0.36720000,489357.60000000,1725639899999,179083.06638000,765,197926.50000000,72427.73735000,0
1725639900000,0.36730000,0.36860000,0.36710000,0.36810000,95921.20000000,1725640199999,35299.80080000,187,29328.30000000,10795.97282000,0
1725640200000,0.36810000,0.36820000,0.36440000,0.36700000,362980.50000000,1725640499999,132996.76861000,490,135103.60000000,49403.41882000,0
1725640500000,0.36720000,0.36740000,0.36550000,0.36570000,168943.30000000,1725640799999,61924.42838000,184,49744.30000000,18237.21352000,0
1725640800000,0.36550000,0.36620000,0.36360000,0.36570000,295494.20000000,1725641099999,107836.96143000,395,141502.10000000,51619.78330000,0
1725641100000,0.36550000,0.36570000,0.36280000,0.36400000,175427.60000000,1725641399999,63837.68220000,238,115183.90000000,41922.51568000,0
1725641400000,0.36430000,0.36570000,0.36410000,0.36560000,108068.60000000,1725641699999,39448.83968000,193,42211.70000000,15411.97093000,0
1725641700000,0.36550000,0.36760000,0.36530000,0.36750000,153169.70000000,1725641999999,56099.43727000,252,79321.90000000,29045.31531000,0
1725642000000,0.36750000,0.36770000,0.36570000,0.36710000,177963.00000000,1725642299999,65252.28632000,449,82595.20000000,30266.92626000,0
1725642300000,0.36730000,0.36730000,0.36570000,0.36580000,38529.70000000,1725642599999,14116.41792000,93,14167.70000000,5196.41727000,0
1725642600000,0.36580000,0.36720000,0.36530000,0.36720000,301354.30000000,1725642899999,110310.70436000,304,165116.60000000,60428.86131000,0
1725642900000,0.36710000,0.36730000,0.36600000,0.36680000,154546.50000000,1725643199999,56656.80866000,190,41693.20000000,15285.67138000,0
1725643200000,0.36680000,0.36770000,0.36650000,0.36760000,91413.20000000,1725643499999,33561.96720000,192,64481.50000000,23673.31012000,0
1725643500000,0.36770000,0.36810000,0.36690000,0.36810000,128504.70000000,1725643799999,47218.59736000,154,104107.40000000,38253.19905000,0
1725643800000,0.36810000,0.36870000,0.36740000,0.36740000,95491.80000000,1725644099999,35172.29797000,165,54737.10000000,20168.90728000,0
1725644100000,0.36760000,0.36760000,0.36330000,0.36470000,276032.20000000,1725644399999,100730.09467000,534,139405.20000000,50851.26821000,0
1725644400000,0.36470000,0.36570000,0.36470000,0.36570000,66778.10000000,1725644699999,24386.40274000,134,23861.70000000,8717.86916000,0
1725644700000,0.36550000,0.36560000,0.36410000,0.36430000,61874.90000000,1725644999999,22575.30806000,112,25809.40000000,9405.32128000,0
1725645000000,0.36440000,0.36500000,0.36390000,0.36480000,62249.00000000,1725645299999,22673.51338000,123,26540.10000000,9670.55290000,0
1725645300000,0.36490000,0.36530000,0.36450000,0.36470000,59191.70000000,1725645599999,21597.78536000,113,20412.00000000,7445.83523000,0
1725645600000,0.36470000,0.36470000,0.36400000,0.36400000,40499.30000000,1725645899999,14758.93579000,77,3159.70000000,1151.67581000,0
1725645900000,0.36400000,0.36420000,0.36320000,0.36360000,121563.50000000,1725646199999,44188.80641000,182,92184.10000000,33512.30345000,0
1725646200000,0.36370000,0.36370000,0.36310000,0.36360000,107240.20000000,1725646499999,38986.35365000,137,66493.40000000,24177.58262000,0
1725646500000,0.36360000,0.36380000,0.36310000,0.36330000,131822.60000000,1725646799999,47903.01288000,214,20540.30000000,7468.17000000,0
1725646800000,0.36330000,0.36570000,0.36260000,0.36280000,277706.60000000,1725647099999,101057.39645000,678,89500.90000000,32579.13730000,0
1725647100000,0.36280000,0.36490000,0.36260000,0.36380000,221011.00000000,1725647399999,80361.50667000,406,142963.60000000,51956.56550000,0
1725647400000,0.36390000,0.36430000,0.36250000,0.36250000,160567.70000000,1725647699999,58352.76402000,194,53483.30000000,19438.60028000,0
1725647700000,0.36270000,0.36300000,0.36180000,0.36240000,155312.90000000,1725647999999,56287.11144000,227,58454.20000000,21182.87836000,0
1725648000000,0.36210000,0.36220000,0.36150000,0.36150000,142561.60000000,1725648299999,51601.10253000,138,99280.50000000,35941.05356000,0
1725648300000,0.36160000,0.36250000,0.36120000,0.36170000,177471.40000000,1725648599999,64205.90019000,255,85576.60000000,30957.34620000,0
1725648600000,0.36170000,0.36300000,0.36170000,0.36280000,73985.40000000,1725648899999,26801.46590000,130,43277.50000000,15672.15082000,0
1725648900000,0.36300000,0.36300000,0.36010000,0.36040000,131473.30000000,1725649199999,47526.27069000,328,27458.30000000,9917.72542000,0
1725649200000,0.36020000,0.36210000,0.36010000,0.36210000,279346.70000000,1725649499999,100707.30558000,263,209119.90000000,75396.20736000,0
1725649500000,0.36200000,0.36280000,0.36200000,0.36260000,107982.70000000,1725649799999,39135.10010000,153,17904.30000000,6492.05003000,0
1725649800000,0.36270000,0.36310000,0.36250000,0.36290000,50886.50000000,1725650099999,18457.95619000,175,13139.50000000,4767.02783000,0
1725650100000,0.36290000,0.36300000,0.36120000,0.36130000,241200.60000000,1725650399999,87289.28949000,395,130295.60000000,47133.60722000,0
1725650400000,0.36140000,0.36180000,0.36130000,0.36180000,47880.50000000,1725650699999,17313.36208000,247,31818.30000000,11505.57522000,0
1725650700000,0.36170000,0.36320000,0.36160000,0.36240000,277991.40000000,1725650999999,100745.74448000,455,119761.60000000,43381.22375000,0
1725651000000,0.36250000,0.36260000,0.36210000,0.36210000,55068.10000000,1725651299999,19949.64502000,148,5839.90000000,2115.84418000,0
1725651300000,0.36200000,0.36220000,0.36030000,0.36040000,53231.10000000,1725651599999,19254.15251000,193,27108.90000000,9808.72425000,0
1725651600000,0.36030000,0.36090000,0.36010000,0.36030000,94776.10000000,1725651899999,34155.83637000,226,46391.30000000,16722.27426000,0
1725651900000,0.36030000,0.36450000,0.36020000,0.36190000,355783.10000000,1725652199999,128990.44576000,494,168449.30000000,60979.70109000,0
1725652200000,0.36190000,0.36400000,0.36140000,0.36230000,209311.60000000,1725652499999,75878.30865000,283,123758.40000000,44855.00128000,0
1725652500000,0.36220000,0.36260000,0.36150000,0.36260000,116363.30000000,1725652799999,42105.15470000,141,62670.20000000,22671.64827000,0
1725652800000,0.36240000,0.36240000,0.36160000,0.36170000,28278.50000000,1725653099999,10237.52041000,84,12388.30000000,4483.77262000,0
1725653100000,0.36170000,0.36290000,0.36170000,0.36290000,42276.10000000,1725653399999,15305.64038000,83,31239.40000000,11308.81977000,0
1725653400000,0.36280000,0.36340000,0.36250000,0.36300000,38032.70000000,1725653699999,13806.22492000,150,8530.40000000,3096.99250000,0
1725653700000,0.36300000,0.36310000,0.36070000,0.36080000,77598.20000000,1725653999999,28094.67019000,243,14582.40000000,5277.80364000,0
1725654000000,0.36080000,0.36100000,0.36010000,0.36020000,99459.80000000,1725654299999,35849.43172000,231,35678.80000000,12866.07020000,0
1725654300000,0.36030000,0.36150000,0.36010000,0.36120000,108205.90000000,1725654599999,39018.87736000,286,72275.90000000,26066.95866000,0
1725654600000,0.36140000,0.36190000,0.36010000,0.36030000,133460.50000000,1725654899999,48157.92710000,199,46525.80000000,16771.10256000,0
1725654900000,0.36030000,0.36100000,0.36000000,0.36090000,341148.40000000,1725655199999,122886.02992000,434,112569.60000000,40578.85493000,0
1725655200000,0.36060000,0.36190000,0.36000000,0.36170000,130900.80000000,1725655499999,47251.45309000,187,51116.30000000,18454.90246000,0
1725655500000,0.36150000,0.36150000,0.36000000,0.36000000,353397.60000000,1725655799999,127280.43157000,235,82665.50000000,29787.33121000,0
1725655800000,0.36000000,0.36050000,0.36000000,0.36020000,777397.80000000,1725656099999,279913.57168000,588,198983.60000000,71676.85414000,0
1725656100000,0.36010000,0.36080000,0.35950000,0.35960000,336251.60000000,1725656399999,121071.19898000,361,57135.60000000,20588.00763000,0
1725656400000,0.35970000,0.35980000,0.35050000,0.35860000,952481.70000000,1725656699999,339539.08724000,1777,287358.10000000,102671.61918000,0
1725656700000,0.35890000,0.36000000,0.35890000,0.35930000,200625.20000000,1725656999999,72125.17356000,327,81734.10000000,29384.44976000,0
1725657000000,0.35940000,0.35970000,0.35810000,0.35890000,228935.40000000,1725657299999,82141.43901000,351,130552.80000000,46845.64418000,0
1725657300000,0.35890000,0.36050000,0.35890000,0.36050000,94274.70000000,1725657599999,33910.22500000,180,55583.60000000,19996.43100000,0
1725657600000,0.36060000,0.36140000,0.36040000,0.36100000,61016.30000000,1725657899999,22027.21339000,188,23617.70000000,8527.19614000,0
1725657900000,0.36100000,0.36110000,0.36020000,0.36060000,107705.30000000,1725658199999,38848.66152000,138,56927.60000000,20538.88695000,0
1725658200000,0.36060000,0.36230000,0.36010000,0.36230000,115224.20000000,1725658499999,41577.69540000,233,57632.10000000,20795.96690000,0
1725658500000,0.36240000,0.36350000,0.36200000,0.36300000,136621.80000000,1725658799999,49544.92164000,252,48609.80000000,17634.78493000,0
1725658800000,0.36300000,0.36320000,0.36150000,0.36280000,132723.80000000,1725659099999,48124.23488000,182,32412.00000000,11739.77231000,0
1725659100000,0.36280000,0.36320000,0.36280000,0.36310000,67111.00000000,1725659399999,24365.75625000,103,19943.50000000,7242.80612000,0
1725659400000,0.36310000,0.36470000,0.36310000,0.36460000,109278.60000000,1725659699999,39772.58007000,293,44554.00000000,16213.08852000,0
1725659700000,0.36460000,0.36530000,0.36450000,0.36520000,116147.80000000,1725659999999,42361.18635000,210,56923.40000000,20766.45927000,0
1725660000000,0.36520000,0.36530000,0.36470000,0.36480000,194221.10000000,1725660299999,70877.22157000,286,47797.90000000,17444.77201000,0
1725660300000,0.36480000,0.36480000,0.36420000,0.36430000,126440.40000000,1725660599999,46084.52709000,180,39431.90000000,14375.65933000,0
1725660600000,0.36440000,0.36520000,0.36380000,0.36500000,165950.30000000,1725660899999,60496.31575000,305,78558.70000000,28628.87855000,0
1725660900000,0.36490000,0.36500000,0.36420000,0.36490000,100203.30000000,1725661199999,36537.57966000,183,53811.80000000,19623.63297000,0
1725661200000,0.36500000,0.36520000,0.36460000,0.36510000,64873.70000000,1725661499999,23666.48551000,114,31052.80000000,11330.00277000,0
1725661500000,0.36520000,0.36520000,0.36480000,0.36490000,69323.70000000,1725661799999,25301.17309000,105,23822.20000000,8693.80725000,0
1725661800000,0.36490000,0.36510000,0.36480000,0.36500000,57235.40000000,1725662099999,20888.08714000,87,23861.80000000,8708.64326000,0
1725662100000,0.36500000,0.36510000,0.36460000,0.36460000,40171.90000000,1725662399999,14656.12735000,82,8639.00000000,3152.23047000,0
1725662400000,0.36460000,0.36480000,0.36460000,0.36470000,13629.90000000,1725662699999,4971.06159000,55,10220.10000000,3727.55267000,0
1725662700000,0.36480000,0.36490000,0.36440000,0.36440000,52525.20000000,1725662999999,19153.81420000,89,26750.40000000,9756.01191000,0
1725663000000,0.36440000,0.36440000,0.36290000,0.36300000,98415.00000000,1725663299999,35809.96785000,175,8390.20000000,3054.08824000,0
1725663300000,0.36290000,0.36300000,0.36260000,0.36260000,28751.30000000,1725663599999,10430.17601000,66,6142.80000000,2228.68071000,0
1725663600000,0.36270000,0.36290000,0.36240000,0.36290000,62512.00000000,1725663899999,22664.27801000,120,39658.70000000,14379.26536000,0
1725663900000,0.36280000,0.36290000,0.36260000,0.36280000,26854.60000000,1725664199999,9741.70633000,66,6468.90000000,2346.64310000,0
1725664200000,0.36270000,0.36270000,0.36140000,0.36200000,99391.90000000,1725664499999,35967.39435000,252,49018.40000000,17731.85696000,0
1725664500000,0.36200000,0.36300000,0.36190000,0.36300000,93122.70000000,1725664799999,33771.08591000,182,39903.90000000,14466.92881000,0
1725664800000,0.36310000,0.36330000,0.36310000,0.36330000,19337.30000000,1725665099999,7023.39340000,62,10772.00000000,3912.59147000,0
1725665100000,0.36320000,0.36350000,0.36310000,0.36320000,23921.70000000,1725665399999,8690.01987000,74,10721.00000000,3894.84105000,0
1725665400000,0.36330000,0.36330000,0.36310000,0.36310000,13227.90000000,1725665699999,4804.49360000,40,1469.90000000,534.01467000,0
1725665700000,0.36310000,0.36470000,0.36310000,0.36460000,70392.70000000,1725665999999,25618.33552000,187,66269.80000000,24118.76356000,0
1725666000000,0.36460000,0.36590000,0.36460000,0.36590000,81632.60000000,1725666299999,29833.04234000,175,54174.70000000,19796.16021000,0
1725666300000,0.36590000,0.36630000,0.36570000,0.36620000,31157.40000000,1725666599999,11402.29721000,79,12413.60000000,4543.53751000,0
1725666600000,0.36630000,0.36630000,0.36590000,0.36590000,117194.40000000,1725666899999,42902.43297000,115,12072.30000000,4419.03840000,0
1725666900000,0.36590000,0.36590000,0.36550000,0.36590000,70423.70000000,1725667199999,25755.10962000,81,27091.80000000,9908.30608000,0
1725667200000,0.36600000,0.36660000,0.36590000,0.36640000,58420.40000000,1725667499999,21409.20820000,136,16614.10000000,6088.79244000,0
1725667500000,0.36640000,0.36640000,0.36500000,0.36510000,147459.00000000,1725667799999,53912.73044000,303,60467.50000000,22097.96245000,0
1725667800000,0.36520000,0.36540000,0.36440000,0.36460000,100522.90000000,1725668099999,36673.52503000,215,66871.70000000,24392.80662000,0
1725668100000,0.36450000,0.36540000,0.36430000,0.36530000,83388.90000000,1725668399999,30428.77637000,203,50652.60000000,18480.87311000,0
1725668400000,0.36520000,0.36540000,0.36480000,0.36490000,70508.00000000,1725668699999,25739.28855000,103,6265.60000000,2287.92318000,0
1725668700000,0.36500000,0.36640000,0.36490000,0.36600000,104906.00000000,1725668999999,38376.03748000,133,60047.20000000,21952.26772000,0
1725669000000,0.36600000,0.36610000,0.36570000,0.36610000,26641.50000000,1725669299999,9748.51151000,86,8000.10000000,2928.01187000,0
1725669300000,0.36600000,0.36660000,0.36600000,0.36650000,29697.60000000,1725669599999,10873.90486000,65,15190.60000000,5563.09153000,0
1725669600000,0.36660000,0.36780000,0.36650000,0.36770000,123769.60000000,1725669899999,45461.35914000,248,69205.30000000,25413.08886000,0
1725669900000,0.36770000,0.36770000,0.36680000,0.36770000,120313.10000000,1725670199999,44170.66897000,177,33057.00000000,12136.92944000,0
1725670200000,0.36770000,0.36800000,0.36650000,0.36660000,96672.40000000,1725670499999,35488.00149000,168,34438.60000000,12640.04607000,0
1725670500000,0.36670000,0.36670000,0.36600000,0.36600000,35784.60000000,1725670799999,13109.96513000,62,1929.60000000,707.12943000,0
1725670800000,0.36610000,0.36720000,0.36610000,0.36700000,72194.20000000,1725671099999,26466.69827000,119,53399.90000000,19569.58319000,0
1725671100000,0.36700000,0.36710000,0.36620000,0.36620000,63626.60000000,1725671399999,23332.66256000,109,10717.70000000,3932.11149000,0
1725671400000,0.36630000,0.36650000,0.36570000,0.36590000,57577.60000000,1725671699999,21080.81638000,151,19558.50000000,7157.86054000,0
1725671700000,0.36600000,0.36650000,0.36570000,0.36580000,66963.00000000,1725671999999,24511.13906000,153,26727.70000000,9786.84503000,0
1725672000000,0.36580000,0.36660000,0.36580000,0.36640000,53506.30000000,1725672299999,19595.34331000,150,25458.00000000,9321.25134000,0
1725672300000,0.36640000,0.36650000,0.36620000,0.36640000,14631.10000000,1725672599999,5360.58272000,53,6851.40000000,2510.26023000,0
1725672600000,0.36630000,0.36630000,0.36600000,0.36600000,23718.50000000,1725672899999,8682.72928000,60,5705.70000000,2088.88695000,0
1725672900000,0.36610000,0.36690000,0.36600000,0.36660000,41359.40000000,1725673199999,15161.16617000,122,16907.90000000,6194.49107000,0
1725673200000,0.36660000,0.36660000,0.36640000,0.36650000,18686.20000000,1725673499999,6849.02567000,53,6179.60000000,2265.42819000,0
1725673500000,0.36660000,0.36660000,0.36640000,0.36640000,24516.60000000,1725673799999,8984.68353000,46,4257.30000000,1560.20271000,0
1725673800000,0.36630000,0.36660000,0.36620000,0.36660000,34418.40000000,1725674099999,12610.34149000,102,17312.70000000,6343.35952000,0
1725674100000,0.36650000,0.36670000,0.36650000,0.36660000,7659.10000000,1725674399999,2807.85790000,35,3661.20000000,1342.33744000,0
1725674400000,0.36660000,0.36680000,0.36630000,0.36640000,58497.90000000,1725674699999,21437.61533000,120,13252.90000000,4856.78003000,0
1725674700000,0.36650000,0.36650000,0.36620000,0.36640000,37752.90000000,1725674999999,13832.50908000,89,32397.30000000,11870.79819000,0
1725675000000,0.36640000,0.36680000,0.36640000,0.36660000,10692.10000000,1725675299999,3919.79549000,48,3086.60000000,1131.74831000,0
1725675300000,0.36680000,0.36680000,0.36620000,0.36660000,11165.40000000,1725675599999,4092.74763000,51,2403.30000000,880.77027000,0
1725675600000,0.36640000,0.36680000,0.36640000,0.36670000,21586.00000000,1725675899999,7912.75846000,67,10918.90000000,4002.91019000,0
1725675900000,0.36670000,0.36670000,0.36500000,0.36500000,62683.50000000,1725676199999,22931.25617000,131,24143.80000000,8827.76969000,0
1725676200000,0.36510000,0.36520000,0.36450000,0.36520000,45795.50000000,1725676499999,16709.20085000,116,26715.90000000,9750.38014000,0
1725676500000,0.36520000,0.36610000,0.36520000,0.36580000,42884.80000000,1725676799999,15682.20435000,60,20736.50000000,7579.09794000,0
1725676800000,0.36580000,0.36590000,0.36470000,0.36520000,199065.30000000,1725677099999,72715.54024000,174,97814.10000000,35723.98424000,0
1725677100000,0.36520000,0.36580000,0.36490000,0.36530000,36467.40000000,1725677399999,13323.77144000,65,4573.30000000,1671.22029000,0
1725677400000,0.36510000,0.36530000,0.36490000,0.36500000,12537.20000000,1725677699999,4576.39773000,39,2221.10000000,810.91552000,0
1725677700000,0.36500000,0.36520000,0.36480000,0.36510000,5705.10000000,1725677999999,2082.38593000,30,3548.00000000,1295.31840000,0
1725678000000,0.36510000,0.36550000,0.36500000,0.36520000,19557.00000000,1725678299999,7143.73375000,64,19114.50000000,6982.17669000,0
1725678300000,0.36550000,0.36640000,0.36540000,0.36610000,79838.50000000,1725678599999,29203.09696000,95,16587.60000000,6065.88739000,0
1725678600000,0.36640000,0.36660000,0.36630000,0.36660000,12951.40000000,1725678899999,4746.14188000,32,5663.00000000,2075.85343000,0
1725678900000,0.36660000,0.36690000,0.36650000,0.36680000,19805.70000000,1725679199999,7261.80224000,62,5018.00000000,1839.99363000,0
1725679200000,0.36680000,0.36720000,0.36650000,0.36670000,27366.10000000,1725679499999,10039.22076000,113,11706.20000000,4294.88958000,0
1725679500000,0.36700000,0.36750000,0.36670000,0.36730000,13385.80000000,1725679799999,4913.09597000,76,8148.20000000,2990.86776000,0
1725679800000,0.36750000,0.36760000,0.36710000,0.36710000,34189.50000000,1725680099999,12557.44045000,81,1890.50000000,694.74419000,0
1725680100000,0.36710000,0.36740000,0.36710000,0.36730000,8905.60000000,1725680399999,3270.97815000,51,5422.60000000,1991.76596000,0
1725680400000,0.36730000,0.36740000,0.36720000,0.36720000,40094.20000000,1725680699999,14726.42981000,122,10854.70000000,3987.37850000,0
1725680700000,0.36730000,0.36750000,0.36680000,0.36730000,77199.60000000,1725680999999,28343.47069000,205,35707.60000000,13111.28274000,0
1725681000000,0.36740000,0.36750000,0.36730000,0.36740000,34318.00000000,1725681299999,12607.68854000,126,9172.10000000,3369.91127000,0
1725681300000,0.36730000,0.36760000,0.36730000,0.36760000,24631.40000000,1725681599999,9051.65399000,71,17734.90000000,6517.34868000,0
1725681600000,0.36750000,0.36780000,0.36750000,0.36760000,28488.90000000,1725681899999,10473.91195000,78,16578.20000000,6095.54886000,0
1725681900000,0.36760000,0.36760000,0.36740000,0.36740000,34068.50000000,1725682199999,12518.57305000,93,4414.90000000,1622.81794000,0
1725682200000,0.36740000,0.36760000,0.36740000,0.36740000,23589.70000000,1725682499999,8667.75148000,38,4299.70000000,1580.19325000,0
1725682500000,0.36740000,0.36750000,0.36730000,0.36740000,102097.40000000,1725682799999,37509.31140000,62,839.00000000,308.32364000,0
1725682800000,0.36750000,0.36760000,0.36730000,0.36750000,45671.50000000,1725683099999,16782.73014000,52,35156.20000000,12919.49654000,0
1725683100000,0.36760000,0.36790000,0.36750000,0.36770000,63417.60000000,1725683399999,23319.13321000,93,35245.60000000,12960.65078000,0
1725683400000,0.36760000,0.36760000,0.36740000,0.36750000,31367.90000000,1725683699999,11527.72946000,48,12690.90000000,4663.90575000,0
1725683700000,0.36750000,0.36790000,0.36740000,0.36790000,42336.70000000,1725683999999,15564.00626000,108,33654.90000000,12372.43903000,0
1725684000000,0.36790000,0.36800000,0.36780000,0.36790000,42531.60000000,1725684299999,15644.13593000,70,6317.50000000,2324.27319000,0
1725684300000,0.36790000,0.36800000,0.36780000,0.36800000,8013.80000000,1725684599999,2948.32911000,43,4240.80000000,1560.33789000,0
1725684600000,0.36790000,0.36890000,0.36790000,0.36880000,76983.90000000,1725684899999,28367.38882000,185,42770.10000000,15761.73258000,0
1725684900000,0.36880000,0.36920000,0.36880000,0.36910000,31443.70000000,1725685199999,11603.17947000,87,6763.10000000,2495.99872000,0
1725685200000,0.36910000,0.36950000,0.36910000,0.36940000,55804.50000000,1725685499999,20609.00298000,103,27731.50000000,10242.54563000,0
1725685500000,0.36940000,0.37390000,0.36940000,0.37390000,227234.20000000,1725685799999,84559.74674000,667,148372.40000000,55181.77425000,0
1725685800000,0.37380000,0.37500000,0.37350000,0.37470000,224035.30000000,1725686099999,83778.54704000,376,111063.80000000,41543.86375000,0
1725686100000,0.37460000,0.37460000,0.37150000,0.37240000,224943.90000000,1725686399999,83907.24602000,424,69962.20000000,26062.09591000,0
1725686400000,0.37230000,0.37270000,0.37190000,0.37260000,92905.80000000,1725686699999,34588.10158000,154,38726.70000000,14419.56592000,0
1725686700000,0.37270000,0.37270000,0.37240000,0.37250000,43307.70000000,1725686999999,16137.09622000,76,10992.10000000,4096.58894000,0
1725687000000,0.37250000,0.37270000,0.37220000,0.37240000,69198.30000000,1725687299999,25773.64305000,178,37163.80000000,13841.11821000,0
1725687300000,0.37240000,0.37260000,0.37210000,0.37220000,61531.00000000,1725687599999,22910.69037000,126,7348.10000000,2735.35449000,0
1725687600000,0.37220000,0.37260000,0.37210000,0.37250000,58885.20000000,1725687899999,21926.79679000,95,43227.50000000,16095.70359000,0
1725687900000,0.37250000,0.37340000,0.37240000,0.37330000,106233.30000000,1725688199999,39599.22898000,184,79845.00000000,29765.72139000,0
1725688200000,0.37330000,0.37330000,0.37300000,0.37310000,87940.50000000,1725688499999,32815.15319000,111,22606.90000000,8435.61808000,0
1725688500000,0.37300000,0.37340000,0.37300000,0.37320000,36580.60000000,1725688799999,13651.60902000,89,15346.20000000,5727.78724000,0
1725688800000,0.37330000,0.37350000,0.37280000,0.37310000,112489.90000000,1725689099999,41969.52329000,163,43473.20000000,16219.81176000,0
1725689100000,0.37320000,0.37340000,0.37280000,0.37300000,44324.10000000,1725689399999,16535.72851000,134,9898.20000000,3694.56922000,0
1725689400000,0.37300000,0.37460000,0.37280000,0.37450000,152989.60000000,1725689699999,57114.10564000,253,61056.50000000,22818.28182000,0
1725689700000,0.37450000,0.37470000,0.37420000,0.37460000,101939.50000000,1725689999999,38174.24426000,236,32871.30000000,12311.38726000,0
1725690000000,0.37450000,0.37500000,0.37450000,0.37460000,107655.70000000,1725690299999,40344.66262000,231,35859.60000000,13440.35982000,0
1725690300000,0.37460000,0.37530000,0.37430000,0.37490000,386331.20000000,1725690599999,144832.40236000,351,324866.40000000,121799.77846000,0
1725690600000,0.37500000,0.37520000,0.37350000,0.37360000,195671.00000000,1725690899999,73320.61597000,483,58244.90000000,21834.05980000,0
1725690900000,0.37360000,0.37360000,0.37280000,0.37300000,34442.20000000,1725691199999,12850.89835000,92,14934.90000000,5570.83101000,0
1725691200000,0.37310000,0.37360000,0.37290000,0.37340000,58615.60000000,1725691499999,21876.17300000,76,34169.50000000,12751.80165000,0
1725691500000,0.37330000,0.37380000,0.37330000,0.37350000,65242.10000000,1725691799999,24372.94713000,122,29155.70000000,10891.40649000,0
1725691800000,0.37340000,0.37470000,0.37340000,0.37450000,51852.40000000,1725692099999,19395.91288000,100,24696.30000000,9233.13583000,0
1725692100000,0.37440000,0.37460000,0.37420000,0.37430000,45660.90000000,1725692399999,17096.28186000,85,11480.70000000,4299.12251000,0
1725692400000,0.37440000,0.37440000,0.37350000,0.37380000,60993.90000000,1725692699999,22810.05558000,159,12105.50000000,4528.00565000,0
1725692700000,0.37380000,0.37430000,0.37370000,0.37420000,58739.20000000,1725692999999,21959.76550000,123,32451.10000000,12132.99592000,0
1725693000000,0.37430000,0.37460000,0.37420000,0.37420000,37138.50000000,1725693299999,13905.03614000,92,8438.70000000,3160.01353000,0
1725693300000,0.37420000,0.37480000,0.37420000,0.37460000,113536.30000000,1725693599999,42520.03159000,227,64173.10000000,24032.00069000,0
1725693600000,0.37450000,0.37460000,0.37390000,0.37400000,94903.20000000,1725693899999,35511.24614000,189,32692.10000000,12230.61563000,0
1725693900000,0.37400000,0.37540000,0.37390000,0.37530000,68671.90000000,1725694199999,25733.36675000,164,46100.90000000,17269.82240000,0
1725694200000,0.37530000,0.37590000,0.37520000,0.37570000,74673.80000000,1725694499999,28048.36951000,148,35174.70000000,13211.52424000,0
1725694500000,0.37560000,0.37560000,0.37440000,0.37450000,116237.50000000,1725694799999,43601.83249000,186,21708.20000000,8138.78546000,0
1725694800000,0.37450000,0.37550000,0.37440000,0.37520000,92552.50000000,1725695099999,34707.26006000,178,55198.30000000,20694.49747000,0
1725695100000,0.37530000,0.37540000,0.37500000,0.37520000,34396.10000000,1725695399999,12905.73640000,96,9269.70000000,3478.41004000,0
1725695400000,0.37530000,0.37550000,0.37500000,0.37550000,79161.90000000,1725695699999,29705.16078000,223,51194.90000000,19211.29000000,0
1725695700000,0.37560000,0.37570000,0.37510000,0.37510000,37828.20000000,1725695999999,14206.15501000,99,17856.80000000,6707.54497000,0
1725696000000,0.37520000,0.37550000,0.37520000,0.37540000,74703.10000000,1725696299999,28038.85246000,160,47484.90000000,17823.49695000,0
1725696300000,0.37540000,0.37560000,0.37510000,0.37510000,152167.60000000,1725696599999,57124.60951000,220,53949.60000000,20255.93627000,0
1725696600000,0.37520000,0.37560000,0.37510000,0.37530000,53670.70000000,1725696899999,20145.93675000,106,31464.60000000,11811.27400000,0
1725696900000,0.37540000,0.37540000,0.37500000,0.37500000,74441.80000000,1725697199999,27926.85863000,136,17601.10000000,6604.80821000,0
1725697200000,0.37500000,0.37500000,0.37410000,0.37420000,108128.10000000,1725697499999,40489.27528000,152,39191.10000000,14669.80477000,0
1725697500000,0.37420000,0.37550000,0.37420000,0.37550000,111791.50000000,1725697799999,41884.14495000,197,89319.20000000,33464.82061000,0
1725697800000,0.37550000,0.37580000,0.37420000,0.37420000,254641.50000000,1725698099999,95494.51130000,349,146736.00000000,55052.67180000,0
1725698100000,0.37420000,0.37470000,0.37420000,0.37470000,57661.80000000,1725698399999,21587.85225000,99,47303.60000000,17710.55679000,0
1725698400000,0.37460000,0.37520000,0.37460000,0.37490000,50169.90000000,1725698699999,18814.21741000,115,33327.50000000,12497.24257000,0
1725698700000,0.37500000,0.37500000,0.37450000,0.37480000,47705.70000000,1725698999999,17878.51300000,76,24753.80000000,9277.21217000,0
1725699000000,0.37480000,0.37480000,0.37440000,0.37450000,20550.70000000,1725699299999,7699.36805000,80,8369.90000000,3136.33672000,0
1725699300000,0.37450000,0.37490000,0.37430000,0.37480000,44378.30000000,1725699599999,16627.31724000,67,29520.10000000,11061.87190000,0
1725699600000,0.37490000,0.37510000,0.37470000,0.37500000,86536.20000000,1725699899999,32442.38496000,163,57579.70000000,21585.81042000,0
1725699900000,0.37480000,0.37480000,0.37400000,0.37440000,176465.80000000,1725700199999,66066.88550000,320,87732.70000000,32842.16613000,0
1725700200000,0.37440000,0.37450000,0.37430000,0.37440000,30925.90000000,1725700499999,11579.09123000,62,25539.70000000,9562.87983000,0
1725700500000,0.37430000,0.37450000,0.37380000,0.37400000,141997.90000000,1725700799999,53125.93630000,114,8353.00000000,3126.14738000,0
1725700800000,0.37400000,0.37410000,0.37350000,0.37360000,104032.90000000,1725701099999,38883.02006000,133,24104.20000000,9006.60083000,0
1725701100000,0.37350000,0.37390000,0.37350000,0.37360000,108861.30000000,1725701399999,40682.77638000,113,39903.30000000,14913.59259000,0
1725701400000,0.37370000,0.37370000,0.37270000,0.37330000,418961.40000000,1725701699999,156392.99353000,279,87078.20000000,32485.45194000,0
1725701700000,0.37330000,0.37370000,0.37320000,0.37320000,100978.40000000,1725701999999,37717.19569000,130,41037.60000000,15331.93229000,0
1725702000000,0.37320000,0.37320000,0.37250000,0.37260000,69720.40000000,1725702299999,25995.90474000,210,15274.70000000,5693.90825000,0
1725702300000,0.37250000,0.37260000,0.37090000,0.37160000,157140.90000000,1725702599999,58422.89418000,342,107941.90000000,40113.20873000,0
1725702600000,0.37170000,0.37200000,0.37160000,0.37200000,73939.30000000,1725702899999,27490.83508000,130,53696.00000000,19966.14629000,0
1725702900000,0.37190000,0.37210000,0.37180000,0.37210000,29275.90000000,1725703199999,10889.60950000,56,11710.50000000,4357.04318000,0
1725703200000,0.37210000,0.37230000,0.37210000,0.37220000,39884.20000000,1725703499999,14845.45891000,75,28487.30000000,10603.96038000,0
1725703500000,0.37230000,0.37250000,0.37220000,0.37240000,8734.30000000,1725703799999,3252.13417000,49,5355.30000000,1994.23899000,0
1725703800000,0.37250000,0.37280000,0.37240000,0.37240000,61952.30000000,1725704099999,23086.18974000,109,22830.90000000,8508.12285000,0
1725704100000,0.37240000,0.37260000,0.37230000,0.37260000,17652.50000000,1725704399999,6574.29759000,76,14431.30000000,5374.77662000,0
1725704400000,0.37260000,0.37300000,0.37240000,0.37290000,51545.90000000,1725704699999,19207.07405000,147,25276.50000000,9420.11683000,0
1725704700000,0.37290000,0.37310000,0.37260000,0.37290000,48477.10000000,1725704999999,18074.63615000,89,10049.30000000,3747.17959000,0
1725705000000,0.37300000,0.37300000,0.37280000,0.37300000,29885.20000000,1725705299999,11144.89126000,64,15492.80000000,5778.59753000,0
1725705300000,0.37300000,0.37360000,0.37300000,0.37330000,86166.30000000,1725705599999,32167.46049000,137,47911.70000000,17885.14186000,0
1725705600000,0.37320000,0.37340000,0.37310000,0.37310000,26160.30000000,1725705899999,9761.57822000,46,404.70000000,151.03427000,0
1725705900000,0.37310000,0.37310000,0.37260000,0.37260000,40201.80000000,1725706199999,14987.51721000,173,5874.40000000,2190.97358000,0
1725706200000,0.37260000,0.37270000,0.37240000,0.37250000,14494.60000000,1725706499999,5400.15677000,64,7270.40000000,2708.99378000,0
1725706500000,0.37250000,0.37260000,0.37240000,0.37250000,11211.20000000,1725706799999,4176.39118000,43,4490.00000000,1672.77273000,0
1725706800000,0.37260000,0.37300000,0.37250000,0.37270000,76305.40000000,1725707099999,28442.77494000,170,19165.80000000,7144.56218000,0
1725707100000,0.37270000,0.37280000,0.37240000,0.37280000,49637.90000000,1725707399999,18496.66440000,129,39875.90000000,14859.41010000,0
1725707400000,0.37270000,0.37320000,0.37260000,0.37310000,32518.00000000,1725707699999,12127.14643000,98,17490.80000000,6523.40316000,0
1725707700000,0.37310000,0.37320000,0.37310000,0.37310000,7598.40000000,1725707999999,2835.42259000,33,4595.50000000,1715.04060000,0
1725708000000,0.37320000,0.37360000,0.37320000,0.37350000,35288.60000000,1725708299999,13178.21749000,70,17428.80000000,6508.49376000,0
1725708300000,0.37360000,0.37410000,0.37350000,0.37390000,113696.20000000,1725708599999,42498.34964000,191,47821.20000000,17875.87373000,0
1725708600000,0.37400000,0.37420000,0.37360000,0.37380000,59132.20000000,1725708899999,22112.47286000,114,18317.80000000,6849.81287000,0
1725708900000,0.37380000,0.37420000,0.37380000,0.37390000,57819.60000000,1725709199999,21625.57196000,137,39539.70000000,14788.78348000,0
1725709200000,0.37380000,0.37400000,0.37340000,0.37350000,48728.40000000,1725709499999,18212.58747000,113,5965.00000000,2229.12810000,0
1725709500000,0.37340000,0.37350000,0.37310000,0.37330000,35646.00000000,1725709799999,13306.06460000,80,11911.10000000,4446.66462000,0
1725709800000,0.37330000,0.37360000,0.37320000,0.37360000,21581.40000000,1725710099999,8058.04912000,86,9670.80000000,3610.96818000,0
1725710100000,0.37350000,0.37370000,0.37340000,0.37360000,38476.10000000,1725710399999,14370.44863000,86,13399.40000000,5004.72845000,0
1725710400000,0.37360000,0.37380000,0.37360000,0.37370000,38169.90000000,1725710699999,14261.88442000,112,14017.80000000,5237.77785000,0
1725710700000,0.37370000,0.37370000,0.37340000,0.37360000,41620.30000000,1725710999999,15548.80829000,92,11659.00000000,4356.94790000,0
1725711000000,0.37360000,0.37390000,0.37340000,0.37370000,137900.50000000,1725711299999,51520.34013000,212,76318.80000000,28514.74906000,0
1725711300000,0.37370000,0.37440000,0.37370000,0.37390000,135049.20000000,1725711599999,50517.09440000,218,57834.80000000,21629.25466000,0
1725711600000,0.37400000,0.37400000,0.37380000,0.37390000,24903.50000000,1725711899999,9311.48686000,63,6004.70000000,2245.60943000,0
1725711900000,0.37390000,0.37400000,0.37390000,0.37400000,13791.40000000,1725712199999,5157.30159000,53,7337.30000000,2744.11360000,0
1725712200000,0.37390000,0.37420000,0.37390000,0.37410000,8825.70000000,1725712499999,3300.78224000,40,2526.20000000,944.84826000,0
1725712500000,0.37420000,0.37420000,0.37390000,0.37390000,15008.30000000,1725712799999,5613.45975000,58,6030.70000000,2255.61856000,0
1725712800000,0.37400000,0.37410000,0.37350000,0.37370000,61040.50000000,1725713099999,22820.12572000,120,18294.00000000,6839.78469000,0
1725713100000,0.37380000,0.37390000,0.37360000,0.37380000,59470.80000000,1725713399999,22228.29605000,78,39503.70000000,14766.74706000,0
1725713400000,0.37380000,0.37440000,0.37380000,0.37440000,65993.60000000,1725713699999,24690.81747000,157,56842.70000000,21266.25324000,0
1725713700000,0.37440000,0.37480000,0.37410000,0.37410000,88564.10000000,1725713999999,33168.26986000,125,28070.00000000,10512.23065000,0
1725714000000,0.37420000,0.37450000,0.37320000,0.37420000,139812.60000000,1725714299999,52284.06305000,285,47914.00000000,17912.77550000,0
1725714300000,0.37420000,0.37450000,0.37420000,0.37450000,31369.90000000,1725714599999,11741.73932000,74,27293.60000000,10216.13771000,0
1725714600000,0.37450000,0.37470000,0.37390000,0.37420000,82007.00000000,1725714899999,30695.96004000,140,36307.00000000,13590.18586000,0
1725714900000,0.37420000,0.37420000,0.37390000,0.37400000,31237.20000000,1725715199999,11684.36121000,65,8259.50000000,3090.13824000,0
1725715200000,0.37400000,0.37400000,0.37370000,0.37370000,26188.60000000,1725715499999,9789.26489000,52,13540.40000000,5061.59633000,0
1725715500000,0.37390000,0.37400000,0.37380000,0.37390000,22667.00000000,1725715799999,8475.82155000,71,13236.40000000,4949.78946000,0
1725715800000,0.37400000,0.37460000,0.37390000,0.37440000,26339.40000000,1725716099999,9855.81970000,117,19924.20000000,7455.56240000,0
1725716100000,0.37440000,0.37460000,0.37430000,0.37450000,32856.40000000,1725716399999,12302.97564000,60,19544.70000000,7319.07517000,0
1725716400000,0.37450000,0.37460000,0.37350000,0.37370000,109442.80000000,1725716699999,40941.42044000,263,32612.10000000,12197.24381000,0
1725716700000,0.37380000,0.37390000,0.37300000,0.37330000,83095.40000000,1725716999999,31024.87911000,170,40881.30000000,15261.20249000,0
1725717000000,0.37330000,0.37440000,0.37330000,0.37400000,71846.00000000,1725717299999,26855.89913000,182,41404.00000000,15474.54751000,0
1725717300000,0.37410000,0.37420000,0.37400000,0.37400000,17775.00000000,1725717599999,6649.89427000,48,7857.90000000,2940.09879000,0
1725717600000,0.37410000,0.37410000,0.37400000,0.37410000,12131.10000000,1725717899999,4538.02721000,38,9958.10000000,3725.32521000,0
1725717900000,0.37400000,0.37440000,0.37350000,0.37400000,171317.70000000,1725718199999,64068.10860000,197,85708.80000000,32049.76374000,0
1725718200000,0.37400000,0.37400000,0.37370000,0.37390000,20959.10000000,1725718499999,7836.84440000,76,17916.80000000,6699.38452000,0
1725718500000,0.37390000,0.37420000,0.37390000,0.37410000,35176.30000000,1725718799999,13158.64946000,81,23798.30000000,8902.15012000,0
1725718800000,0.37410000,0.37420000,0.37350000,0.37390000,75799.80000000,1725719099999,28331.82563000,358,34972.30000000,13072.73742000,0
1725719100000,0.37400000,0.37450000,0.37380000,0.37430000,35861.40000000,1725719399999,13417.79743000,110,27880.90000000,10430.52823000,0
1725719400000,0.37440000,0.37470000,0.37400000,0.37420000,68470.90000000,1725719699999,25643.48320000,96,17835.50000000,6678.03359000,0
1725719700000,0.37410000,0.37420000,0.37340000,0.37370000,94616.80000000,1725719999999,35362.80265000,214,26785.10000000,10008.58871000,0
1725720000000,0.37370000,0.37390000,0.37320000,0.37350000,136218.20000000,1725720299999,50876.45340000,319,47582.40000000,17772.79724000,0
1725720300000,0.37350000,0.37370000,0.37340000,0.37360000,15492.80000000,1725720599999,5787.66091000,81,10478.60000000,3914.43808000,0
1725720600000,0.37350000,0.37380000,0.37350000,0.37380000,19801.40000000,1725720899999,7398.66188000,61,14551.10000000,5437.42579000,0
1725720900000,0.37380000,0.37500000,0.37370000,0.37490000,107673.70000000,1725721199999,40303.37486000,229,77736.90000000,29099.90968000,0
1725721200000,0.37490000,0.37510000,0.37450000,0.37490000,122920.50000000,1725721499999,46072.52733000,217,66219.10000000,24822.37355000,0
1725721500000,0.37500000,0.37540000,0.37470000,0.37480000,144766.10000000,1725721799999,54287.58605000,251,72356.30000000,27138.08076000,0
1725721800000,0.37490000,0.37530000,0.37380000,0.37530000,172789.50000000,1725722099999,64732.14878000,328,90975.10000000,34084.52392000,0
1725722100000,0.37530000,0.37540000,0.37440000,0.37510000,110380.00000000,1725722399999,41383.42108000,185,51793.70000000,19418.97484000,0
1725722400000,0.37510000,0.37570000,0.37450000,0.37570000,140355.60000000,1725722699999,52645.95181000,189,68758.90000000,25785.67161000,0
1725722700000,0.37560000,0.37640000,0.37530000,0.37620000,183738.80000000,1725722999999,69040.71103000,329,108208.10000000,40654.37117000,0
1725723000000,0.37620000,0.37620000,0.37530000,0.37570000,175451.80000000,1725723299999,65949.91213000,267,95659.20000000,35958.49079000,0
1725723300000,0.37560000,0.37560000,0.37500000,0.37500000,44424.90000000,1725723599999,16674.49524000,129,9590.70000000,3599.32387000,0
1725723600000,0.37510000,0.37520000,0.37480000,0.37520000,72111.80000000,1725723899999,27045.87460000,192,43997.70000000,16503.02253000,0
1725723900000,0.37520000,0.37610000,0.37520000,0.37570000,170712.30000000,1725724199999,64148.71441000,161,92778.30000000,34858.13999000,0
1725724200000,0.37570000,0.37600000,0.37570000,0.37590000,24486.90000000,1725724499999,9202.77053000,79,13959.90000000,5247.19835000,0
1725724500000,0.37590000,0.37600000,0.37560000,0.37570000,48883.80000000,1725724799999,18373.41080000,100,26552.70000000,9981.53112000,0
1725724800000,0.37560000,0.37570000,0.37530000,0.37560000,46132.20000000,1725725099999,17323.45975000,134,26583.50000000,9983.56931000,0
1725725100000,0.37560000,0.37590000,0.37540000,0.37570000,47821.00000000,1725725399999,17966.32006000,106,43124.60000000,16201.88205000,0
1725725400000,0.37570000,0.37580000,0.37540000,0.37540000,74412.80000000,1725725699999,27944.09778000,132,6506.80000000,2444.28818000,0
1725725700000,0.37550000,0.37550000,0.37510000,0.37530000,41529.00000000,1725725999999,15584.92910000,98,13718.00000000,5147.81411000,0
1725726000000,0.37520000,0.37550000,0.37520000,0.37540000,55521.60000000,1725726299999,20839.26713000,204,17808.10000000,6685.18416000,0
1725726300000,0.37540000,0.37540000,0.37510000,0.37530000,21893.20000000,1725726599999,8215.28605000,48,5359.00000000,2011.41090000,0
1725726600000,0.37530000,0.37540000,0.37430000,0.37480000,61445.90000000,1725726899999,23038.50862000,201,19927.90000000,7465.99751000,0
1725726900000,0.37480000,0.37480000,0.37360000,0.37380000,93231.00000000,1725727199999,34886.96225000,245,19276.40000000,7208.64858000,0
1725727200000,0.37390000,0.37460000,0.37380000,0.37400000,78340.80000000,1725727499999,29309.81183000,223,34825.80000000,13028.52531000,0
1725727500000,0.37410000,0.37460000,0.37400000,0.37410000,41479.20000000,1725727799999,15521.59282000,142,9612.60000000,3596.59921000,0
1725727800000,0.37400000,0.37400000,0.37360000,0.37370000,15038.00000000,1725728099999,5620.71790000,61,7257.70000000,2712.79562000,0
1725728100000,0.37380000,0.37420000,0.37340000,0.37380000,64032.40000000,1725728399999,23941.23057000,166,31178.60000000,11658.77938000,0
1725728400000,0.37390000,0.37420000,0.37370000,0.37420000,27288.30000000,1725728699999,10207.88008000,94,15614.00000000,5841.71590000,0
1725728700000,0.37420000,0.37440000,0.37400000,0.37410000,24440.60000000,1725728999999,9145.13252000,82,6967.10000000,2607.19574000,0
1725729000000,0.37410000,0.37420000,0.37310000,0.37380000,86687.30000000,1725729299999,32381.75870000,340,29881.90000000,11162.67235000,0
1725729300000,0.37380000,0.37390000,0.37350000,0.37380000,54123.20000000,1725729599999,20228.53377000,136,6793.60000000,2538.61832000,0
1725729600000,0.37370000,0.37380000,0.37320000,0.37360000,40879.40000000,1725729899999,15271.87881000,92,11427.60000000,4266.86531000,0
1725729900000,0.37370000,0.37390000,0.37360000,0.37360000,62758.20000000,1725730199999,23454.07779000,91,12166.90000000,4547.45846000,0
1725730200000,0.37370000,0.37390000,0.37360000,0.37370000,28121.80000000,1725730499999,10507.90540000,69,7367.00000000,2753.47894000,0
1725730500000,0.37380000,0.37380000,0.37250000,0.37290000,43535.90000000,1725730799999,16244.29767000,270,14593.90000000,5441.02798000,0
1725730800000,0.37280000,0.37280000,0.37240000,0.37260000,38274.50000000,1725731099999,14261.11145000,137,21383.90000000,7968.74723000,0
1725731100000,0.37270000,0.37290000,0.37260000,0.37270000,14468.30000000,1725731399999,5393.62344000,49,8777.30000000,3272.74063000,0
1725731400000,0.37270000,0.37280000,0.37070000,0.37200000,197473.80000000,1725731699999,73364.97352000,674,62205.30000000,23108.24330000,0
1725731700000,0.37210000,0.37240000,0.37140000,0.37180000,69825.40000000,1725731999999,25960.10201000,222,24431.00000000,9084.42946000,0
1725732000000,0.37190000,0.37230000,0.37090000,0.37220000,84561.00000000,1725732299999,31408.68822000,177,40028.00000000,14872.37199000,0
1725732300000,0.37220000,0.37280000,0.37190000,0.37210000,47710.60000000,1725732599999,17774.12514000,202,29442.30000000,10969.25422000,0
1725732600000,0.37210000,0.37260000,0.37150000,0.37170000,102840.00000000,1725732899999,38253.85489000,147,63318.40000000,23548.77048000,0
1725732900000,0.37170000,0.37220000,0.37140000,0.37150000,117946.20000000,1725733199999,43848.09198000,131,92367.90000000,34339.70543000,0
1725733200000,0.37150000,0.37250000,0.37150000,0.37240000,104183.40000000,1725733499999,38737.85775000,152,81396.50000000,30265.64228000,0
1725733500000,0.37240000,0.37270000,0.37200000,0.37250000,16386.70000000,1725733799999,6100.70818000,85,9542.30000000,3553.37612000,0
1725733800000,0.37240000,0.37250000,0.37160000,0.37180000,13632.60000000,1725734099999,5072.07075000,73,1549.20000000,576.45849000,0
1725734100000,0.37180000,0.37260000,0.37150000,0.37260000,50118.60000000,1725734399999,18634.20087000,115,36215.50000000,13466.27626000,0
1725734400000,0.37260000,0.37280000,0.37200000,0.37240000,38159.30000000,1725734699999,14214.66325000,155,26950.20000000,10039.55706000,0
1725734700000,0.37220000,0.37320000,0.37210000,0.37290000,57283.80000000,1725734999999,21346.67889000,168,37786.30000000,14078.09189000,0
1725735000000,0.37300000,0.37310000,0.37250000,0.37270000,12034.10000000,1725735299999,4486.10070000,44,3383.00000000,1261.25080000,0
1725735300000,0.37260000,0.37260000,0.37210000,0.37220000,29574.10000000,1725735599999,11010.84675000,76,5221.20000000,1943.12409000,0
1725735600000,0.37220000,0.37240000,0.37210000,0.37220000,8161.90000000,1725735899999,3038.18994000,44,5916.70000000,2202.52170000,0
1725735900000,0.37220000,0.37260000,0.37210000,0.37260000,36267.80000000,1725736199999,13507.84943000,168,31894.50000000,11879.71843000,0
1725736200000,0.37260000,0.37280000,0.37230000,0.37260000,56311.60000000,1725736499999,20979.41998000,201,39400.80000000,14678.49982000,0
1725736500000,0.37260000,0.37290000,0.37230000,0.37270000,14997.20000000,1725736799999,5586.91450000,69,10999.70000000,4097.59111000,0
1725736800000,0.37280000,0.37320000,0.37270000,0.37320000,9543.80000000,1725737099999,3559.45440000,74,9019.10000000,3363.83477000,0
1725737100000,0.37320000,0.37360000,0.37310000,0.37360000,17973.80000000,1725737399999,6712.56265000,77,11620.30000000,4340.53275000,0
1725737400000,0.37360000,0.37360000,0.37300000,0.37320000,34026.60000000,1725737699999,12701.17924000,134,6536.30000000,2439.32507000,0
1725737700000,0.37320000,0.37360000,0.37320000,0.37350000,11157.50000000,1725737999999,4166.28410000,54,8926.20000000,3333.45429000,0
1725738000000,0.37340000,0.37370000,0.37330000,0.37360000,15496.40000000,1725738299999,5787.39815000,108,4561.60000000,1703.98022000,0
1725738300000,0.37360000,0.37380000,0.37310000,0.37340000,47113.20000000,1725738599999,17589.29628000,176,31398.50000000,11723.70021000,0
1725738600000,0.37330000,0.37360000,0.37330000,0.37340000,18935.50000000,1725738899999,7070.92027000,94,13342.80000000,4982.40738000,0
1725738900000,0.37340000,0.37390000,0.37310000,0.37320000,179959.00000000,1725739199999,67204.07253000,269,154837.60000000,57822.09286000,0
1725739200000,0.37310000,0.37350000,0.37240000,0.37290000,98692.90000000,1725739499999,36799.31815000,271,63543.50000000,23689.87229000,0
1725739500000,0.37290000,0.37330000,0.37250000,0.37260000,41185.40000000,1725739799999,15357.80602000,108,20657.90000000,7703.85614000,0
1725739800000,0.37260000,0.37260000,0.37210000,0.37220000,63692.10000000,1725740099999,23716.29854000,113,48425.80000000,18032.25750000,0
1725740100000,0.37220000,0.37250000,0.37210000,0.37230000,50608.10000000,1725740399999,18841.32220000,88,44092.60000000,16415.74170000,0
1725740400000,0.37240000,0.37240000,0.37160000,0.37170000,41081.60000000,1725740699999,15279.29609000,111,5900.40000000,2195.41573000,0
1725740700000,0.37180000,0.37190000,0.37130000,0.37190000,108058.60000000,1725740999999,40149.16852000,139,84605.20000000,31436.14370000,0
1725741000000,0.37180000,0.37200000,0.37170000,0.37190000,5261.30000000,1725741299999,1956.20536000,45,1876.00000000,697.64795000,0
1725741300000,0.37190000,0.37200000,0.37150000,0.37170000,50105.00000000,1725741599999,18624.07412000,106,10607.40000000,3945.22908000,0
1725741600000,0.37170000,0.37210000,0.37130000,0.37210000,50749.60000000,1725741899999,18863.55709000,141,32341.10000000,12023.87370000,0
1725741900000,0.37210000,0.37260000,0.37090000,0.37140000,303898.80000000,1725742199999,112998.23417000,325,95702.50000000,35565.20839000,0
1725742200000,0.37140000,0.37140000,0.37050000,0.37070000,17073.50000000,1725742499999,6332.28891000,88,12730.60000000,4722.15419000,0
1725742500000,0.37060000,0.37070000,0.37040000,0.37070000,14642.50000000,1725742799999,5425.77541000,96,5810.50000000,2153.49311000,0
1725742800000,0.37070000,0.37070000,0.37030000,0.37040000,12619.30000000,1725743099999,4676.29976000,54,7249.20000000,2686.72903000,0
1725743100000,0.37040000,0.37060000,0.37020000,0.37020000,21500.30000000,1725743399999,7963.00447000,108,5814.10000000,2153.92057000,0
1725743400000,0.37020000,0.37040000,0.36910000,0.36950000,191912.10000000,1725743699999,70933.86972000,471,108238.70000000,39993.94383000,0
1725743700000,0.36950000,0.37030000,0.36930000,0.36980000,54657.20000000,1725743999999,20214.95984000,185,38048.70000000,14071.28042000,0
1725744000000,0.36970000,0.37030000,0.36970000,0.37020000,55014.80000000,1725744299999,20357.06389000,117,49770.00000000,18415.86857000,0
1725744300000,0.37030000,0.37030000,0.36970000,0.36990000,20611.80000000,1725744599999,7626.52618000,57,10548.50000000,3903.90817000,0
1725744600000,0.36990000,0.36990000,0.36930000,0.36940000,25173.80000000,1725744899999,9305.82622000,103,6599.60000000,2439.59781000,0
1725744900000,0.36960000,0.36970000,0.36930000,0.36950000,8739.70000000,1725745199999,3228.91869000,50,2265.60000000,837.10021000,0
1725745200000,0.36950000,0.36980000,0.36930000,0.36980000,49512.50000000,1725745499999,18299.48345000,95,41075.70000000,15182.70537000,0
1725745500000,0.36980000,0.37010000,0.36970000,0.37000000,12358.00000000,1725745799999,4571.81602000,55,4714.70000000,1744.44740000,0
1725745800000,0.37000000,0.37020000,0.36980000,0.37010000,12095.40000000,1725746099999,4476.29885000,48,8510.90000000,3150.08826000,0
1725746100000,0.37000000,0.37000000,0.36910000,0.36960000,63798.30000000,1725746399999,23578.82099000,154,27603.40000000,10197.58286000,0
1725746400000,0.36960000,0.37010000,0.36960000,0.37000000,9958.90000000,1725746699999,3682.86275000,45,3435.30000000,1270.75594000,0
1725746700000,0.37000000,0.37030000,0.36960000,0.37010000,52989.70000000,1725746999999,19607.44442000,170,32447.50000000,12005.96666000,0
1725747000000,0.37000000,0.37020000,0.36960000,0.36970000,28040.10000000,1725747299999,10373.29038000,51,8150.80000000,3014.13466000,0
1725747300000,0.36970000,0.36990000,0.36910000,0.36910000,25794.50000000,1725747599999,9530.14287000,109,3181.00000000,1175.36511000,0
1725747600000,0.36910000,0.36920000,0.36870000,0.36900000,175787.30000000,1725747899999,64847.24734000,299,113445.10000000,41850.20043000,0
1725747900000,0.36900000,0.36920000,0.36880000,0.36880000,96842.20000000,1725748199999,35744.29924000,166,50160.60000000,18515.02298000,0
1725748200000,0.36890000,0.36900000,0.36850000,0.36850000,60161.40000000,1725748499999,22180.19343000,132,26950.50000000,9937.64775000,0
1725748500000,0.36850000,0.36850000,0.36820000,0.36830000,16074.70000000,1725748799999,5922.11912000,49,11148.70000000,4107.16334000,0
1725748800000,0.36820000,0.36840000,0.36810000,0.36830000,45219.90000000,1725749099999,16652.68155000,118,32584.10000000,12000.03696000,0
1725749100000,0.36830000,0.36850000,0.36810000,0.36830000,229348.20000000,1725749399999,84476.89830000,391,82862.50000000,30522.27790000,0
1725749400000,0.36830000,0.36840000,0.36790000,0.36810000,86064.60000000,1725749699999,31690.81788000,145,37548.60000000,13827.23414000,0
1725749700000,0.36810000,0.36830000,0.36800000,0.36820000,38165.30000000,1725749999999,14051.61978000,71,29233.90000000,10763.27064000,0
1725750000000,0.36810000,0.36820000,0.36730000,0.36740000,69366.70000000,1725750299999,25519.48642000,125,21315.90000000,7841.76465000,0
1725750300000,0.36730000,0.36760000,0.36730000,0.36740000,21352.60000000,1725750599999,7845.42834000,35,12691.50000000,4663.81273000,0
1725750600000,0.36740000,0.36820000,0.36740000,0.36820000,33977.50000000,1725750899999,12497.83727000,97,31921.90000000,11741.43047000,0
1725750900000,0.36820000,0.36870000,0.36800000,0.36860000,34718.50000000,1725751199999,12785.06018000,97,23261.20000000,8566.94796000,0
1725751200000,0.36870000,0.36900000,0.36870000,0.36880000,27822.60000000,1725751499999,10261.20815000,75,14685.80000000,5416.24539000,0
1725751500000,0.36870000,0.36880000,0.36820000,0.36880000,38550.80000000,1725751799999,14203.48983000,106,15729.30000000,5795.69575000,0
1725751800000,0.36880000,0.36880000,0.36840000,0.36850000,40062.50000000,1725752099999,14765.04365000,36,2132.70000000,786.48273000,0
1725752100000,0.36850000,0.36860000,0.36850000,0.36860000,5237.10000000,1725752399999,1929.88785000,20,1876.40000000,691.46990000,0
1725752400000,0.36850000,0.36880000,0.36850000,0.36870000,12307.80000000,1725752699999,4536.59779000,34,10507.40000000,3873.13690000,0
1725752700000,0.36870000,0.36900000,0.36870000,0.36880000,52636.40000000,1725752999999,19420.93834000,83,50280.80000000,18552.34421000,0
1725753000000,0.36880000,0.36940000,0.36880000,0.36930000,44153.00000000,1725753299999,16298.85305000,79,39781.30000000,14684.59664000,0
1725753300000,0.36940000,0.36950000,0.36940000,0.36950000,14774.40000000,1725753599999,5457.90673000,39,8294.10000000,3064.08391000,0
1725753600000,0.36950000,0.36950000,0.36890000,0.36890000,43878.60000000,1725753899999,16200.50928000,113,2095.70000000,773.80124000,0
1725753900000,0.36890000,0.36890000,0.36850000,0.36860000,21552.40000000,1725754199999,7947.47374000,67,8512.50000000,3138.57069000,0
1725754200000,0.36870000,0.36890000,0.36860000,0.36870000,33076.00000000,1725754499999,12196.47907000,96,23479.90000000,8658.32433000,0
1725754500000,0.36870000,0.36950000,0.36870000,0.36950000,87279.10000000,1725754799999,32214.89514000,172,79528.10000000,29352.87426000,0
1725754800000,0.36940000,0.36940000,0.36920000,0.36930000,14235.90000000,1725755099999,5257.63229000,49,5157.10000000,1904.51703000,0
1725755100000,0.36930000,0.36950000,0.36920000,0.36920000,17052.10000000,1725755399999,6298.01425000,54,6121.10000000,2261.00201000,0
1725755400000,0.36930000,0.36930000,0.36910000,0.36910000,20069.80000000,1725755699999,7408.70410000,53,3489.60000000,1288.37702000,0
1725755700000,0.36930000,0.36930000,0.36910000,0.36920000,13958.90000000,1725755999999,5153.46597000,53,4425.80000000,1634.22371000,0
1725756000000,0.36920000,0.36930000,0.36870000,0.36870000,21885.60000000,1725756299999,8075.45179000,43,146.10000000,53.94932000,0
1725756300000,0.36860000,0.36890000,0.36860000,0.36890000,54734.40000000,1725756599999,20183.42196000,66,29975.70000000,11055.32164000,0
1725756600000,0.36890000,0.36980000,0.36880000,0.36960000,37170.70000000,1725756899999,13721.18287000,127,31732.60000000,11711.72516000,0
1725756900000,0.36960000,0.36980000,0.36910000,0.36920000,87963.90000000,1725757199999,32497.37427000,122,19757.50000000,7299.23565000,0
1725757200000,0.36910000,0.36990000,0.36870000,0.36990000,85003.40000000,1725757499999,31373.80446000,192,59347.30000000,21908.94265000,0
1725757500000,0.36980000,0.37010000,0.36950000,0.37000000,68852.00000000,1725757799999,25459.93529000,150,49028.70000000,18129.55809000,0
1725757800000,0.37000000,0.37010000,0.36980000,0.36980000,11973.70000000,1725758099999,4430.46842000,41,3299.70000000,1221.21206000,0
1725758100000,0.36970000,0.36990000,0.36940000,0.36980000,85948.20000000,1725758399999,31768.25998000,121,34609.00000000,12794.53882000,0
1725758400000,0.36990000,0.37030000,0.36990000,0.37020000,64580.80000000,1725758699999,23900.92889000,133,43936.30000000,16260.78922000,0
1725758700000,0.37020000,0.37020000,0.36960000,0.36960000,22885.50000000,1725758999999,8466.36895000,74,5833.60000000,2157.99503000,0
1725759000000,0.36970000,0.37000000,0.36960000,0.36980000,45761.40000000,1725759299999,16927.03270000,120,38463.70000000,14227.73056000,0
1725759300000,0.36980000,0.37000000,0.36980000,0.36980000,13948.70000000,1725759599999,5159.87630000,52,5940.50000000,2197.67609000,0
1725759600000,0.36990000,0.37000000,0.36980000,0.36990000,7821.10000000,1725759899999,2893.15188000,37,5557.90000000,2056.00912000,0
1725759900000,0.36980000,0.37000000,0.36980000,0.37000000,16914.20000000,1725760199999,6256.70149000,65,7496.90000000,2773.24998000,0
1725760200000,0.36990000,0.37000000,0.36980000,0.36990000,29486.80000000,1725760499999,10906.61769000,52,16013.30000000,5923.40281000,0
1725760500000,0.36980000,0.37000000,0.36970000,0.37000000,47853.70000000,1725760799999,17697.75971000,92,28729.50000000,10625.70963000,0
1725760800000,0.36990000,0.37050000,0.36980000,0.37020000,99684.50000000,1725761099999,36887.72636000,121,77756.20000000,28773.33502000,0
1725761100000,0.37020000,0.37040000,0.37020000,0.37020000,18765.20000000,1725761399999,6948.99979000,59,14585.80000000,5401.49396000,0
1725761400000,0.37020000,0.37070000,0.37010000,0.37050000,24180.10000000,1725761699999,8955.84063000,95,18447.90000000,6833.09555000,0
1725761700000,0.37050000,0.37070000,0.37020000,0.37030000,19511.20000000,1725761999999,7228.07740000,42,4657.60000000,1725.25576000,0
1725762000000,0.37020000,0.37090000,0.37020000,0.37090000,73038.00000000,1725762299999,27068.96898000,146,52409.50000000,19422.78451000,0
1725762300000,0.37090000,0.37130000,0.37080000,0.37110000,16235.60000000,1725762599999,6023.49193000,66,10955.70000000,4064.52008000,0
1725762600000,0.37120000,0.37120000,0.37060000,0.37070000,30536.40000000,1725762899999,11323.89598000,68,12801.30000000,4745.77952000,0
1725762900000,0.37070000,0.37120000,0.37030000,0.37090000,64456.50000000,1725763199999,23892.49678000,217,30611.50000000,11347.84269000,0
1725763200000,0.37100000,0.37110000,0.37060000,0.37060000,14315.20000000,1725763499999,5310.00704000,42,5990.00000000,2222.20984000,0
1725763500000,0.37050000,0.37080000,0.37050000,0.37070000,18319.80000000,1725763799999,6790.88350000,49,12821.70000000,4752.85065000,0
1725763800000,0.37080000,0.37090000,0.37070000,0.37080000,10829.50000000,1725764099999,4015.37443000,39,7504.70000000,2782.74610000,0
1725764100000,0.37080000,0.37100000,0.37080000,0.37080000,17620.10000000,1725764399999,6535.92037000,39,10735.90000000,3982.63757000,0
1725764400000,0.37080000,0.37120000,0.37080000,0.37120000,52944.30000000,1725764699999,19643.05079000,106,40710.90000000,15105.65794000,0
1725764700000,0.37120000,0.37130000,0.37110000,0.37130000,17699.10000000,1725764999999,6570.16396000,65,14763.40000000,5480.67232000,0
1725765000000,0.37130000,0.37150000,0.37120000,0.37150000,28278.10000000,1725765299999,10498.86893000,63,17148.60000000,6367.57733000,0
1725765300000,0.37150000,0.37160000,0.37120000,0.37130000,54295.90000000,1725765599999,20171.50326000,79,13390.20000000,4973.90304000,0
1725765600000,0.37130000,0.37150000,0.37130000,0.37130000,24295.80000000,1725765899999,9022.60848000,45,20468.80000000,7601.33513000,0
1725765900000,0.37140000,0.37140000,0.37130000,0.37140000,7598.50000000,1725766199999,2821.53478000,27,2117.30000000,786.36522000,0
1725766200000,0.37130000,0.37130000,0.37100000,0.37100000,50541.30000000,1725766499999,18761.07078000,190,9495.90000000,3525.07859000,0
1725766500000,0.37100000,0.37100000,0.37090000,0.37090000,8341.90000000,1725766799999,3094.57734000,20,5666.30000000,2102.19730000,0
1725766800000,0.37090000,0.37110000,0.37090000,0.37090000,11482.20000000,1725767099999,4259.83597000,47,4217.70000000,1564.78289000,0
1725767100000,0.37100000,0.37100000,0.37060000,0.37090000,26571.00000000,1725767399999,9851.89688000,65,15337.60000000,5686.84027000,0
1725767400000,0.37090000,0.37130000,0.37090000,0.37110000,22876.50000000,1725767699999,8489.24758000,122,15211.00000000,5644.76526000,0
1725767700000,0.37110000,0.37160000,0.37100000,0.37160000,23995.20000000,1725767999999,8908.62201000,64,19450.30000000,7221.55372000,0
1725768000000,0.37160000,0.37180000,0.37130000,0.37170000,29240.90000000,1725768299999,10864.93002000,59,16385.40000000,6088.67939000,0
1725768300000,0.37170000,0.37180000,0.37160000,0.37180000,25540.10000000,1725768599999,9493.62294000,47,15274.70000000,5678.16927000,0
1725768600000,0.37170000,0.37220000,0.37170000,0.37220000,29974.10000000,1725768899999,11150.88892000,86,24563.10000000,9137.86943000,0
1725768900000,0.37220000,0.37220000,0.37180000,0.37180000,30384.90000000,1725769199999,11301.70263000,62,11236.80000000,4179.35215000,0
1725769200000,0.37190000,0.37200000,0.37180000,0.37190000,21568.30000000,1725769499999,8022.81785000,30,20121.10000000,7484.60634000,0
1725769500000,0.37200000,0.37250000,0.37200000,0.37230000,59682.70000000,1725769799999,22220.67706000,139,37125.30000000,13822.67427000,0
1725769800000,0.37240000,0.37240000,0.37210000,0.37220000,146166.90000000,1725770099999,54417.08655000,92,19800.70000000,7371.99346000,0
1725770100000,0.37220000,0.37220000,0.37180000,0.37180000,15000.90000000,1725770399999,5580.36908000,41,1748.10000000,650.28066000,0
1725770400000,0.37190000,0.37210000,0.37180000,0.37200000,72107.70000000,1725770699999,26824.63530000,77,18448.30000000,6862.43764000,0
1725770700000,0.37190000,0.37200000,0.37180000,0.37200000,22508.60000000,1725770999999,8370.17684000,48,8913.60000000,3315.15185000,0
1725771000000,0.37200000,0.37300000,0.37190000,0.37300000,98062.50000000,1725771299999,36535.41502000,252,66461.30000000,24758.82600000,0
1725771300000,0.37300000,0.37350000,0.37290000,0.37310000,57768.60000000,1725771599999,21562.15895000,137,42517.40000000,15868.88825000,0
1725771600000,0.37300000,0.37310000,0.37270000,0.37310000,29998.90000000,1725771899999,11185.78224000,73,15863.10000000,5914.58639000,0
1725771900000,0.37300000,0.37300000,0.37280000,0.37290000,23475.60000000,1725772199999,8754.39172000,72,11418.40000000,4258.26026000,0
1725772200000,0.37290000,0.37310000,0.37270000,0.37280000,35577.60000000,1725772499999,13267.92929000,113,14960.00000000,5578.96000000,0
1725772500000,0.37280000,0.37300000,0.37280000,0.37290000,18804.70000000,1725772799999,7012.45286000,70,5997.40000000,2236.83156000,0
1725772800000,0.37290000,0.37300000,0.37240000,0.37240000,56890.70000000,1725773099999,21195.78793000,101,12436.20000000,4634.03286000,0
1725773100000,0.37230000,0.37270000,0.37230000,0.37260000,70709.70000000,1725773399999,26341.22765000,86,40965.90000000,15261.77122000,0
1725773400000,0.37260000,0.37280000,0.37240000,0.37280000,37161.60000000,1725773699999,13848.00867000,103,25438.60000000,9479.08155000,0
1725773700000,0.37270000,0.37280000,0.37200000,0.37230000,44227.60000000,1725773999999,16464.39849000,84,5598.30000000,2083.88367000,0
1725774000000,0.37220000,0.37250000,0.37220000,0.37240000,5957.80000000,1725774299999,2217.82396000,52,1408.60000000,524.47789000,0
1725774300000,0.37240000,0.37250000,0.37190000,0.37190000,30827.90000000,1725774599999,11474.57970000,77,3447.70000000,1283.41869000,0
1725774600000,0.37200000,0.37200000,0.37160000,0.37180000,70277.80000000,1725774899999,26126.84881000,113,30026.90000000,11164.00559000,0
1725774900000,0.37170000,0.37180000,0.37130000,0.37140000,75669.60000000,1725775199999,28112.16230000,184,13507.60000000,5018.55065000,0
1725775200000,0.37140000,0.37210000,0.37130000,0.37200000,56101.80000000,1725775499999,20851.66118000,168,48066.80000000,17863.63716000,0
1725775500000,0.37200000,0.37300000,0.37200000,0.37220000,508131.50000000,1725775799999,189284.01402000,517,260962.40000000,97213.89800000,0
1725775800000,0.37220000,0.37250000,0.37170000,0.37230000,146686.40000000,1725776099999,54586.36533000,265,42800.80000000,15930.56563000,0
1725776100000,0.37220000,0.37230000,0.37200000,0.37210000,14790.60000000,1725776399999,5504.37102000,51,3854.70000000,1434.60197000,0
1725776400000,0.37220000,0.37230000,0.37190000,0.37220000,34622.70000000,1725776699999,12882.20890000,99,24595.00000000,9151.36059000,0
1725776700000,0.37230000,0.37240000,0.37210000,0.37230000,21091.90000000,1725776999999,7851.38675000,81,10774.60000000,4011.10819000,0
1725777000000,0.37230000,0.37230000,0.37210000,0.37210000,31845.30000000,1725777299999,11853.25478000,54,17901.30000000,6663.49693000,0
1725777300000,0.37220000,0.37220000,0.37190000,0.37210000,47593.50000000,1725777599999,17706.60380000,110,20207.70000000,7518.89846000,0
1725777600000,0.37210000,0.37220000,0.37180000,0.37190000,82121.30000000,1725777899999,30550.23907000,159,42376.30000000,15766.97314000,0
1725777900000,0.37200000,0.37240000,0.37190000,0.37230000,107812.30000000,1725778199999,40125.44270000,133,80183.10000000,29840.80113000,0
1725778200000,0.37240000,0.37270000,0.37230000,0.37250000,103926.90000000,1725778499999,38719.37315000,150,77367.90000000,28825.17789000,0
1725778500000,0.37250000,0.37260000,0.37230000,0.37240000,49979.60000000,1725778799999,18618.17609000,114,13472.50000000,5018.59477000,0
1725778800000,0.37240000,0.37260000,0.37240000,0.37260000,9071.60000000,1725779099999,3379.72785000,41,7221.20000000,2690.51304000,0
1725779100000,0.37250000,0.37300000,0.37240000,0.37290000,82946.10000000,1725779399999,30915.76083000,254,64841.70000000,24168.35734000,0
1725779400000,0.37290000,0.37310000,0.37280000,0.37290000,244291.90000000,1725779699999,91118.81678000,119,220002.20000000,82060.62384000,0
1725779700000,0.37290000,0.37300000,0.37270000,0.37280000,48699.40000000,1725779999999,18159.31242000,101,30542.10000000,11389.49837000,0
1725780000000,0.37280000,0.37280000,0.37240000,0.37250000,45844.00000000,1725780299999,17088.74938000,98,16315.20000000,6081.72526000,0
1725780300000,0.37250000,0.37250000,0.37220000,0.37250000,94464.00000000,1725780599999,35166.79239000,100,14960.10000000,5570.79456000,0
1725780600000,0.37250000,0.37280000,0.37240000,0.37280000,164778.70000000,1725780899999,61395.44065000,255,133883.20000000,49880.52514000,0
1725780900000,0.37270000,0.37310000,0.37270000,0.37300000,28623.40000000,1725781199999,10673.94489000,62,23186.30000000,8646.95566000,0
1725781200000,0.37310000,0.37350000,0.37300000,0.37320000,57466.90000000,1725781499999,21453.26243000,123,17039.80000000,6361.40099000,0
1725781500000,0.37340000,0.37340000,0.37320000,0.37330000,38159.70000000,1725781799999,14246.21988000,67,16540.90000000,6175.58802000,0
1725781800000,0.37330000,0.37350000,0.37320000,0.37320000,99353.00000000,1725782099999,37095.26231000,157,41706.80000000,15573.21547000,0
1725782100000,0.37330000,0.37340000,0.37320000,0.37330000,12655.50000000,1725782399999,4724.54983000,57,8449.00000000,3154.37527000,0
1725782400000,0.37330000,0.37350000,0.37310000,0.37310000,132587.40000000,1725782699999,49498.12975000,217,59874.70000000,22354.40033000,0
1725782700000,0.37320000,0.37330000,0.37270000,0.37270000,44489.10000000,1725782999999,16595.98404000,97,9343.10000000,3486.65282000,0
1725783000000,0.37270000,0.37280000,0.37260000,0.37270000,24278.20000000,1725783299999,9047.28402000,57,7892.20000000,2941.42454000,0
1725783300000,0.37260000,0.37270000,0.37230000,0.37240000,128769.50000000,1725783599999,47965.37261000,184,93151.60000000,34699.22162000,0
1725783600000,0.37250000,0.37250000,0.37220000,0.37240000,49174.50000000,1725783899999,18308.31052000,79,10366.10000000,3860.07008000,0
1725783900000,0.37240000,0.37240000,0.37220000,0.37240000,9984.80000000,1725784199999,3717.68542000,57,5013.30000000,1866.83355000,0
1725784200000,0.37240000,0.37260000,0.37220000,0.37250000,59237.60000000,1725784499999,22056.78021000,98,36378.30000000,13546.68742000,0
1725784500000,0.37250000,0.37270000,0.37240000,0.37260000,46585.20000000,1725784799999,17358.55619000,128,31388.50000000,11696.66551000,0
1725784800000,0.37270000,0.37310000,0.37260000,0.37300000,45342.70000000,1725785099999,16909.83905000,104,33086.90000000,12338.91853000,0
1725785100000,0.37300000,0.37340000,0.37300000,0.37330000,10269.50000000,1725785399999,3831.37172000,29,9277.00000000,3460.99806000,0
1725785400000,0.37330000,0.37340000,0.37310000,0.37320000,36935.30000000,1725785699999,13784.24819000,108,12768.60000000,4765.32305000,0
1725785700000,0.37320000,0.37330000,0.37310000,0.37320000,26662.80000000,1725785999999,9949.23413000,60,10031.50000000,3743.75721000,0
1725786000000,0.37320000,0.37350000,0.37310000,0.37350000,26133.70000000,1725786299999,9755.23790000,58,17464.30000000,6519.78691000,0
1725786300000,0.37340000,0.37400000,0.37330000,0.37380000,141675.70000000,1725786599999,52939.02715000,209,75114.20000000,28069.53758000,0
1725786600000,0.37370000,0.37530000,0.37370000,0.37500000,303209.80000000,1725786899999,113621.58209000,480,187519.20000000,70268.48436000,0
1725786900000,0.37490000,0.37550000,0.37390000,0.37400000,165092.20000000,1725787199999,61891.54344000,241,34740.80000000,13032.76013000,0
1725787200000,0.37400000,0.37510000,0.37400000,0.37460000,296507.30000000,1725787499999,111115.72055000,339,90784.10000000,34013.27199000,0
1725787500000,0.37470000,0.37490000,0.37460000,0.37480000,25166.90000000,1725787799999,9431.49795000,78,10181.80000000,3815.66949000,0
1725787800000,0.37480000,0.37490000,0.37450000,0.37480000,44901.60000000,1725788099999,16826.83777000,98,11797.80000000,4421.32010000,0
1725788100000,0.37480000,0.37480000,0.37450000,0.37470000,40894.00000000,1725788399999,15320.64403000,105,7883.90000000,2953.79183000,0
1725788400000,0.37470000,0.37490000,0.37460000,0.37480000,45163.40000000,1725788699999,16927.49854000,132,21908.60000000,8212.05726000,0
1725788700000,0.37480000,0.37500000,0.37450000,0.37450000,259379.30000000,1725788999999,97174.63980000,156,14930.70000000,5596.92069000,0
1725789000000,0.37440000,0.37450000,0.37420000,0.37440000,53533.20000000,1725789299999,20039.86117000,97,14429.40000000,5401.57646000,0
1725789300000,0.37440000,0.37440000,0.37420000,0.37430000,17053.00000000,1725789599999,6383.18937000,72,7462.90000000,2793.60644000,0
1725789600000,0.37430000,0.37470000,0.37430000,0.37470000,50410.90000000,1725789899999,18879.65419000,164,16336.20000000,6118.13758000,0
1725789900000,0.37460000,0.37520000,0.37460000,0.37510000,33590.80000000,1725790199999,12593.08448000,73,19310.30000000,7239.66467000,0
1725790200000,0.37520000,0.37570000,0.37500000,0.37560000,81702.40000000,1725790499999,30670.70004000,178,53684.50000000,20150.74378000,0
1725790500000,0.37560000,0.37560000,0.37510000,0.37510000,20714.00000000,1725790799999,7774.87131000,53,2611.40000000,980.72452000,0
1725790800000,0.37520000,0.37550000,0.37510000,0.37530000,45900.50000000,1725791099999,17227.03152000,138,23236.30000000,8721.35920000,0
1725791100000,0.37530000,0.37550000,0.37530000,0.37550000,6904.60000000,1725791399999,2591.82030000,31,5031.40000000,1888.79877000,0
1725791400000,0.37550000,0.37550000,0.37510000,0.37510000,31035.50000000,1725791699999,11647.20697000,64,5952.30000000,2234.01895000,0
1725791700000,0.37510000,0.37510000,0.37470000,0.37480000,23011.10000000,1725791999999,8627.36481000,58,6070.10000000,2276.26534000,0
1725792000000,0.37480000,0.37480000,0.37450000,0.37460000,28588.30000000,1725792299999,10710.57697000,72,24191.20000000,9063.28846000,0
1725792300000,0.37450000,0.37460000,0.37430000,0.37450000,28642.90000000,1725792599999,10727.73311000,90,13743.10000000,5147.60270000,0
1725792600000,0.37450000,0.37520000,0.37450000,0.37520000,52686.30000000,1725792899999,19749.70193000,97,51771.00000000,19406.57860000,0
1725792900000,0.37510000,0.37540000,0.37500000,0.37530000,47414.20000000,1725793199999,17792.31426000,73,44660.00000000,16759.17581000,0
1725793200000,0.37530000,0.37550000,0.37520000,0.37530000,21218.30000000,1725793499999,7966.13473000,105,6597.20000000,2476.77439000,0
1725793500000,0.37540000,0.37540000,0.37520000,0.37520000,13515.10000000,1725793799999,5072.14629000,43,1330.70000000,499.49458000,0
1725793800000,0.37520000,0.37540000,0.37510000,0.37530000,29497.00000000,1725794099999,11068.59790000,73,9887.50000000,3710.57601000,0
1725794100000,0.37530000,0.37530000,0.37510000,0.37510000,37905.10000000,1725794399999,14221.60611000,85,19998.10000000,7503.57923000,0
1725794400000,0.37510000,0.37530000,0.37430000,0.37450000,77588.20000000,1725794699999,29077.94499000,160,10152.70000000,3802.64249000,0
1725794700000,0.37450000,0.37500000,0.37440000,0.37490000,30653.70000000,1725794999999,11483.97365000,78,25425.60000000,9524.61195000,0
1725795000000,0.37480000,0.37530000,0.37480000,0.37530000,27252.50000000,1725795299999,10222.17730000,95,21883.30000000,8208.27865000,0
1725795300000,0.37520000,0.37540000,0.37450000,0.37450000,74953.50000000,1725795599999,28113.14977000,99,8135.40000000,3052.48963000,0
1725795600000,0.37450000,0.37460000,0.37420000,0.37460000,30067.50000000,1725795899999,11257.41580000,117,21077.70000000,7891.45695000,0
1725795900000,0.37470000,0.37480000,0.37450000,0.37470000,12991.60000000,1725796199999,4867.22332000,51,6003.70000000,2249.42444000,0
1725796200000,0.37460000,0.37460000,0.37410000,0.37430000,35682.10000000,1725796499999,13358.86609000,87,8337.40000000,3121.84234000,0
1725796500000,0.37420000,0.37420000,0.37400000,0.37420000,39181.00000000,1725796799999,14657.45958000,93,18144.50000000,6788.33071000,0
1725796800000,0.37410000,0.37470000,0.37410000,0.37430000,89335.00000000,1725797099999,33445.83521000,205,59785.90000000,22382.54357000,0
1725797100000,0.37420000,0.37460000,0.37390000,0.37400000,109243.20000000,1725797399999,40876.69346000,209,27736.90000000,10382.01671000,0
1725797400000,0.37390000,0.37410000,0.37360000,0.37410000,123421.50000000,1725797699999,46149.02873000,240,64238.10000000,24020.90433000,0
1725797700000,0.37400000,0.37400000,0.37320000,0.37340000,472647.00000000,1725797999999,176553.02746000,700,197540.80000000,73794.45637000,0
1725798000000,0.37350000,0.37350000,0.37240000,0.37260000,166512.40000000,1725798299999,62109.39600000,326,72049.60000000,26873.22472000,0
1725798300000,0.37250000,0.37250000,0.37140000,0.37170000,236662.90000000,1725798599999,88008.47247000,513,131577.60000000,48925.64621000,0
1725798600000,0.37170000,0.37170000,0.37110000,0.37130000,102808.30000000,1725798899999,38175.34015000,175,37509.10000000,13930.52642000,0
1725798900000,0.37130000,0.37210000,0.37120000,0.37190000,143287.00000000,1725799199999,53244.27320000,228,110109.90000000,40918.43121000,0
1725799200000,0.37190000,0.37220000,0.37170000,0.37210000,91788.60000000,1725799499999,34147.18179000,156,57455.40000000,21374.78660000,0
1725799500000,0.37210000,0.37220000,0.37050000,0.37070000,281544.60000000,1725799799999,104645.14852000,318,30479.60000000,11308.49404000,0
1725799800000,0.37080000,0.37090000,0.37020000,0.37050000,285056.50000000,1725800099999,105601.30206000,1349,131698.20000000,48792.87647000,0
1725800100000,0.37050000,0.37550000,0.37040000,0.37090000,511405.10000000,1725800399999,190461.71856000,641,388783.00000000,144916.03771000,0
1725800400000,0.37100000,0.37110000,0.37060000,0.37080000,235201.50000000,1725800699999,87224.05321000,1321,96897.00000000,35937.58318000,0
1725800700000,0.37080000,0.37080000,0.37000000,0.37000000,227921.60000000,1725800999999,84390.62375000,606,59381.70000000,21995.31100000,0
1725801000000,0.37000000,0.37000000,0.36950000,0.36990000,224557.80000000,1725801299999,83035.20538000,659,100976.40000000,37336.03866000,0
1725801300000,0.36990000,0.37100000,0.36990000,0.37100000,290255.50000000,1725801599999,107461.21173000,369,165118.90000000,61137.05463000,0
1725801600000,0.37100000,0.37120000,0.37080000,0.37090000,220451.10000000,1725801899999,81772.24316000,336,94847.00000000,35182.40846000,0
1725801900000,0.37100000,0.37100000,0.37090000,0.37090000,18005.20000000,1725802199999,6678.49143000,55,11945.00000000,4430.76325000,0
1725802200000,0.37100000,0.37110000,0.37040000,0.37060000,177860.00000000,1725802499999,65927.14154000,455,93839.90000000,34786.93840000,0
1725802500000,0.37070000,0.37080000,0.37050000,0.37080000,43028.50000000,1725802799999,15949.52315000,84,26939.20000000,9985.72516000,0
1725802800000,0.37080000,0.37080000,0.37060000,0.37070000,31220.80000000,1725803099999,11573.37946000,96,14358.40000000,5322.75808000,0
1725803100000,0.37080000,0.37150000,0.37070000,0.37120000,439289.40000000,1725803399999,162986.47519000,648,264431.00000000,98109.68549000,0
1725803400000,0.37130000,0.37270000,0.37130000,0.37180000,491647.60000000,1725803699999,183024.45465000,1442,214567.90000000,79868.77995000,0
1725803700000,0.37170000,0.37210000,0.37140000,0.37200000,111633.70000000,1725803999999,41492.96239000,194,84416.90000000,31377.68625000,0
1725804000000,0.37200000,0.37230000,0.37190000,0.37210000,95005.60000000,1725804299999,35352.64146000,317,38927.00000000,14484.98682000,0
1725804300000,0.37210000,0.37210000,0.37150000,0.37150000,187769.80000000,1725804599999,69815.08636000,536,62419.30000000,23210.05707000,0
1725804600000,0.37150000,0.37160000,0.37010000,0.37020000,409717.40000000,1725804899999,151897.72397000,835,203331.80000000,75366.03470000,0
1725804900000,0.37020000,0.37050000,0.36980000,0.36990000,142213.20000000,1725805199999,52649.52541000,232,74639.70000000,27635.32064000,0
1725805200000,0.36990000,0.37000000,0.36950000,0.36980000,60089.20000000,1725805499999,22219.02370000,135,31954.00000000,11818.41757000,0
1725805500000,0.36990000,0.37000000,0.36970000,0.36990000,55859.60000000,1725805799999,20662.14026000,99,38708.30000000,14318.13714000,0
1725805800000,0.37000000,0.37020000,0.36990000,0.37020000,80307.20000000,1725806099999,29712.34979000,162,54286.20000000,20085.91952000,0
1725806100000,0.37010000,0.37050000,0.37000000,0.37040000,24177.70000000,1725806399999,8951.17092000,97,11630.40000000,4306.20663000,0
1725806400000,0.37050000,0.37070000,0.37030000,0.37060000,62458.00000000,1725806699999,23144.07702000,123,35044.20000000,12987.40216000,0
1725806700000,0.37050000,0.37110000,0.37040000,0.37070000,160634.10000000,1725806999999,59556.34558000,471,81352.70000000,30163.09534000,0
1725807000000,0.37070000,0.37080000,0.37030000,0.37050000,128335.30000000,1725807299999,47559.21403000,572,66840.50000000,24774.82034000,0
1725807300000,0.37060000,0.37060000,0.36990000,0.36990000,125927.50000000,1725807599999,46632.00504000,162,42986.10000000,15921.80962000,0
1725807600000,0.37000000,0.37020000,0.36980000,0.37010000,44240.00000000,1725807899999,16371.48651000,73,25071.30000000,9278.22747000,0
1725807900000,0.37010000,0.37010000,0.36990000,0.37000000,38073.00000000,1725808199999,14086.51126000,57,14525.40000000,5375.15446000,0
1725808200000,0.37000000,0.37050000,0.36980000,0.36990000,98479.40000000,1725808499999,36453.17299000,217,45389.90000000,16800.01485000,0
1725808500000,0.36980000,0.36990000,0.36870000,0.36920000,245671.80000000,1725808799999,90714.24866000,463,121107.60000000,44718.57021000,0
1725808800000,0.36920000,0.36920000,0.36870000,0.36900000,98457.50000000,1725809099999,36316.48399000,169,53768.90000000,19834.21723000,0
1725809100000,0.36900000,0.36930000,0.36900000,0.36920000,51196.70000000,1725809399999,18896.28566000,79,37563.50000000,13864.26566000,0
1725809400000,0.36920000,0.36940000,0.36900000,0.36920000,96258.50000000,1725809699999,35535.34466000,189,71368.30000000,26348.70292000,0
1725809700000,0.36930000,0.36940000,0.36910000,0.36910000,120647.10000000,1725809999999,44550.31688000,122,68152.50000000,25168.21659000,0
1725810000000,0.36910000,0.36920000,0.36880000,0.36880000,173378.50000000,1725810299999,63971.90941000,330,71450.90000000,26364.62623000,0
1725810300000,0.36880000,0.36910000,0.36860000,0.36900000,131986.90000000,1725810599999,48680.49979000,601,103048.70000000,38008.26903000,0
1725810600000,0.36910000,0.36910000,0.36840000,0.36860000,229257.10000000,1725810899999,84549.55252000,769,86032.90000000,31730.76855000,0
1725810900000,0.36860000,0.36880000,0.36790000,0.36820000,306009.70000000,1725811199999,112725.08724000,648,115718.70000000,42636.81511000,0
1725811200000,0.36820000,0.36820000,0.36730000,0.36800000,268303.00000000,1725811499999,98656.95676000,395,125278.40000000,46059.40357000,0
1725811500000,0.36810000,0.36860000,0.36810000,0.36860000,125658.80000000,1725811799999,46286.35842000,184,72829.00000000,26825.43114000,0
1725811800000,0.36870000,0.36870000,0.36750000,0.36760000,129684.70000000,1725812099999,47745.44371000,502,51087.70000000,18810.07848000,0
1725812100000,0.36760000,0.36860000,0.36730000,0.36850000,320937.90000000,1725812399999,118057.11243000,428,185494.80000000,68236.35818000,0
1725812400000,0.36860000,0.36870000,0.36780000,0.36780000,152156.10000000,1725812699999,56027.55222000,578,58565.30000000,21563.82312000,0
1725812700000,0.36790000,0.36860000,0.36780000,0.36850000,99662.10000000,1725812999999,36699.92580000,219,66866.30000000,24620.75580000,0
1725813000000,0.36860000,0.36900000,0.36860000,0.36890000,60219.30000000,1725813299999,22209.84264000,97,48990.00000000,18068.77735000,0
1725813300000,0.36890000,0.36940000,0.36880000,0.36930000,234347.10000000,1725813599999,86492.49586000,168,186866.80000000,68961.16017000,0
1725813600000,0.36930000,0.36950000,0.36840000,0.36840000,171551.70000000,1725813899999,63268.23556000,219,89479.00000000,32990.75648000,0
1725813900000,0.36850000,0.36940000,0.36850000,0.36880000,153917.20000000,1725814199999,56801.66928000,201,76056.40000000,28061.75377000,0
1725814200000,0.36880000,0.36880000,0.36810000,0.36810000,233128.90000000,1725814499999,85889.15389000,438,105555.70000000,38889.73352000,0
1725814500000,0.36810000,0.37480000,0.36740000,0.36910000,647917.60000000,1725814799999,239555.59257000,1126,447472.10000000,165693.33948000,0
1725814800000,0.36910000,0.37120000,0.36910000,0.37060000,254925.80000000,1725815099999,94444.97195000,609,122415.40000000,45338.60138000,0
1725815100000,0.37060000,0.37100000,0.37050000,0.37090000,71216.60000000,1725815399999,26400.06043000,233,24382.10000000,9039.74747000,0
1725815400000,0.37090000,0.37150000,0.37080000,0.37130000,51200.70000000,1725815699999,19009.28046000,132,40193.40000000,14922.81426000,0
1725815700000,0.37140000,0.37250000,0.37130000,0.37200000,265670.00000000,1725815999999,98799.33562000,595,146809.10000000,54586.33123000,0
1725816000000,0.37190000,0.37200000,0.37120000,0.37120000,39086.30000000,1725816299999,14522.28200000,110,18484.30000000,6868.05665000,0
1725816300000,0.37120000,0.37140000,0.37110000,0.37110000,9128.80000000,1725816599999,3389.20316000,65,5153.70000000,1913.55008000,0
1725816600000,0.37120000,0.37230000,0.37090000,0.37210000,119509.20000000,1725816899999,44390.28978000,246,78600.10000000,29195.40710000,0
1725816900000,0.37210000,0.37240000,0.37210000,0.37240000,37728.80000000,1725817199999,14042.73364000,59,16999.40000000,6327.73952000,0
1725817200000,0.37240000,0.37280000,0.37230000,0.37270000,148260.10000000,1725817499999,55239.81853000,581,89146.00000000,33214.90647000,0
1725817500000,0.37270000,0.37310000,0.37270000,0.37290000,80204.70000000,1725817799999,29904.13936000,119,31120.30000000,11603.39474000,0
1725817800000,0.37300000,0.37320000,0.37290000,0.37310000,32319.70000000,1725818099999,12054.99530000,175,21455.20000000,8002.45792000,0
1725818100000,0.37310000,0.37560000,0.37310000,0.37460000,338480.30000000,1725818399999,126725.73787000,515,234587.00000000,87833.41391000,0
1725818400000,0.37460000,0.37470000,0.37420000,0.37450000,173209.20000000,1725818699999,64854.79758000,383,72396.70000000,27106.91304000,0
1725818700000,0.37460000,0.37460000,0.37410000,0.37440000,143845.10000000,1725818999999,53855.44908000,259,83818.10000000,31381.48019000,0
1725819000000,0.37440000,0.37450000,0.37430000,0.37430000,17780.40000000,1725819299999,6656.74885000,58,9352.70000000,3501.67026000,0
1725819300000,0.37430000,0.37450000,0.37380000,0.37380000,68768.20000000,1725819599999,25730.57486000,187,13053.00000000,4885.27279000,0
1725819600000,0.37370000,0.37370000,0.37340000,0.37350000,49920.90000000,1725819899999,18646.44671000,93,15314.10000000,5720.36817000,0
1725819900000,0.37340000,0.37360000,0.37320000,0.37340000,34502.00000000,1725820199999,12880.68805000,55,23721.70000000,8855.75586000,0
1725820200000,0.37340000,0.37350000,0.37320000,0.37320000,39901.20000000,1725820499999,14896.04224000,73,18692.60000000,6978.89788000,0
1725820500000,0.37320000,0.37330000,0.37290000,0.37300000,46513.60000000,1725820799999,17352.11211000,78,10879.80000000,4058.80211000,0
1725820800000,0.37300000,0.37370000,0.37300000,0.37340000,65206.90000000,1725821099999,24348.62748000,207,44978.60000000,16793.75139000,0
1725821100000,0.37340000,0.37340000,0.37330000,0.37340000,4320.10000000,1725821399999,1612.98074000,26,2874.10000000,1073.18894000,0
1725821400000,0.37330000,0.37350000,0.37330000,0.37340000,20702.20000000,1725821699999,7729.99024000,54,10705.50000000,3997.43652000,0
1725821700000,0.37340000,0.37350000,0.37320000,0.37320000,34938.00000000,1725821999999,13043.27375000,234,15673.70000000,5851.47360000,0
1725822000000,0.37330000,0.37370000,0.37330000,0.37370000,67061.40000000,1725822299999,25045.69068000,261,41723.20000000,15582.22920000,0
1725822300000,0.37380000,0.37470000,0.37380000,0.37460000,253743.90000000,1725822599999,94993.83221000,312,209308.90000000,78361.69174000,0
1725822600000,0.37460000,0.37460000,0.37420000,0.37430000,61716.30000000,1725822899999,23106.21717000,188,20684.30000000,7743.50141000,0
1725822900000,0.37430000,0.37440000,0.37400000,0.37400000,28783.00000000,1725823199999,10769.28629000,86,10705.00000000,4005.48720000,0
1725823200000,0.37410000,0.37410000,0.37320000,0.37320000,87100.00000000,1725823499999,32550.68002000,160,43799.40000000,16368.59333000,0
1725823500000,0.37320000,0.37350000,0.37320000,0.37330000,17291.70000000,1725823799999,6455.07224000,44,9014.70000000,3365.25722000,0
1725823800000,0.37320000,0.37330000,0.37310000,0.37330000,27841.50000000,1725824099999,10390.57668000,189,11169.00000000,4168.49600000,0
1725824100000,0.37320000,0.37330000,0.37300000,0.37310000,5664.10000000,1725824399999,2114.24341000,23,4641.70000000,1732.68796000,0
1725824400000,0.37310000,0.37310000,0.37300000,0.37310000,15755.50000000,1725824699999,5878.07483000,72,12733.30000000,4750.79423000,0
1725824700000,0.37320000,0.37460000,0.37310000,0.37440000,339998.00000000,1725824999999,127069.34103000,780,240812.60000000,89989.23353000,0
1725825000000,0.37440000,0.37450000,0.37390000,0.37410000,57154.40000000,1725825299999,21386.42157000,159,24552.90000000,9186.26268000,0
1725825300000,0.37410000,0.37410000,0.37390000,0.37390000,5198.10000000,1725825599999,1943.77154000,30,672.50000000,251.51976000,0
1725825600000,0.37400000,0.37400000,0.37360000,0.37370000,36396.70000000,1725825899999,13605.94050000,83,15759.30000000,5891.26374000,0
1725825900000,0.37370000,0.37370000,0.37330000,0.37330000,61165.80000000,1725826199999,22850.51165000,240,18496.20000000,6910.90174000,0
1725826200000,0.37340000,0.37360000,0.37320000,0.37350000,45399.40000000,1725826499999,16956.19443000,83,37907.10000000,14158.45848000,0
1725826500000,0.37350000,0.37360000,0.37340000,0.37350000,23603.50000000,1725826799999,8816.21294000,69,12689.90000000,4740.05192000,0
1725826800000,0.37350000,0.37370000,0.37340000,0.37350000,39031.60000000,1725827099999,14578.30100000,188,16608.60000000,6203.93320000,0
1725827100000,0.37350000,0.37350000,0.37340000,0.37340000,18847.70000000,1725827399999,7038.33833000,58,10129.90000000,3783.11181000,0
1725827400000,0.37350000,0.37370000,0.37330000,0.37340000,66363.10000000,1725827699999,24785.10957000,226,35730.00000000,13343.34873000,0
1725827700000,0.37340000,0.37350000,0.37340000,0.37340000,5559.40000000,1725827999999,2075.90067000,16,207.10000000,77.35185000,0
1725828000000,0.37340000,0.37370000,0.37330000,0.37370000,47015.00000000,1725828299999,17562.55275000,123,20578.10000000,7686.00831000,0
1725828300000,0.37370000,0.37400000,0.37370000,0.37390000,25099.20000000,1725828599999,9384.19897000,63,5765.70000000,2155.92438000,0
1725828600000,0.37380000,0.37450000,0.37380000,0.37430000,59091.00000000,1725828899999,22113.35893000,146,32748.10000000,12254.78671000,0
1725828900000,0.37430000,0.37440000,0.37420000,0.37430000,12549.90000000,1725829199999,4697.55476000,34,2132.40000000,798.29042000,0
1725829200000,0.37430000,0.37450000,0.37430000,0.37440000,28763.80000000,1725829499999,10770.64483000,46,15198.90000000,5691.34173000,0
1725829500000,0.37440000,0.37540000,0.37430000,0.37530000,135531.90000000,1725829799999,50807.80188000,277,98686.20000000,37001.28123000,0
1725829800000,0.37540000,0.37580000,0.37510000,0.37570000,112590.70000000,1725830099999,42269.57582000,282,72829.90000000,27344.29004000,0
1725830100000,0.37580000,0.37640000,0.37580000,0.37600000,121652.00000000,1725830399999,45746.25939000,331,66075.20000000,24847.01342000,0
1725830400000,0.37590000,0.37620000,0.37550000,0.37560000,145348.40000000,1725830699999,54631.81452000,367,58634.70000000,22040.00517000,0
1725830700000,0.37560000,0.37560000,0.37500000,0.37520000,103007.20000000,1725830999999,38652.55049000,268,62723.20000000,23536.34338000,0
1725831000000,0.37520000,0.37550000,0.37500000,0.37530000,53916.70000000,1725831299999,20231.34618000,125,29572.50000000,11097.24723000,0
1725831300000,0.37540000,0.37610000,0.37540000,0.37580000,66190.60000000,1725831599999,24865.29843000,155,36903.80000000,13863.42598000,0
1725831600000,0.37590000,0.37600000,0.37540000,0.37560000,38130.40000000,1725831899999,14323.54034000,141,18102.30000000,6800.69885000,0
1725831900000,0.37560000,0.37560000,0.37530000,0.37540000,6517.20000000,1725832199999,2446.86199000,50,1973.90000000,741.23636000,0
1725832200000,0.37550000,0.37560000,0.37510000,0.37510000,14727.70000000,1725832499999,5526.73949000,65,6513.60000000,2444.59037000,0
1725832500000,0.37520000,0.37520000,0.37490000,0.37490000,39365.70000000,1725832799999,14763.08651000,66,5256.80000000,1971.39312000,0
1725832800000,0.37500000,0.37520000,0.37470000,0.37490000,73745.70000000,1725833099999,27651.01465000,302,41078.60000000,15402.14847000,0
1725833100000,0.37480000,0.37500000,0.37390000,0.37420000,131080.60000000,1725833399999,49093.68879000,621,57400.30000000,21499.06607000,0
1725833400000,0.37420000,0.37460000,0.37410000,0.37450000,32898.70000000,1725833699999,12316.39498000,166,18887.20000000,7070.39620000,0
1725833700000,0.37450000,0.37640000,0.37440000,0.37610000,228057.00000000,1725833999999,85621.62198000,892,124806.70000000,46851.30002000,0
1725834000000,0.37610000,0.37790000,0.37590000,0.37780000,692163.60000000,1725834299999,260908.05434000,1417,502941.20000000,189594.32251000,0
1725834300000,0.37780000,0.37960000,0.37760000,0.37950000,306605.90000000,1725834599999,116144.34280000,1124,164850.10000000,62436.76608000,0
1725834600000,0.37950000,0.37990000,0.37680000,0.37730000,841643.50000000,1725834899999,318674.44205000,3061,361808.40000000,136948.33399000,0
1725834900000,0.37730000,0.37730000,0.37640000,0.37650000,108834.80000000,1725835199999,41015.64655000,487,35831.90000000,13502.23408000,0
1725835200000,0.37640000,0.37660000,0.37620000,0.37640000,105835.30000000,1725835499999,39827.92340000,482,32648.00000000,12286.40324000,0
1725835500000,0.37640000,0.37650000,0.37560000,0.37580000,59345.10000000,1725835799999,22310.37573000,205,22191.30000000,8343.34002000,0
1725835800000,0.37580000,0.37600000,0.37550000,0.37570000,47001.30000000,1725836099999,17663.95987000,139,20435.10000000,7681.80706000,0
1725836100000,0.37570000,0.37570000,0.37510000,0.37530000,141256.10000000,1725836399999,53029.98098000,471,63695.50000000,23912.21237000,0
1725836400000,0.37520000,0.37580000,0.37480000,0.37570000,110773.30000000,1725836699999,41577.68167000,365,71028.30000000,26663.23636000,0
1725836700000,0.37570000,0.37630000,0.37560000,0.37600000,118092.90000000,1725836999999,44391.74037000,448,84044.50000000,31593.21390000,0
1725837000000,0.37620000,0.37650000,0.37590000,0.37630000,40079.70000000,1725837299999,15079.80889000,147,14855.00000000,5589.42842000,0
1725837300000,0.37630000,0.37640000,0.37500000,0.37520000,401372.20000000,1725837599999,150690.55738000,904,79814.60000000,29983.13186000,0
1725837600000,0.37520000,0.37660000,0.37510000,0.37660000,138837.10000000,1725837899999,52167.41931000,327,72984.60000000,27434.39023000,0
1725837900000,0.37640000,0.37680000,0.37590000,0.37600000,349350.20000000,1725838199999,131485.15880000,1038,69177.80000000,26035.19073000,0
1725838200000,0.37610000,0.37620000,0.37550000,0.37570000,228213.60000000,1725838499999,85767.75666000,854,81550.20000000,30647.36681000,0
1725838500000,0.37580000,0.37590000,0.37530000,0.37570000,49328.90000000,1725838799999,18524.86450000,286,25476.30000000,9567.12053000,0
1725838800000,0.37570000,0.37580000,0.37500000,0.37580000,389575.10000000,1725839099999,146198.70502000,794,238669.70000000,89566.31620000,0
1725839100000,0.37580000,0.37630000,0.37580000,0.37630000,15042.40000000,1725839399999,5655.50601000,112,7355.20000000,2765.17689000,0
1725839400000,0.37630000,0.37640000,0.37550000,0.37580000,464515.80000000,1725839699999,174707.96416000,486,316612.70000000,119099.54484000,0
1725839700000,0.37590000,0.37590000,0.37540000,0.37570000,31170.80000000,1725839999999,11708.43229000,116,9788.00000000,3676.73594000,0
1725840000000,0.37580000,0.37580000,0.37540000,0.37570000,20281.50000000,1725840299999,7618.61931000,100,6892.40000000,2589.46540000,0
1725840300000,0.37560000,0.37610000,0.37560000,0.37600000,82149.60000000,1725840599999,30883.30893000,235,59058.10000000,22203.28783000,0
1725840600000,0.37600000,0.37730000,0.37590000,0.37650000,179213.00000000,1725840899999,67528.51849000,508,76492.40000000,28830.29654000,0
1725840900000,0.37650000,0.37730000,0.37620000,0.37690000,111896.00000000,1725841199999,42156.35055000,316,67443.40000000,25409.73234000,0
1725841200000,0.37700000,0.37740000,0.37700000,0.37730000,102350.20000000,1725841499999,38606.62390000,223,70705.10000000,26670.09577000,0
1725841500000,0.37710000,0.37740000,0.37660000,0.37680000,71935.80000000,1725841799999,27115.09449000,195,32414.80000000,12218.54035000,0
1725841800000,0.37690000,0.37720000,0.37670000,0.37700000,72807.80000000,1725842099999,27438.72120000,211,31412.50000000,11838.96888000,0
1725842100000,0.37690000,0.37720000,0.37680000,0.37690000,37025.70000000,1725842399999,13961.54228000,169,25587.50000000,9649.16162000,0
1725842400000,0.37680000,0.37680000,0.37630000,0.37640000,43168.00000000,1725842699999,16252.80104000,160,20026.00000000,7539.39792000,0
1725842700000,0.37640000,0.37670000,0.37530000,0.37540000,303169.80000000,1725842999999,113932.05712000,427,35281.10000000,13265.56124000,0
1725843000000,0.37550000,0.37670000,0.37520000,0.37670000,110681.60000000,1725843299999,41586.77695000,303,62267.10000000,23397.71117000,0
1725843300000,0.37670000,0.37780000,0.37650000,0.37750000,151100.20000000,1725843599999,56967.46789000,445,107593.90000000,40565.09349000,0
1725843600000,0.37770000,0.37860000,0.37740000,0.37850000,203190.80000000,1725843899999,76851.95434000,644,120695.60000000,45656.00941000,0
1725843900000,0.37850000,0.37890000,0.37800000,0.37860000,371726.50000000,1725844199999,140687.64413000,396,276980.80000000,104836.84352000,0
1725844200000,0.37860000,0.37860000,0.37800000,0.37820000,160301.00000000,1725844499999,60631.87726000,344,41871.40000000,15836.74417000,0
1725844500000,0.37830000,0.37840000,0.37730000,0.37740000,363737.80000000,1725844799999,137495.06550000,944,152808.00000000,57765.79916000,0
1725844800000,0.37730000,0.37800000,0.37730000,0.37790000,17867.50000000,1725845099999,6747.81518000,121,7395.90000000,2794.08920000,0
1725845100000,0.37790000,0.37800000,0.37760000,0.37770000,37693.30000000,1725845399999,14240.69949000,119,14662.10000000,5538.83993000,0
1725845400000,0.37780000,0.37780000,0.37740000,0.37770000,78764.70000000,1725845699999,29744.27416000,185,21598.30000000,8158.51722000,0
1725845700000,0.37770000,0.37770000,0.37620000,0.37670000,460298.50000000,1725845999999,173565.82610000,743,147762.90000000,55662.29022000,0
1725846000000,0.37670000,0.37780000,0.37660000,0.37780000,376756.90000000,1725846299999,142093.75481000,621,211153.80000000,79638.45158000,0
1725846300000,0.37760000,0.37790000,0.37750000,0.37760000,21063.80000000,1725846599999,7955.23974000,114,9993.20000000,3773.93729000,0
1725846600000,0.37770000,0.37810000,0.37760000,0.37780000,73730.40000000,1725846899999,27859.60958000,264,42047.70000000,15889.07798000,0
1725846900000,0.37780000,0.37790000,0.37750000,0.37780000,35523.10000000,1725847199999,13418.47144000,135,16036.50000000,6057.57011000,0
1725847200000,0.37780000,0.37790000,0.37720000,0.37750000,281448.80000000,1725847499999,106257.44841000,756,136922.20000000,51693.39517000,0
1725847500000,0.37770000,0.37780000,0.37580000,0.37640000,327327.80000000,1725847799999,123288.72249000,1146,179307.40000000,67524.86185000,0
1725847800000,0.37630000,0.37700000,0.37620000,0.37690000,85167.30000000,1725848099999,32080.08050000,309,63260.60000000,23828.69545000,0
1725848100000,0.37680000,0.37690000,0.37580000,0.37590000,63442.40000000,1725848399999,23871.87912000,224,28202.70000000,10611.31121000,0
1725848400000,0.37600000,0.37620000,0.37590000,0.37600000,10888.20000000,1725848699999,4093.93349000,62,4326.10000000,1626.97322000,0
1725848700000,0.37600000,0.37610000,0.37570000,0.37590000,70298.60000000,1725848999999,26433.25083000,185,36853.30000000,13856.86963000,0
1725849000000,0.37600000,0.37600000,0.37540000,0.37550000,68780.60000000,1725849299999,25836.34338000,152,27428.30000000,10303.58614000,0
1725849300000,0.37550000,0.37560000,0.37510000,0.37550000,81749.00000000,1725849599999,30689.96117000,136,43259.40000000,16241.03554000,0
1725849600000,0.37560000,0.37660000,0.37550000,0.37620000,88595.10000000,1725849899999,33320.98142000,224,37590.90000000,14133.35389000,0
1725849900000,0.37620000,0.37650000,0.37620000,0.37640000,11257.40000000,1725850199999,4237.81337000,58,5239.60000000,1972.41401000,0
1725850200000,0.37640000,0.37680000,0.37630000,0.37660000,45676.80000000,1725850499999,17198.69387000,151,19970.90000000,7520.53035000,0
1725850500000,0.37660000,0.37690000,0.37650000,0.37650000,38285.80000000,1725850799999,14422.17010000,225,24486.70000000,9224.20869000,0
1725850800000,0.37660000,0.37670000,0.37580000,0.37590000,100296.20000000,1725851099999,37718.27289000,285,52342.50000000,19685.30793000,0
1725851100000,0.37590000,0.37600000,0.37560000,0.37570000,32151.20000000,1725851399999,12079.53097000,235,11724.80000000,4405.71740000,0
1725851400000,0.37570000,0.37590000,0.37530000,0.37540000,248770.30000000,1725851699999,93449.94479000,657,162819.90000000,61164.35573000,0
1725851700000,0.37540000,0.37560000,0.37440000,0.37440000,195513.40000000,1725851999999,73336.15174000,764,61483.20000000,23062.29920000,0
1725852000000,0.37440000,0.37450000,0.37340000,0.37370000,131025.90000000,1725852299999,48998.89629000,334,64427.30000000,24087.30545000,0
1725852300000,0.37380000,0.37470000,0.37380000,0.37450000,38244.00000000,1725852599999,14315.98170000,160,19221.40000000,7194.29558000,0
1725852600000,0.37450000,0.37510000,0.37420000,0.37480000,176286.80000000,1725852899999,66047.02939000,581,111670.10000000,41841.60470000,0
1725852900000,0.37490000,0.37530000,0.37470000,0.37510000,120348.40000000,1725853199999,45124.06180000,327,69265.30000000,25970.02224000,0
1725853200000,0.37500000,0.37690000,0.37500000,0.37680000,157577.70000000,1725853499999,59265.43133000,469,64471.50000000,24254.51954000,0
1725853500000,0.37680000,0.37700000,0.37610000,0.37640000,190697.60000000,1725853799999,71805.17065000,737,61080.80000000,22997.87245000,0
1725853800000,0.37630000,0.37640000,0.37560000,0.37560000,213035.80000000,1725854099999,80101.35913000,758,95924.50000000,36070.24985000,0
1725854100000,0.37560000,0.37570000,0.37540000,0.37550000,70641.50000000,1725854399999,26529.74030000,263,20942.20000000,7865.80595000,0
1725854400000,0.37550000,0.37600000,0.37550000,0.37580000,47189.60000000,1725854699999,17736.07819000,187,30211.50000000,11355.89688000,0
1725854700000,0.37570000,0.37590000,0.37540000,0.37570000,55935.50000000,1725854999999,21010.72560000,235,27626.90000000,10378.90846000,0
1725855000000,0.37550000,0.37580000,0.37540000,0.37550000,34679.20000000,1725855299999,13027.76012000,156,16837.40000000,6326.72597000,0
1725855300000,0.37550000,0.37560000,0.37480000,0.37480000,73929.30000000,1725855599999,27724.60631000,339,21461.70000000,8051.14430000,0
1725855600000,0.37490000,0.37520000,0.37460000,0.37480000,28744.20000000,1725855899999,10776.77356000,112,6390.80000000,2396.45716000,0
1725855900000,0.37480000,0.37480000,0.37420000,0.37430000,14933.60000000,1725856199999,5592.13885000,113,7091.50000000,2655.60821000,0
1725856200000,0.37440000,0.37550000,0.37430000,0.37480000,198544.80000000,1725856499999,74408.74646000,588,137794.70000000,51638.92615000,0
1725856500000,0.37470000,0.37500000,0.37450000,0.37480000,66054.50000000,1725856799999,24753.21978000,201,49611.90000000,18592.08435000,0
1725856800000,0.37480000,0.37490000,0.37460000,0.37480000,37890.40000000,1725857099999,14197.63388000,116,11294.50000000,4232.48873000,0
1725857100000,0.37480000,0.37510000,0.37460000,0.37500000,51742.60000000,1725857399999,19395.59699000,174,28909.20000000,10837.39961000,0
1725857400000,0.37490000,0.37560000,0.37490000,0.37540000,147043.10000000,1725857699999,55190.84363000,320,67502.90000000,25330.86868000,0
1725857700000,0.37540000,0.37590000,0.37510000,0.37540000,115226.80000000,1725857999999,43260.41766000,350,25373.10000000,9524.94194000,0
1725858000000,0.37530000,0.37540000,0.37420000,0.37510000,170470.50000000,1725858299999,63926.99707000,378,81488.60000000,30567.50827000,0
1725858300000,0.37500000,0.37510000,0.37400000,0.37410000,156920.50000000,1725858599999,58769.98361000,666,50639.30000000,18967.78685000,0
1725858600000,0.37410000,0.37450000,0.37400000,0.37400000,153722.40000000,1725858899999,57540.96721000,409,101375.40000000,37950.15853000,0
1725858900000,0.37420000,0.37450000,0.37410000,0.37410000,110901.20000000,1725859199999,41512.86923000,267,62135.40000000,23260.30716000,0
1725859200000,0.37420000,0.37450000,0.37420000,0.37440000,19924.40000000,1725859499999,7457.22714000,91,11226.80000000,4202.52439000,0
1725859500000,0.37430000,0.37430000,0.37340000,0.37400000,268523.60000000,1725859799999,100395.31145000,678,167765.20000000,62723.38647000,0
1725859800000,0.37400000,0.37430000,0.37140000,0.37340000,359234.20000000,1725860099999,134039.52664000,803,133235.40000000,49729.91519000,0
1725860100000,0.37350000,0.37390000,0.37330000,0.37380000,332948.50000000,1725860399999,124375.25563000,671,209826.80000000,78384.65428000,0
1725860400000,0.37380000,0.37410000,0.37300000,0.37340000,253234.70000000,1725860699999,94638.85896000,811,101678.60000000,38002.33952000,0
1725860700000,0.37340000,0.37340000,0.37260000,0.37280000,97221.60000000,1725860999999,36252.27066000,481,37873.00000000,14122.16960000,0
1725861000000,0.37260000,0.37290000,0.37260000,0.37270000,46641.60000000,1725861299999,17385.03845000,136,27324.00000000,10185.47852000,0
1725861300000,0.37270000,0.37310000,0.37260000,0.37300000,60446.80000000,1725861599999,22536.96976000,240,37578.70000000,14011.53757000,0
1725861600000,0.37300000,0.37360000,0.37280000,0.37330000,108928.70000000,1725861899999,40646.26474000,275,51519.20000000,19225.13774000,0
1725861900000,0.37330000,0.37360000,0.37320000,0.37350000,64398.30000000,1725862199999,24049.00448000,178,32478.20000000,12129.15064000,0
1725862200000,0.37350000,0.37380000,0.37330000,0.37360000,110296.60000000,1725862499999,41206.24061000,208,70320.10000000,26272.70728000,0
1725862500000,0.37370000,0.37440000,0.37350000,0.37360000,315175.90000000,1725862799999,117847.71506000,681,165898.30000000,62049.11286000,0
1725862800000,0.37370000,0.37370000,0.37300000,0.37300000,63876.10000000,1725863099999,23846.47181000,298,32747.50000000,12226.51713000,0
1725863100000,0.37320000,0.37350000,0.37290000,0.37330000,93823.10000000,1725863399999,35020.86010000,241,48832.20000000,18229.19986000,0
1725863400000,0.37330000,0.37400000,0.37310000,0.37400000,171409.30000000,1725863699999,63999.20424000,257,131038.60000000,48919.91114000,0
1725863700000,0.37380000,0.37480000,0.37380000,0.37460000,264359.60000000,1725863999999,98932.39298000,490,153777.10000000,57546.75034000,0
1725864000000,0.37460000,0.37470000,0.37380000,0.37400000,93508.50000000,1725864299999,34980.88604000,334,51404.30000000,19227.69612000,0
1725864300000,0.37410000,0.37420000,0.37380000,0.37400000,85678.80000000,1725864599999,32042.33332000,291,43196.60000000,16156.28423000,0
1725864600000,0.37420000,0.37430000,0.37390000,0.37410000,132986.70000000,1725864899999,49751.78100000,290,59238.00000000,22163.04184000,0
1725864900000,0.37400000,0.37500000,0.37400000,0.37480000,158897.70000000,1725865199999,59513.02520000,370,98791.60000000,37001.75007000,0
1725865200000,0.37500000,0.37530000,0.37470000,0.37470000,101188.30000000,1725865499999,37938.83869000,286,41586.80000000,15593.44840000,0
1725865500000,0.37480000,0.37500000,0.37370000,0.37390000,154657.10000000,1725865799999,57866.59897000,521,87356.50000000,32683.14598000,0
1725865800000,0.37390000,0.37460000,0.37380000,0.37440000,65114.10000000,1725866099999,24362.81955000,264,33227.60000000,12431.86283000,0
1725866100000,0.37450000,0.37520000,0.37430000,0.37510000,229861.70000000,1725866399999,86152.86231000,436,78733.90000000,29506.49002000,0
1725866400000,0.37510000,0.37560000,0.37470000,0.37550000,467821.80000000,1725866699999,175469.70005000,852,153386.50000000,57530.68695000,0
1725866700000,0.37550000,0.37550000,0.37510000,0.37550000,49833.70000000,1725866999999,18704.33708000,130,21763.10000000,8167.97421000,0
1725867000000,0.37550000,0.37610000,0.37510000,0.37570000,233822.10000000,1725867299999,87828.58410000,416,191222.20000000,71827.10848000,0
1725867300000,0.37580000,0.37610000,0.37490000,0.37600000,533543.10000000,1725867599999,200312.26606000,1084,312766.40000000,117424.78644000,0
1725867600000,0.37600000,0.37650000,0.37590000,0.37640000,281863.20000000,1725867899999,106038.36886000,775,115429.80000000,43424.16909000,0
1725867900000,0.37640000,0.37650000,0.37610000,0.37630000,50085.50000000,1725868199999,18849.58514000,136,15750.60000000,5928.23954000,0
1725868200000,0.37630000,0.37650000,0.37620000,0.37630000,47201.60000000,1725868499999,17765.79161000,128,34882.50000000,13129.78371000,0
1725868500000,0.37640000,0.37760000,0.37620000,0.37660000,188180.90000000,1725868799999,70890.25325000,432,116223.50000000,43789.08245000,0
1725868800000,0.37670000,0.37730000,0.37660000,0.37700000,156099.50000000,1725869099999,58835.00553000,501,66620.60000000,25109.75334000,0
1725869100000,0.37710000,0.37790000,0.37700000,0.37770000,203374.40000000,1725869399999,76749.10254000,503,129669.00000000,48934.57203000,0
1725869400000,0.37790000,0.37810000,0.37760000,0.37810000,85333.10000000,1725869699999,32242.52932000,287,55386.60000000,20929.22379000,0
1725869700000,0.37790000,0.37810000,0.37750000,0.37800000,99178.50000000,1725869999999,37463.91166000,416,48994.90000000,18508.16059000,0
1725870000000,0.37810000,0.37820000,0.37750000,0.37790000,235551.80000000,1725870299999,89006.17217000,388,36918.70000000,13956.57813000,0
1725870300000,0.37790000,0.37860000,0.37750000,0.37850000,628601.10000000,1725870599999,237621.46495000,1070,473970.00000000,179174.13321000,0
1725870600000,0.37850000,0.37930000,0.37800000,0.37810000,537034.30000000,1725870899999,203401.46308000,814,315476.10000000,119478.67068000,0
1725870900000,0.37800000,0.37840000,0.37760000,0.37780000,236547.10000000,1725871199999,89409.34020000,877,119513.70000000,45177.53197000,0
1725871200000,0.37770000,0.37800000,0.37760000,0.37790000,62862.90000000,1725871499999,23749.05138000,222,26600.70000000,10051.15250000,0
1725871500000,0.37770000,0.37850000,0.37750000,0.37830000,441256.80000000,1725871799999,166776.55288000,1207,216008.10000000,81658.66464000,0
1725871800000,0.37830000,0.37850000,0.37760000,0.37790000,116493.00000000,1725872099999,44041.06094000,343,24900.40000000,9415.16052000,0
1725872100000,0.37790000,0.37850000,0.37790000,0.37840000,89594.50000000,1725872399999,33882.08068000,282,53786.50000000,20341.64881000,0
1725872400000,0.37840000,0.37860000,0.37760000,0.37810000,252087.90000000,1725872699999,95336.89438000,626,85783.00000000,32452.62627000,0
1725872700000,0.37810000,0.37950000,0.37810000,0.37910000,417140.60000000,1725872999999,157921.84296000,1106,236937.50000000,89711.24576000,0
1725873000000,0.37920000,0.37930000,0.37790000,0.37810000,315547.10000000,1725873299999,119434.06349000,934,115750.80000000,43809.71712000,0
1725873300000,0.37830000,0.37880000,0.37810000,0.37860000,282352.30000000,1725873599999,106857.32244000,642,104496.50000000,39545.23466000,0
1725873600000,0.37870000,0.37910000,0.37860000,0.37880000,173871.70000000,1725873899999,65870.18812000,367,63403.70000000,24023.54322000,0
1725873900000,0.37890000,0.37890000,0.37850000,0.37870000,38699.70000000,1725874199999,14654.63183000,156,19369.80000000,7335.75415000,0
1725874200000,0.37880000,0.37920000,0.37870000,0.37910000,72560.90000000,1725874499999,27496.06748000,183,36991.60000000,14016.75859000,0
1725874500000,0.37940000,0.37970000,0.37780000,0.37780000,636225.40000000,1725874799999,241156.82491000,1441,231229.60000000,87640.90674000,0
1725874800000,0.37780000,0.37860000,0.37780000,0.37820000,198983.10000000,1725875099999,75266.54143000,391,91021.40000000,34423.60097000,0
1725875100000,0.37820000,0.37820000,0.37760000,0.37780000,40394.20000000,1725875399999,15268.03157000,108,20040.70000000,7575.14114000,0
1725875400000,0.37780000,0.37790000,0.37650000,0.37720000,313278.80000000,1725875699999,118133.94202000,749,178695.70000000,67386.76992000,0
1725875700000,0.37720000,0.37730000,0.37700000,0.37700000,204948.80000000,1725875999999,77274.48181000,160,24468.50000000,9227.46425000,0
1725876000000,0.37700000,0.37730000,0.37640000,0.37700000,243426.20000000,1725876299999,91730.47381000,404,86091.80000000,32442.33512000,0
1725876300000,0.37700000,0.37790000,0.37680000,0.37770000,225537.70000000,1725876599999,85123.98027000,517,144398.00000000,54496.71849000,0
1725876600000,0.37770000,0.37790000,0.37730000,0.37740000,118602.60000000,1725876899999,44782.95355000,225,40722.30000000,15377.07186000,0
1725876900000,0.37750000,0.37800000,0.37750000,0.37790000,56610.50000000,1725877199999,21380.29763000,162,31090.10000000,11741.45655000,0
1725877200000,0.37790000,0.37800000,0.37770000,0.37790000,95745.30000000,1725877499999,36177.94857000,186,43895.40000000,16587.43064000,0
1725877500000,0.37780000,0.37820000,0.37770000,0.37800000,131837.20000000,1725877799999,49838.68553000,398,75130.10000000,28402.82861000,0
1725877800000,0.37810000,0.37810000,0.37760000,0.37770000,250511.40000000,1725878099999,94666.12343000,591,101070.50000000,38190.36705000,0
1725878100000,0.37780000,0.37800000,0.37770000,0.37770000,77037.40000000,1725878399999,29108.28320000,270,46752.30000000,17665.53873000,0
1725878400000,0.37780000,0.37790000,0.37730000,0.37740000,157870.70000000,1725878699999,59614.29429000,475,67773.60000000,25593.11585000,0
1725878700000,0.37740000,0.37790000,0.37730000,0.37770000,96844.10000000,1725878999999,36578.34971000,335,47631.80000000,17990.52504000,0
1725879000000,0.37780000,0.37790000,0.37740000,0.37750000,92406.60000000,1725879299999,34899.85639000,246,43811.30000000,16548.84177000,0
1725879300000,0.37740000,0.37750000,0.37700000,0.37710000,30138.90000000,1725879599999,11372.04583000,104,7489.70000000,2826.27265000,0
1725879600000,0.37710000,0.37720000,0.37670000,0.37680000,88775.10000000,1725879899999,33466.56881000,233,47985.00000000,18091.07173000,0
1725879900000,0.37680000,0.37680000,0.37610000,0.37670000,121568.50000000,1725880199999,45762.27971000,323,54815.30000000,20638.32673000,0
1725880200000,0.37670000,0.37720000,0.37660000,0.37660000,111246.80000000,1725880499999,41937.92719000,376,48977.90000000,18466.58367000,0
1725880500000,0.37660000,0.37660000,0.37600000,0.37630000,131669.40000000,1725880799999,49551.67732000,457,81400.20000000,30635.73666000,0
1725880800000,0.37620000,0.37640000,0.37580000,0.37620000,280048.30000000,1725881099999,105327.49472000,1070,150837.40000000,56732.65415000,0
1725881100000,0.37620000,0.37670000,0.37610000,0.37660000,141579.00000000,1725881399999,53304.11539000,308,119548.90000000,45009.21107000,0
1725881400000,0.37670000,0.37690000,0.37650000,0.37670000,43499.60000000,1725881699999,16383.73339000,130,21870.20000000,8237.73504000,0
1725881700000,0.37660000,0.37670000,0.37580000,0.37590000,269998.30000000,1725881999999,101575.03022000,635,136642.20000000,51400.21005000,0
1725882000000,0.37590000,0.37610000,0.37570000,0.37600000,197374.50000000,1725882299999,74200.96301000,861,117334.90000000,44111.97076000,0
1725882300000,0.37600000,0.37610000,0.37580000,0.37600000,26192.20000000,1725882599999,9847.76087000,124,15567.50000000,5853.58205000,0
1725882600000,0.37590000,0.37610000,0.37570000,0.37580000,90009.60000000,1725882899999,33834.43974000,239,47551.70000000,17876.48102000,0
1725882900000,0.37590000,0.37610000,0.37590000,0.37600000,47745.40000000,1725883199999,17953.13104000,175,36841.60000000,13854.21845000,0
1725883200000,0.37610000,0.37650000,0.37590000,0.37630000,78379.80000000,1725883499999,29484.79726000,131,39113.90000000,14713.73571000,0
1725883500000,0.37630000,0.37660000,0.37550000,0.37590000,163054.60000000,1725883799999,61329.29178000,364,67108.20000000,25245.25772000,0
1725883800000,0.37580000,0.37600000,0.37540000,0.37580000,143879.50000000,1725884099999,54059.96702000,263,72252.80000000,27147.87255000,0
1725884100000,0.37580000,0.37600000,0.37570000,0.37580000,25827.50000000,1725884399999,9707.67895000,192,8075.80000000,3035.73025000,0
1725884400000,0.37580000,0.37610000,0.37540000,0.37560000,245969.20000000,1725884699999,92416.28276000,768,70473.90000000,26477.57860000,0
1725884700000,0.37540000,0.37560000,0.37450000,0.37450000,129249.80000000,1725884999999,48469.23302000,364,60206.40000000,22580.17631000,0
1725885000000,0.37460000,0.37520000,0.37430000,0.37500000,157900.90000000,1725885299999,59145.37783000,614,63451.90000000,23768.35385000,0
1725885300000,0.37500000,0.37560000,0.37500000,0.37520000,140783.30000000,1725885599999,52820.24842000,383,60730.50000000,22788.43581000,0
1725885600000,0.37530000,0.37550000,0.37500000,0.37540000,39561.90000000,1725885899999,14846.14731000,197,18419.00000000,6912.75494000,0
1725885900000,0.37540000,0.37540000,0.37510000,0.37530000,22168.40000000,1725886199999,8318.67075000,103,11335.90000000,4253.76987000,0
1725886200000,0.37530000,0.37590000,0.37520000,0.37590000,210949.30000000,1725886499999,79208.36271000,402,125130.30000000,46985.26866000,0
1725886500000,0.37590000,0.37650000,0.37570000,0.37640000,115313.50000000,1725886799999,43380.09965000,426,52418.10000000,19719.40553000,0
1725886800000,0.37640000,0.37640000,0.37500000,0.37520000,306681.50000000,1725887099999,115135.33480000,772,96998.90000000,36417.10811000,0
1725887100000,0.37520000,0.37570000,0.37500000,0.37560000,133636.10000000,1725887399999,50167.95328000,325,81300.10000000,30522.44925000,0
1725887400000,0.37560000,0.37570000,0.37530000,0.37550000,25751.50000000,1725887699999,9669.62435000,130,10252.80000000,3850.58760000,0
1725887700000,0.37550000,0.37650000,0.37530000,0.37640000,157424.80000000,1725887999999,59186.71754000,407,87871.90000000,33042.51809000,0
1725888000000,0.37630000,0.37660000,0.37530000,0.37540000,258916.10000000,1725888299999,97329.79294000,743,118708.60000000,44623.75157000,0
1725888300000,0.37540000,0.37550000,0.37490000,0.37510000,163287.50000000,1725888599999,61261.10066000,667,51639.60000000,19377.96416000,0
1725888600000,0.37520000,0.37620000,0.37490000,0.37590000,196848.20000000,1725888899999,73920.28280000,702,109883.00000000,41255.97680000,0
1725888900000,0.37590000,0.37620000,0.37530000,0.37620000,238424.20000000,1725889199999,89568.97999000,807,127148.00000000,47767.04722000,0
1725889200000,0.37600000,0.37620000,0.37550000,0.37590000,220901.40000000,1725889499999,83020.36609000,634,94042.30000000,35341.35410000,0
1725889500000,0.37590000,0.37600000,0.37490000,0.37550000,251567.10000000,1725889799999,94449.71746000,847,135442.20000000,50852.59939000,0
1725889800000,0.37560000,0.37670000,0.37550000,0.37630000,203390.40000000,1725890099999,76492.25027000,632,131948.20000000,49630.49295000,0
1725890100000,0.37630000,0.37730000,0.37630000,0.37700000,116517.50000000,1725890399999,43908.85097000,527,70910.40000000,26721.77102000,0
1725890400000,0.37690000,0.37720000,0.37610000,0.37670000,260695.80000000,1725890699999,98188.77963000,1044,113428.10000000,42720.89844000,0
1725890700000,0.37650000,0.37650000,0.37600000,0.37620000,236892.50000000,1725890999999,89103.47590000,647,42160.70000000,15860.08021000,0
1725891000000,0.37620000,0.37630000,0.37500000,0.37510000,307651.70000000,1725891299999,115589.45633000,549,129446.40000000,48642.99427000,0
1725891300000,0.37520000,0.37570000,0.37400000,0.37430000,974823.10000000,1725891599999,365332.98549000,2689,345338.50000000,129440.13961000,0
1725891600000,0.37440000,0.37480000,0.37410000,0.37450000,103060.00000000,1725891899999,38586.01673000,363,52002.60000000,19468.64628000,0
1725891900000,0.37460000,0.37470000,0.37440000,0.37440000,34790.50000000,1725892199999,13027.61728000,127,4677.50000000,1751.94982000,0
1725892200000,0.37450000,0.37450000,0.37280000,0.37300000,266526.20000000,1725892499999,99527.85146000,756,110747.50000000,41349.35644000,0
1725892500000,0.37300000,0.37330000,0.37230000,0.37270000,242110.60000000,1725892799999,90265.42706000,938,120607.90000000,44967.56688000,0
1725892800000,0.37270000,0.37310000,0.37240000,0.37290000,172409.50000000,1725893099999,64277.62566000,435,95701.20000000,35680.73121000,0
1725893100000,0.37290000,0.37310000,0.37250000,0.37280000,225317.10000000,1725893399999,83985.07190000,558,120599.80000000,44951.64927000,0
1725893400000,0.37270000,0.37280000,0.37230000,0.37240000,100669.20000000,1725893699999,37505.55211000,457,55376.30000000,20632.93668000,0
1725893700000,0.37260000,0.37320000,0.37210000,0.37220000,220595.30000000,1725893999999,82214.28411000,525,131531.90000000,49022.56302000,0
1725894000000,0.37220000,0.37340000,0.37210000,0.37320000,264297.60000000,1725894299999,98557.26670000,666,131562.30000000,49065.28260000,0
1725894300000,0.37320000,0.37470000,0.37310000,0.37440000,322504.00000000,1725894599999,120591.58879000,821,195306.60000000,73033.40688000,0
1725894600000,0.37430000,0.37450000,0.37230000,0.37250000,341957.50000000,1725894899999,127714.21131000,802,138497.20000000,51729.62586000,0
1725894900000,0.37240000,0.37300000,0.37220000,0.37290000,107558.30000000,1725895199999,40076.70548000,285,40681.20000000,15161.64711000,0
1725895200000,0.37300000,0.37390000,0.37290000,0.37350000,123267.70000000,1725895499999,46022.93279000,468,79779.10000000,29787.24588000,0
1725895500000,0.37360000,0.37400000,0.37340000,0.37380000,72148.00000000,1725895799999,26964.46228000,296,39004.10000000,14579.66254000,0
1725895800000,0.37370000,0.37440000,0.37370000,0.37420000,112841.50000000,1725896099999,42215.02624000,371,77837.40000000,29120.33528000,0
1725896100000,0.37400000,0.37420000,0.37380000,0.37400000,52717.20000000,1725896399999,19714.94599000,259,33834.20000000,12653.81954000,0
1725896400000,0.37410000,0.37410000,0.37350000,0.37360000,70863.00000000,1725896699999,26482.81752000,246,43703.80000000,16332.73755000,0
1725896700000,0.37360000,0.37430000,0.37340000,0.37410000,152001.10000000,1725896999999,56842.33587000,441,91145.40000000,34090.34822000,0
1725897000000,0.37420000,0.37440000,0.37350000,0.37370000,132203.20000000,1725897299999,49450.81656000,371,77351.80000000,28933.73417000,0
1725897300000,0.37370000,0.37400000,0.37350000,0.37380000,128213.70000000,1725897599999,47925.09879000,304,84483.40000000,31579.97214000,0
1725897600000,0.37380000,0.37450000,0.37360000,0.37440000,176372.70000000,1725897899999,65953.10315000,397,94342.20000000,35286.85571000,0
1725897900000,0.37450000,0.37520000,0.37430000,0.37520000,130116.20000000,1725898199999,48775.56657000,371,77184.40000000,28936.54091000,0
1725898200000,0.37520000,0.37930000,0.37510000,0.37800000,1760086.00000000,1725898499999,664527.93930000,3891,943218.70000000,356198.44435000,0
1725898500000,0.37800000,0.37860000,0.37750000,0.37780000,612383.70000000,1725898799999,231482.72296000,1581,296584.30000000,112123.48339000,0
1725898800000,0.37790000,0.38110000,0.37780000,0.37880000,984745.70000000,1725899099999,373404.70905000,2371,510607.40000000,193610.82407000,0
1725899100000,0.37890000,0.37980000,0.37880000,0.37950000,222354.90000000,1725899399999,84360.58105000,653,113185.50000000,42942.09068000,0
1725899400000,0.37960000,0.38050000,0.37910000,0.37930000,196615.30000000,1725899699999,74666.41476000,407,101321.90000000,38477.27496000,0
1725899700000,0.37950000,0.37960000,0.37790000,0.37820000,242941.20000000,1725899999999,91967.71200000,810,93778.50000000,35501.54989000,0
1725900000000,0.37810000,0.38420000,0.37810000,0.38210000,690100.30000000,1725900299999,263220.34201000,2061,429241.10000000,163694.54832000,0
1725900300000,0.38220000,0.38380000,0.38170000,0.38340000,345395.30000000,1725900599999,132290.92176000,1011,162116.80000000,62087.03878000,0
1725900600000,0.38350000,0.38500000,0.38280000,0.38320000,446252.50000000,1725900899999,171410.81898000,1287,221701.80000000,85173.43078000,0
1725900900000,0.38300000,0.38370000,0.38200000,0.38220000,248899.90000000,1725901199999,95304.76740000,834,155306.00000000,59470.66123000,0
1725901200000,0.38230000,0.38420000,0.38200000,0.38330000,413801.00000000,1725901499999,158559.88303000,915,210298.60000000,80569.84030000,0
1725901500000,0.38330000,0.38570000,0.38330000,0.38550000,501946.00000000,1725901799999,193160.92328000,799,327744.90000000,126104.79670000,0
1725901800000,0.38550000,0.38560000,0.38350000,0.38380000,437862.20000000,1725902099999,168534.73174000,463,117291.40000000,45148.44194000,0
1725902100000,0.38380000,0.38450000,0.38350000,0.38410000,216645.70000000,1725902399999,83199.39054000,484,118499.40000000,45512.42324000,0
1725902400000,0.38410000,0.38420000,0.38300000,0.38330000,230648.40000000,1725902699999,88470.62144000,420,84644.20000000,32464.85566000,0
1725902700000,0.38300000,0.38320000,0.38270000,0.38280000,124628.90000000,1725902999999,47733.77006000,180,55064.20000000,21091.46318000,0
1725903000000,0.38270000,0.38290000,0.38060000,0.38210000,457683.80000000,1725903299999,174841.78628000,641,217548.10000000,83135.51926000,0
1725903300000,0.38210000,0.38410000,0.38080000,0.38260000,652533.80000000,1725903599999,249548.17617000,995,310541.50000000,118772.74912000,0
1725903600000,0.38260000,0.38300000,0.38180000,0.38190000,172665.00000000,1725903899999,66038.73926000,196,99321.30000000,37995.30973000,0
1725903900000,0.38200000,0.38310000,0.38190000,0.38310000,94518.60000000,1725904199999,36167.98810000,153,40994.50000000,15689.73171000,0
1725904200000,0.38310000,0.38310000,0.38230000,0.38230000,47910.50000000,1725904499999,18326.32276000,97,21530.00000000,8235.25890000,0
1725904500000,0.38230000,0.38250000,0.38200000,0.38210000,136243.90000000,1725904799999,52085.70454000,186,86994.20000000,33260.37494000,0
1725904800000,0.38220000,0.38270000,0.38220000,0.38240000,174576.60000000,1725905099999,66761.70353000,210,115834.00000000,44302.11411000,0
1725905100000,0.38230000,0.38290000,0.38050000,0.38290000,356472.00000000,1725905399999,136202.65301000,341,214497.10000000,81985.56329000,0
1725905400000,0.38290000,0.38370000,0.38270000,0.38290000,106981.50000000,1725905699999,40982.09025000,200,22280.50000000,8540.35073000,0
1725905700000,0.38310000,0.38380000,0.38280000,0.38290000,131991.50000000,1725905999999,50586.79422000,156,59217.20000000,22696.03879000,0
1725906000000,0.38280000,0.38290000,0.38240000,0.38270000,52524.10000000,1725906299999,20098.92743000,110,24271.30000000,9289.05702000,0
1725906300000,0.38260000,0.38300000,0.38220000,0.38240000,174387.20000000,1725906599999,66730.83996000,335,94693.60000000,36239.73169000,0
1725906600000,0.38240000,0.38250000,0.38180000,0.38190000,71426.30000000,1725906899999,27294.22930000,410,36909.90000000,14108.47301000,0
1725906900000,0.38190000,0.38230000,0.38180000,0.38200000,107745.00000000,1725907199999,41158.10634000,117,82416.30000000,31482.17349000,0
1725907200000,0.38200000,0.38240000,0.38160000,0.38230000,111296.80000000,1725907499999,42503.78159000,128,51880.00000000,19816.17677000,0
1725907500000,0.38230000,0.38250000,0.38200000,0.38240000,100549.90000000,1725907799999,38442.15870000,128,57550.80000000,22005.95157000,0
1725907800000,0.38230000,0.38300000,0.38230000,0.38240000,336010.50000000,1725908099999,128545.59829000,181,260497.80000000,99651.28214000,0
1725908100000,0.38240000,0.38250000,0.38110000,0.38140000,307662.40000000,1725908399999,117478.71377000,332,152311.60000000,58146.46131000,0
1725908400000,0.38140000,0.38180000,0.38100000,0.38170000,100055.10000000,1725908699999,38156.54425000,128,48679.50000000,18561.78265000,0
1725908700000,0.38150000,0.38270000,0.38150000,0.38260000,84501.40000000,1725908999999,32292.54106000,132,34927.60000000,13346.23935000,0
1725909000000,0.38260000,0.38270000,0.38190000,0.38190000,159208.50000000,1725909299999,60864.60714000,163,72366.10000000,27666.05241000,0
1725909300000,0.38190000,0.38220000,0.38170000,0.38200000,95945.70000000,1725909599999,36641.80648000,129,54828.80000000,20939.83781000,0
1725909600000,0.38200000,0.38220000,0.38180000,0.38200000,189109.60000000,1725909899999,72247.28350000,119,53882.40000000,20583.63940000,0
1725909900000,0.38210000,0.38280000,0.38190000,0.38270000,148225.70000000,1725910199999,56672.82397000,142,106210.90000000,40607.66588000,0
1725910200000,0.38270000,0.38290000,0.38240000,0.38260000,39344.80000000,1725910499999,15056.58743000,89,25447.90000000,9739.34934000,0
1725910500000,0.38270000,0.38310000,0.38140000,0.38140000,342919.70000000,1725910799999,131075.87390000,352,192627.80000000,73651.90058000,0
1725910800000,0.38140000,0.38230000,0.38140000,0.38170000,226833.40000000,1725911099999,86604.94421000,265,112142.60000000,42819.51177000,0
1725911100000,0.38160000,0.38240000,0.38150000,0.38240000,600031.00000000,1725911399999,229191.21106000,268,243899.50000000,93143.32217000,0
1725911400000,0.38250000,0.38300000,0.38210000,0.38280000,302185.10000000,1725911699999,115629.51084000,314,184662.30000000,70656.74057000,0
1725911700000,0.38280000,0.38450000,0.38250000,0.38330000,525365.20000000,1725911999999,201457.99614000,534,321958.40000000,123501.06434000,0
1725912000000,0.38330000,0.38350000,0.38190000,0.38200000,276350.60000000,1725912299999,105798.87361000,424,110314.20000000,42227.36510000,0
1725912300000,0.38210000,0.38260000,0.38180000,0.38250000,151915.70000000,1725912599999,58071.15087000,239,81151.50000000,31025.83067000,0
1725912600000,0.38250000,0.38260000,0.38150000,0.38150000,151998.10000000,1725912899999,58081.43440000,202,55336.90000000,21144.09766000,0
1725912900000,0.38150000,0.38300000,0.38150000,0.38270000,188438.10000000,1725913199999,72065.00936000,248,117972.50000000,45119.16419000,0
1725913200000,0.38280000,0.38300000,0.38190000,0.38190000,154168.60000000,1725913499999,58959.14648000,140,88691.60000000,33920.34871000,0
1725913500000,0.38190000,0.38200000,0.38170000,0.38170000,48311.60000000,1725913799999,18446.76464000,86,13506.00000000,5157.78073000,0
1725913800000,0.38170000,0.38250000,0.38160000,0.38210000,82681.80000000,1725914099999,31582.19723000,101,39999.50000000,15280.00135000,0
1725914100000,0.38220000,0.38250000,0.38190000,0.38200000,105478.00000000,1725914399999,40317.01767000,144,49177.10000000,18801.14144000,0
1725914400000,0.38210000,0.38230000,0.38200000,0.38210000,32124.50000000,1725914699999,12276.16001000,130,13266.50000000,5070.09499000,0
1725914700000,0.38210000,0.38240000,0.38200000,0.38230000,40474.60000000,1725914999999,15468.64564000,104,28482.10000000,10885.67147000,0
1725915000000,0.38220000,0.38230000,0.38150000,0.38200000,187417.60000000,1725915299999,71583.28348000,268,78248.20000000,29894.97186000,0
1725915300000,0.38200000,0.38230000,0.38150000,0.38210000,260376.40000000,1725915599999,99430.32633000,221,72358.00000000,27624.18315000,0
1725915600000,0.38200000,0.38220000,0.38060000,0.38180000,243590.70000000,1725915899999,92934.66433000,249,149982.70000000,57215.69606000,0
1725915900000,0.38190000,0.38290000,0.38190000,0.38220000,77357.50000000,1725916199999,29575.37329000,158,43744.80000000,16726.84723000,0
1725916200000,0.38220000,0.38450000,0.38220000,0.38450000,123476.80000000,1725916499999,47360.82518000,247,84533.80000000,32429.95152000,0
1725916500000,0.38420000,0.38470000,0.38360000,0.38450000,1756330.10000000,1725916799999,675290.71728000,832,1466101.80000000,563746.00498000,0
1725916800000,0.38450000,0.38470000,0.38250000,0.38270000,501910.60000000,1725917099999,192503.64067000,433,251072.50000000,96297.51015000,0
1725917100000,0.38280000,0.38400000,0.38270000,0.38360000,295509.60000000,1725917399999,113246.64198000,273,157513.10000000,60371.22222000,0
1725917400000,0.38350000,0.38460000,0.38330000,0.38420000,256448.40000000,1725917699999,98403.31475000,315,137669.70000000,52838.73060000,0
1725917700000,0.38420000,0.38460000,0.38380000,0.38440000,115075.90000000,1725917999999,44217.63456000,191,53947.00000000,20734.34582000,0
1725918000000,0.38430000,0.38460000,0.38360000,0.38360000,191420.10000000,1725918299999,73536.17020000,232,37625.20000000,14461.92942000,0
1725918300000,0.38380000,0.38450000,0.38310000,0.38380000,122565.60000000,1725918599999,47034.43259000,128,89923.20000000,34515.72007000,0
1725918600000,0.38400000,0.38470000,0.38400000,0.38440000,265114.40000000,1725918899999,101957.58545000,234,223993.00000000,86150.85993000,0
1725918900000,0.38430000,0.38470000,0.38420000,0.38420000,79672.60000000,1725919199999,30635.78292000,87,36628.70000000,14087.99923000,0
1725919200000,0.38430000,0.38470000,0.38420000,0.38460000,55304.60000000,1725919499999,21266.35116000,105,41448.50000000,15940.06802000,0
1725919500000,0.38450000,0.38470000,0.38390000,0.38420000,273109.70000000,1725919799999,104951.23908000,306,133324.50000000,51246.25366000,0
1725919800000,0.38420000,0.38420000,0.38370000,0.38400000,229975.30000000,1725920099999,88323.42366000,262,68212.10000000,26197.72419000,0
1725920100000,0.38410000,0.38420000,0.38290000,0.38420000,161847.90000000,1725920399999,62076.91815000,219,85243.00000000,32702.31347000,0
1725920400000,0.38420000,0.38440000,0.38400000,0.38400000,110568.10000000,1725920699999,42486.42854000,179,46970.60000000,18051.83710000,0
1725920700000,0.38410000,0.38410000,0.38350000,0.38360000,36960.20000000,1725920999999,14182.74526000,99,10769.70000000,4133.98908000,0
1725921000000,0.38360000,0.38380000,0.38340000,0.38350000,87718.40000000,1725921299999,33646.03540000,119,15552.30000000,5965.79913000,0
1725921300000,0.38360000,0.38370000,0.38330000,0.38330000,64764.20000000,1725921599999,24833.20776000,104,19136.10000000,7338.81984000,0
1725921600000,0.38330000,0.38350000,0.38300000,0.38320000,38650.80000000,1725921899999,14814.42234000,76,7050.60000000,2702.94050000,0
1725921900000,0.38320000,0.38340000,0.38310000,0.38330000,17106.50000000,1725922199999,6555.99954000,63,6735.00000000,2581.86560000,0
1725922200000,0.38310000,0.38340000,0.38290000,0.38300000,57928.90000000,1725922499999,22191.96591000,109,22939.20000000,8788.95241000,0
1725922500000,0.38300000,0.38330000,0.38290000,0.38290000,33421.90000000,1725922799999,12802.15701000,79,14240.00000000,5454.93173000,0
1725922800000,0.38290000,0.38330000,0.38270000,0.38310000,69551.70000000,1725923099999,26641.62894000,129,46712.20000000,17893.87815000,0
1725923100000,0.38320000,0.38320000,0.38260000,0.38270000,34859.50000000,1725923399999,13345.98967000,89,14772.90000000,5655.82917000,0
1725923400000,0.38270000,0.38280000,0.38210000,0.38240000,114538.20000000,1725923699999,43804.16539000,182,56776.00000000,21713.66016000,0
1725923700000,0.38230000,0.38320000,0.38220000,0.38290000,170701.70000000,1725923999999,65344.65270000,215,100989.20000000,38662.81236000,0
1725924000000,0.38290000,0.38360000,0.38290000,0.38350000,96696.10000000,1725924299999,37070.10403000,240,78638.70000000,30149.19867000,0
1725924300000,0.38350000,0.38350000,0.38290000,0.38290000,68586.70000000,1725924599999,26286.96683000,105,12588.90000000,4824.21548000,0
1725924600000,0.38280000,0.38310000,0.38280000,0.38300000,73517.90000000,1725924899999,28156.04697000,96,58067.90000000,22239.19672000,0
1725924900000,0.38300000,0.38340000,0.38280000,0.38300000,125872.60000000,1725925199999,48218.02131000,164,64535.00000000,24720.59540000,0
1725925200000,0.38300000,0.38320000,0.38290000,0.38300000,45977.40000000,1725925499999,17613.50348000,72,34810.90000000,13336.05438000,0
1725925500000,0.38300000,0.38300000,0.38230000,0.38250000,42537.10000000,1725925799999,16268.69238000,63,8079.20000000,3090.54673000,0
1725925800000,0.38240000,0.38250000,0.38220000,0.38230000,32418.70000000,1725926099999,12395.94087000,76,20049.60000000,7666.46558000,0
1725926100000,0.38210000,0.38230000,0.38200000,0.38220000,20749.90000000,1725926399999,7928.68605000,54,8724.40000000,3333.85316000,0
1725926400000,0.38210000,0.38260000,0.38210000,0.38220000,126978.70000000,1725926699999,48551.47720000,196,34119.80000000,13047.70011000,0
1725926700000,0.38220000,0.38240000,0.38210000,0.38220000,88882.10000000,1725926999999,33971.18072000,109,18255.90000000,6977.92734000,0
1725927000000,0.38220000,0.38230000,0.38170000,0.38180000,100791.20000000,1725927299999,38487.26079000,144,16474.70000000,6291.07578000,0
1725927300000,0.38170000,0.38200000,0.38090000,0.38110000,237926.40000000,1725927599999,90726.92632000,335,114205.60000000,43538.47553000,0
1725927600000,0.38100000,0.38120000,0.38040000,0.38050000,115830.50000000,1725927899999,44107.02278000,186,61902.60000000,23575.23456000,0
1725927900000,0.38050000,0.38060000,0.37970000,0.37990000,130437.10000000,1725928199999,49596.51673000,247,48695.10000000,18522.08796000,0
1725928200000,0.37980000,0.38050000,0.37780000,0.37990000,366907.70000000,1725928499999,139131.47757000,534,197235.30000000,74833.12848000,0
1725928500000,0.37990000,0.38080000,0.37990000,0.38070000,54279.90000000,1725928799999,20635.01372000,79,40643.90000000,15449.77956000,0
1725928800000,0.38080000,0.38100000,0.38060000,0.38070000,64041.10000000,1725929099999,24385.41634000,104,42964.80000000,16361.35408000,0
1725929100000,0.38080000,0.38090000,0.38010000,0.38040000,71903.80000000,1725929399999,27354.25726000,133,45574.00000000,17338.47179000,0
1725929400000,0.38050000,0.38060000,0.38020000,0.38040000,75208.60000000,1725929699999,28610.68381000,113,33200.90000000,12631.37785000,0
1725929700000,0.38030000,0.38090000,0.38030000,0.38080000,86732.00000000,1725929999999,33019.07386000,223,59864.10000000,22789.14899000,0
1725930000000,0.38080000,0.38080000,0.38040000,0.38040000,100861.80000000,1725930299999,38392.23833000,101,40595.30000000,15453.60407000,0
1725930300000,0.38040000,0.38050000,0.38020000,0.38030000,66601.50000000,1725930599999,25331.36483000,138,30698.10000000,11677.82264000,0
1725930600000,0.38030000,0.38050000,0.38020000,0.38020000,31903.10000000,1725930899999,12134.76645000,173,27104.30000000,10309.62789000,0
1725930900000,0.38020000,0.38040000,0.38020000,0.38020000,18471.60000000,1725931199999,7024.51194000,109,6534.00000000,2485.06891000,0
1725931200000,0.38030000,0.38030000,0.37940000,0.37950000,96066.20000000,1725931499999,36506.36903000,156,35782.20000000,13595.81628000,0
1725931500000,0.37950000,0.38000000,0.37950000,0.37970000,245294.00000000,1725931799999,93159.27698000,186,165869.50000000,63002.25794000,0
1725931800000,0.37970000,0.38000000,0.37770000,0.37920000,575787.50000000,1725932099999,218061.49582000,488,323645.20000000,122532.93858000,0
1725932100000,0.37920000,0.37980000,0.37900000,0.37900000,152069.90000000,1725932399999,57669.57211000,172,29519.00000000,11197.62751000,0
1725932400000,0.37900000,0.38030000,0.37740000,0.37950000,519149.20000000,1725932699999,196678.76532000,564,208815.20000000,79141.78877000,0
1725932700000,0.37940000,0.37940000,0.37830000,0.37860000,86966.00000000,1725932999999,32935.19991000,248,42628.20000000,16140.33124000,0
1725933000000,0.37850000,0.37920000,0.37840000,0.37920000,46790.60000000,1725933299999,17726.00671000,156,36667.70000000,13891.89084000,0
1725933300000,0.37930000,0.37950000,0.37880000,0.37930000,181844.50000000,1725933599999,68939.03487000,351,68147.50000000,25841.90878000,0
1725933600000,0.37930000,0.37960000,0.37840000,0.37850000,148284.00000000,1725933899999,56189.31964000,245,62093.30000000,23532.20889000,0
1725933900000,0.37850000,0.37880000,0.37840000,0.37840000,62801.40000000,1725934199999,23775.26289000,89,40028.60000000,15154.47481000,0
1725934200000,0.37840000,0.37910000,0.37820000,0.37840000,97568.50000000,1725934499999,36947.88590000,121,50618.20000000,19169.82404000,0
1725934500000,0.37830000,0.37890000,0.37830000,0.37890000,61969.50000000,1725934799999,23460.65977000,89,41066.90000000,15547.55484000,0
1725934800000,0.37880000,0.37880000,0.37800000,0.37820000,33270.00000000,1725935099999,12588.92103000,81,23039.20000000,8715.95718000,0
1725935100000,0.37810000,0.37850000,0.37800000,0.37850000,59491.20000000,1725935399999,22506.18166000,101,37024.40000000,14008.52049000,0
1725935400000,0.37850000,0.37920000,0.37830000,0.37920000,136624.00000000,1725935699999,51757.65171000,196,90185.90000000,34167.34523000,0
1725935700000,0.37920000,0.37950000,0.37920000,0.37950000,40974.90000000,1725935999999,15539.65095000,49,5926.10000000,2247.67975000,0
1725936000000,0.37930000,0.37970000,0.37920000,0.37940000,11745.20000000,1725936299999,4456.31620000,64,5438.30000000,2063.61656000,0
1725936300000,0.37950000,0.37960000,0.37920000,0.37940000,28190.10000000,1725936599999,10695.38621000,80,13511.50000000,5128.56960000,0
1725936600000,0.37940000,0.37960000,0.37910000,0.37920000,12248.00000000,1725936899999,4645.79767000,50,5669.30000000,2151.02044000,0
1725936900000,0.37940000,0.37960000,0.37910000,0.37940000,117687.80000000,1725937199999,44625.90770000,85,7124.60000000,2703.03368000,0
